variant,drug,gene,source,level,category
rs1801133,methotrexate,MTHFR,ClinVar,CV,toxicity
rs1553153231,akt1 inhibitor,ARID1A,ClinVar,CV,response
rs2235544,levothyroxine,DIO1,ClinVar,CV,response
1:93646418:C:T,thalidomide,CCDC18,ClinVar,CV,response
rs1801268,fluorouracil,DPYD,ClinVar,CV,response
rs67376798,tegafur,DPYD,ClinVar,CV,toxicity
rs67376798,capecitabine,DPYD,ClinVar,CV,toxicity
rs67376798,fluorouracil,DPYD,ClinVar,CV,toxicity
rs67376798,fluorouracil,DPYD,ClinVar,CV,response
rs67376798,fluorouracil,DPYD,ClinVar,CV,response
rs56005131,fluorouracil,DPYD,ClinVar,CV,response
rs1801160,fluorouracil,DPYD,ClinVar,CV,response
rs1801160,capecitabine,DPYD,ClinVar,CV,toxicity
rs1801160,fluorouracil,DPYD,ClinVar,CV,toxicity
rs3918290,fluorouracil,DPYD,ClinVar,CV,response
rs3918290,tegafur,DPYD,ClinVar,CV,toxicity
rs3918290,capecitabine,DPYD,ClinVar,CV,toxicity
rs3918290,fluorouracil,DPYD,ClinVar,CV,toxicity
rs3918290,fluorouracil,DPYD,ClinVar,CV,response
rs72549303,fluorouracil,DPYD,ClinVar,CV,response
rs17376848,capecitabine,DPYD,ClinVar,CV,toxicity
rs17376848,fluorouracil,DPYD,ClinVar,CV,toxicity
rs59086055,fluorouracil,DPYD,ClinVar,CV,response
rs59086055,fluorouracil,DPYD,ClinVar,CV,toxicity
rs55886062,fluorouracil,DPYD,ClinVar,CV,response
rs55886062,fluorouracil,DPYD,ClinVar,CV,toxicity
rs55886062,tegafur,DPYD,ClinVar,CV,toxicity
rs55886062,capecitabine,DPYD,ClinVar,CV,toxicity
rs1801159,capecitabine,DPYD,ClinVar,CV,toxicity
rs1801159,fluorouracil,DPYD,ClinVar,CV,toxicity
rs1801158,capecitabine,DPYD,ClinVar,CV,toxicity
rs1801158,fluorouracil,DPYD,ClinVar,CV,toxicity
rs148994843,fluorouracil,DPYD,ClinVar,CV,response
rs56038477,fluorouracil,DPYD,ClinVar,CV,toxicity
rs56038477,capecitabine,DPYD,ClinVar,CV,toxicity
rs78060119,fluorouracil,DPYD,ClinVar,CV,response
rs78060119,fluorouracil,DPYD,ClinVar,CV,toxicity
rs75017182,fluorouracil,DPYD,ClinVar,CV,response
rs75017182,capecitabine,DPYD,ClinVar,CV,toxicity
rs75017182,fluorouracil,DPYD,ClinVar,CV,toxicity
rs72549306,fluorouracil,DPYD,ClinVar,CV,response
rs1801266,fluorouracil,DPYD,ClinVar,CV,response
rs115232898,fluorouracil,DPYD,ClinVar,CV,response
rs115232898,fluorouracil,DPYD,ClinVar,CV,toxicity
rs2297595,capecitabine,DPYD,ClinVar,CV,toxicity
rs2297595,fluorouracil,DPYD,ClinVar,CV,toxicity
rs1801265,capecitabine,DPYD,ClinVar,CV,toxicity
rs1801265,fluorouracil,DPYD,ClinVar,CV,toxicity
rs1047303,androgen deprivation therapy,HSD3B1,ClinVar,CV,response
rs1047303,androgen deprivation therapy,HSD3B1,ClinVar,CV,response
rs6025,hormonal contraceptives for systemic use,F5,ClinVar,CV,toxicity
rs878853211,prednisolone,NPHS2,ClinVar,CV,response
rs878853212,prednisolone,NPHS2,ClinVar,CV,response
rs878853213,prednisolone,NPHS2,ClinVar,CV,response
rs878853214,prednisolone,NPHS2,ClinVar,CV,response
rs878853215,prednisolone,NPHS2,ClinVar,CV,response
rs878853216,prednisolone,NPHS2,ClinVar,CV,response
rs1800559,enflurane,CACNA1S,ClinVar,CV,toxicity
rs1800559,halothane,CACNA1S,ClinVar,CV,toxicity
rs1800559,isoflurane,CACNA1S,ClinVar,CV,toxicity
rs1800559,methoxyflurane,CACNA1S,ClinVar,CV,toxicity
rs1800559,sevoflurane,CACNA1S,ClinVar,CV,toxicity
rs1800559,succinylcholine,CACNA1S,ClinVar,CV,toxicity
rs1800559,desflurane,CACNA1S,ClinVar,CV,toxicity
rs772226819,desflurane,CACNA1S,ClinVar,CV,toxicity
rs772226819,enflurane,CACNA1S,ClinVar,CV,toxicity
rs772226819,halothane,CACNA1S,ClinVar,CV,toxicity
rs772226819,isoflurane,CACNA1S,ClinVar,CV,toxicity
rs772226819,methoxyflurane,CACNA1S,ClinVar,CV,toxicity
rs772226819,sevoflurane,CACNA1S,ClinVar,CV,toxicity
rs772226819,succinylcholine,CACNA1S,ClinVar,CV,toxicity
1:202287754:G:A,thalidomide,LGR6,ClinVar,CV,response
1:203152801:T:C,thalidomide,CHI3L1,ClinVar,CV,response
1:205812912:A:G,thalidomide,PM20D1,ClinVar,CV,response
2:272203:C:T,thalidomide,ACP1,ClinVar,CV,response
rs1014247385,olaparib,GEN1,ClinVar,CV,response
rs7557402,sorafenib,EPAS1,ClinVar,CV,toxicity
2:137087148:G:T,thalidomide,CXCR4,ClinVar,CV,response
rs3812718,carbamazepine,SCN1A,ClinVar,CV,response
rs4673993,methotrexate,ATIC,ClinVar,CV,response
2:233990594:A:G,thalidomide,INPP5D,ClinVar,CV,response
rs10929302,irinotecan,UGT1A,ClinVar,CV,toxicity
rs3064744,irinotecan,UGT1A,ClinVar,CV,response
rs3064744,irinotecan,UGT1A,ClinVar,CV,response
rs3064744,irinotecan,UGT1A,ClinVar,CV,response
2:234668881:TATATATATATATA:.,irinotecan,UGT1A,ClinVar,CV,response
rs4148323,irinotecan,UGT1A,ClinVar,CV,response
rs1553691550,wee1 inhibitor,SETD2,ClinVar,CV,response
rs138285969,corticosteroids,LAMB2,ClinVar,CV,response
3:108189627:C:T,thalidomide,MYH15,ClinVar,CV,response
rs751910853,suxamethonium - slow metabolism,BCHE,ClinVar,CV,response
rs104886003,histone methylation therapy,PIK3CA,ClinVar,CV,response
rs4961,hydrochlorothiazide,ADD1,ClinVar,CV,response
rs762365097,tramadol,UGT2B7,ClinVar,CV,response
rs1577920581,tramadol,UGT2B7,ClinVar,CV,response
rs1577920582,tramadol,UGT2B7,ClinVar,CV,response
rs1577920587,tramadol,UGT2B7,ClinVar,CV,response
rs7668258,tramadol,UGT2B7,ClinVar,CV,response
rs756286593,tramadol,UGT2B7,ClinVar,CV,response
rs73823859,tramadol,UGT2B7,ClinVar,CV,response
rs1577920640,tramadol,UGT2B7,ClinVar,CV,response
rs1577920642,tramadol,UGT2B7,ClinVar,CV,response
rs1577920696,tramadol,UGT2B7,ClinVar,CV,response
rs1458035928,tramadol,UGT2B7,ClinVar,CV,response
rs1157290351,tramadol,UGT2B7,ClinVar,CV,response
rs1412192907,tramadol,UGT2B7,ClinVar,CV,response
rs1577920737,tramadol,UGT2B7,ClinVar,CV,response
rs1577920742,tramadol,UGT2B7,ClinVar,CV,response
rs1403703291,tramadol,UGT2B7,ClinVar,CV,response
rs1255338508,tramadol,UGT2B7,ClinVar,CV,response
rs1577920799,tramadol,UGT2B7,ClinVar,CV,response
rs1577920813,tramadol,UGT2B7,ClinVar,CV,response
rs1577920819,tramadol,UGT2B7,ClinVar,CV,response
rs777092380,tramadol,UGT2B7,ClinVar,CV,response
rs1577920928,tramadol,UGT2B7,ClinVar,CV,response
rs12233719,tramadol,UGT2B7,ClinVar,CV,response
rs1577920993,tramadol,UGT2B7,ClinVar,CV,response
rs770251825,tramadol,UGT2B7,ClinVar,CV,response
rs767454107,tramadol,UGT2B7,ClinVar,CV,response
rs373954369,tramadol,UGT2B7,ClinVar,CV,response
rs1424717351,tramadol,UGT2B7,ClinVar,CV,response
rs772560918,tramadol,UGT2B7,ClinVar,CV,response
rs1577921077,tramadol,UGT2B7,ClinVar,CV,response
rs1577921091,tramadol,UGT2B7,ClinVar,CV,response
rs28365063,tramadol,UGT2B7,ClinVar,CV,response
rs1577921116,tramadol,UGT2B7,ClinVar,CV,response
rs1577921125,tramadol,UGT2B7,ClinVar,CV,response
rs1577921167,tramadol,UGT2B7,ClinVar,CV,response
rs749742372,tramadol,UGT2B7,ClinVar,CV,response
rs147120761,tramadol,UGT2B7,ClinVar,CV,response
rs1577921281,tramadol,UGT2B7,ClinVar,CV,response
rs747704916,tramadol,UGT2B7,ClinVar,CV,response
rs1577921336,tramadol,UGT2B7,ClinVar,CV,response
rs1577921353,tramadol,UGT2B7,ClinVar,CV,response
rs1577921432,tramadol,UGT2B7,ClinVar,CV,response
rs1369776133,tramadol,UGT2B7,ClinVar,CV,response
rs769560693,tramadol,UGT2B7,ClinVar,CV,response
rs1577921469,tramadol,UGT2B7,ClinVar,CV,response
rs1577921483,tramadol,UGT2B7,ClinVar,CV,response
rs1259514034,tramadol,UGT2B7,ClinVar,CV,response
rs1314742807,tramadol,UGT2B7,ClinVar,CV,response
rs1577921622,tramadol,UGT2B7,ClinVar,CV,response
rs1577921626,tramadol,UGT2B7,ClinVar,CV,response
rs1577921638,tramadol,UGT2B7,ClinVar,CV,response
rs1577921669,tramadol,UGT2B7,ClinVar,CV,response
rs1386213886,tramadol,UGT2B7,ClinVar,CV,response
rs12647681,tramadol,UGT2B7,ClinVar,CV,response
rs1300063360,tramadol,UGT2B7,ClinVar,CV,response
rs12647682,tramadol,UGT2B7,ClinVar,CV,response
rs1198796766,tramadol,UGT2B7,ClinVar,CV,response
rs1423616754,tramadol,UGT2B7,ClinVar,CV,response
rs12648462,tramadol,UGT2B7,ClinVar,CV,response
rs1577921738,tramadol,UGT2B7,ClinVar,CV,response
rs1577921765,tramadol,UGT2B7,ClinVar,CV,response
rs1577922078,tramadol,UGT2B7,ClinVar,CV,response
rs73823860,tramadol,UGT2B7,ClinVar,CV,response
rs60529914,tramadol,UGT2B7,ClinVar,CV,response
rs7439326,tramadol,UGT2B7,ClinVar,CV,response
rs1291339023,tramadol,UGT2B7,ClinVar,CV,response
rs7438244,tramadol,UGT2B7,ClinVar,CV,response
rs1577922194,tramadol,UGT2B7,ClinVar,CV,response
rs28365062,tramadol,UGT2B7,ClinVar,CV,response
rs778509979,tramadol,UGT2B7,ClinVar,CV,response
rs7439366,tramadol,UGT2B7,ClinVar,CV,response
rs749400319,tramadol,UGT2B7,ClinVar,CV,response
rs34661811,tramadol,UGT2B7,ClinVar,CV,response
rs1577924333,tramadol,UGT2B7,ClinVar,CV,response
rs1344464876,tramadol,UGT2B7,ClinVar,CV,response
rs1577924336,tramadol,UGT2B7,ClinVar,CV,response
rs1395641165,tramadol,UGT2B7,ClinVar,CV,response
rs1479676448,tramadol,UGT2B7,ClinVar,CV,response
rs769286636,tramadol,UGT2B7,ClinVar,CV,response
rs1577924539,tramadol,UGT2B7,ClinVar,CV,response
rs1327715763,tramadol,UGT2B7,ClinVar,CV,response
rs1577924566,tramadol,UGT2B7,ClinVar,CV,response
rs1577924575,tramadol,UGT2B7,ClinVar,CV,response
rs1577924605,tramadol,UGT2B7,ClinVar,CV,response
rs1577924620,tramadol,UGT2B7,ClinVar,CV,response
rs1577924627,tramadol,UGT2B7,ClinVar,CV,response
rs1577924631,tramadol,UGT2B7,ClinVar,CV,response
rs1577924635,tramadol,UGT2B7,ClinVar,CV,response
rs1577924652,tramadol,UGT2B7,ClinVar,CV,response
rs1048277645,tramadol,UGT2B7,ClinVar,CV,response
rs1577924674,tramadol,UGT2B7,ClinVar,CV,response
rs1577926868,tramadol,UGT2B7,ClinVar,CV,response
rs1577926872,tramadol,UGT2B7,ClinVar,CV,response
rs1272501790,tramadol,UGT2B7,ClinVar,CV,response
rs758574713,tramadol,UGT2B7,ClinVar,CV,response
rs1577926905,tramadol,UGT2B7,ClinVar,CV,response
rs1577926907,tramadol,UGT2B7,ClinVar,CV,response
rs4292394,tramadol,UGT2B7,ClinVar,CV,response
rs4337789,tramadol,UGT2B7,ClinVar,CV,response
rs768744149,tramadol,UGT2B7,ClinVar,CV,response
rs774459890,tramadol,UGT2B7,ClinVar,CV,response
rs373107309,tramadol,UGT2B7,ClinVar,CV,response
rs1577927619,tramadol,UGT2B7,ClinVar,CV,response
rs1577927627,tramadol,UGT2B7,ClinVar,CV,response
rs1577927645,tramadol,UGT2B7,ClinVar,CV,response
rs745638449,tramadol,UGT2B7,ClinVar,CV,response
rs750282415,tramadol,UGT2B7,ClinVar,CV,response
rs563256432,tramadol,UGT2B7,ClinVar,CV,response
rs57913007,tramadol,UGT2B7,ClinVar,CV,response
rs776991562,tramadol,UGT2B7,ClinVar,CV,response
rs1577927789,tramadol,UGT2B7,ClinVar,CV,response
rs1577927792,tramadol,UGT2B7,ClinVar,CV,response
rs960076700,tramadol,UGT2B7,ClinVar,CV,response
rs1577927873,tramadol,UGT2B7,ClinVar,CV,response
rs1577927899,tramadol,UGT2B7,ClinVar,CV,response
rs1577927913,tramadol,UGT2B7,ClinVar,CV,response
rs1577929997,tramadol,UGT2B7,ClinVar,CV,response
rs1577930172,tramadol,UGT2B7,ClinVar,CV,response
rs1577930188,tramadol,UGT2B7,ClinVar,CV,response
rs1577930208,tramadol,UGT2B7,ClinVar,CV,response
rs1577930218,tramadol,UGT2B7,ClinVar,CV,response
rs774185288,tramadol,UGT2B7,ClinVar,CV,response
rs1436844953,tramadol,UGT2B7,ClinVar,CV,response
rs1577930327,tramadol,UGT2B7,ClinVar,CV,response
rs1577930454,tramadol,UGT2B7,ClinVar,CV,response
rs1577930519,tramadol,UGT2B7,ClinVar,CV,response
rs6851533,tramadol,UGT2B7,ClinVar,CV,response
4:81967150:G:A,thalidomide,BMP3,ClinVar,CV,response
rs2231142,gemcitabine,ABCG2,ClinVar,CV,response
rs2231142,rosuvastatin,ABCG2,ClinVar,CV,response
rs2231142,rosuvastatin - metabolism/pk,ABCG2,ClinVar,CV,response
4:106859549:G:C,thalidomide,NPNT,ClinVar,CV,response
rs1042713,salmeterol,ADRB2,ClinVar,CV,response
rs1554115894,regorafenib,FLT4,ClinVar,CV,response
rs201695576,thiopurine,TPMT,ClinVar,CV,response
rs753545734,thiopurine,TPMT,ClinVar,CV,response
rs1256618794,thiopurine,TPMT,ClinVar,CV,response
rs759836180,thiopurine,TPMT,ClinVar,CV,response
rs1581633884,doxorubicin,H3C2,ClinVar,CV,response
rs1800629,etanercept,TNF,ClinVar,CV,response
rs1360780,"antidepressant drug treatment, accelerated to",FKBP5,ClinVar,CV,response
rs20455,pravastatin,KIF6,ClinVar,CV,response
rs1768461384,corticosteroids,CD2AP,ClinVar,CV,response
rs1377431158,corticosteroids,CD2AP,ClinVar,CV,response
rs2114154249,corticosteroids,CD2AP,ClinVar,CV,response
rs479292,letrozole,CASC6,ClinVar,CV,response
rs1583105193,tramadol,OPRM1,ClinVar,CV,response
rs1326499420,tramadol,OPRM1,ClinVar,CV,response
rs115788842,tramadol,OPRM1,ClinVar,CV,response
rs1583105350,tramadol,OPRM1,ClinVar,CV,response
rs1583105355,tramadol,OPRM1,ClinVar,CV,response
rs1583105431,tramadol,OPRM1,ClinVar,CV,response
rs1583105433,tramadol,OPRM1,ClinVar,CV,response
rs1583105465,tramadol,OPRM1,ClinVar,CV,response
rs1583105485,tramadol,OPRM1,ClinVar,CV,response
rs1583105621,tramadol,OPRM1,ClinVar,CV,response
rs1368893702,tramadol,OPRM1,ClinVar,CV,response
rs1583105642,tramadol,OPRM1,ClinVar,CV,response
rs1583105657,tramadol,OPRM1,ClinVar,CV,response
rs1583105863,tramadol,OPRM1,ClinVar,CV,response
rs1583105959,tramadol,OPRM1,ClinVar,CV,response
rs1583105979,tramadol,OPRM1,ClinVar,CV,response
rs1583106074,tramadol,OPRM1,ClinVar,CV,response
rs1583106084,tramadol,OPRM1,ClinVar,CV,response
rs1583106153,tramadol,OPRM1,ClinVar,CV,response
rs1583106204,tramadol,OPRM1,ClinVar,CV,response
rs769686797,tramadol,OPRM1,ClinVar,CV,response
rs1583106304,tramadol,OPRM1,ClinVar,CV,response
rs1583168957,tramadol,OPRM1,ClinVar,CV,response
rs1583168963,tramadol,OPRM1,ClinVar,CV,response
rs1583168972,tramadol,OPRM1,ClinVar,CV,response
rs546524303,tramadol,OPRM1,ClinVar,CV,response
rs571470402,tramadol,OPRM1,ClinVar,CV,response
rs1583169018,tramadol,OPRM1,ClinVar,CV,response
rs747345350,tramadol,OPRM1,ClinVar,CV,response
rs1583169368,tramadol,OPRM1,ClinVar,CV,response
rs1583169385,tramadol,OPRM1,ClinVar,CV,response
rs1312664080,tramadol,OPRM1,ClinVar,CV,response
rs1247954412,tramadol,OPRM1,ClinVar,CV,response
rs1583169899,tramadol,OPRM1,ClinVar,CV,response
rs1583169988,tramadol,OPRM1,ClinVar,CV,response
rs1583170034,tramadol,OPRM1,ClinVar,CV,response
rs1421882124,tramadol,OPRM1,ClinVar,CV,response
rs1583170107,tramadol,OPRM1,ClinVar,CV,response
rs1562384714,tramadol,OPRM1,ClinVar,CV,response
rs1230347496,tramadol,OPRM1,ClinVar,CV,response
rs6912029,tramadol,OPRM1,ClinVar,CV,response
rs1583170298,tramadol,OPRM1,ClinVar,CV,response
rs1469997583,tramadol,OPRM1,ClinVar,CV,response
rs1411722881,tramadol,OPRM1,ClinVar,CV,response
rs1583170659,tramadol,OPRM1,ClinVar,CV,response
rs1583170710,tramadol,OPRM1,ClinVar,CV,response
rs1583170716,tramadol,OPRM1,ClinVar,CV,response
rs1583170728,tramadol,OPRM1,ClinVar,CV,response
rs1465337438,tramadol,OPRM1,ClinVar,CV,response
rs370868117,tramadol,OPRM1,ClinVar,CV,response
rs1583171311,tramadol,OPRM1,ClinVar,CV,response
rs199648369,tramadol,OPRM1,ClinVar,CV,response
rs1583171446,tramadol,OPRM1,ClinVar,CV,response
rs1297476429,tramadol,OPRM1,ClinVar,CV,response
rs747772652,tramadol,OPRM1,ClinVar,CV,response
rs745863104,tramadol,OPRM1,ClinVar,CV,response
rs577345039,tramadol,OPRM1,ClinVar,CV,response
rs1583172139,tramadol,OPRM1,ClinVar,CV,response
rs1583172146,tramadol,OPRM1,ClinVar,CV,response
rs1799971,tramadol,OPRM1,ClinVar,CV,response
rs1583172783,tramadol,OPRM1,ClinVar,CV,response
rs1583173066,tramadol,OPRM1,ClinVar,CV,response
rs1482103571,tramadol,OPRM1,ClinVar,CV,response
rs1583173231,tramadol,OPRM1,ClinVar,CV,response
rs1583173318,tramadol,OPRM1,ClinVar,CV,response
rs201310502,tramadol,OPRM1,ClinVar,CV,response
rs1583173471,tramadol,OPRM1,ClinVar,CV,response
rs1583173482,tramadol,OPRM1,ClinVar,CV,response
rs1583173537,tramadol,OPRM1,ClinVar,CV,response
rs1583173570,tramadol,OPRM1,ClinVar,CV,response
rs200915701,tramadol,OPRM1,ClinVar,CV,response
rs1190969003,tramadol,OPRM1,ClinVar,CV,response
rs1583173845,tramadol,OPRM1,ClinVar,CV,response
rs1583173935,tramadol,OPRM1,ClinVar,CV,response
rs1583173984,tramadol,OPRM1,ClinVar,CV,response
rs1583174062,tramadol,OPRM1,ClinVar,CV,response
rs377704466,tramadol,OPRM1,ClinVar,CV,response
rs1583174146,tramadol,OPRM1,ClinVar,CV,response
rs1583174701,tramadol,OPRM1,ClinVar,CV,response
rs1583174793,tramadol,OPRM1,ClinVar,CV,response
rs1583174921,tramadol,OPRM1,ClinVar,CV,response
rs1583174969,tramadol,OPRM1,ClinVar,CV,response
rs1562387533,tramadol,OPRM1,ClinVar,CV,response
rs1583175062,tramadol,OPRM1,ClinVar,CV,response
rs1583453568,tramadol,OPRM1,ClinVar,CV,response
rs1583453631,tramadol,OPRM1,ClinVar,CV,response
rs1583454341,tramadol,OPRM1,ClinVar,CV,response
rs1340096837,tramadol,OPRM1,ClinVar,CV,response
rs1583454446,tramadol,OPRM1,ClinVar,CV,response
rs1583454910,tramadol,OPRM1,ClinVar,CV,response
rs1583454933,tramadol,OPRM1,ClinVar,CV,response
rs1583454962,tramadol,OPRM1,ClinVar,CV,response
rs1583455028,tramadol,OPRM1,ClinVar,CV,response
rs1260131147,tramadol,OPRM1,ClinVar,CV,response
rs1583455134,tramadol,OPRM1,ClinVar,CV,response
rs1583455554,tramadol,OPRM1,ClinVar,CV,response
rs1033852015,tramadol,OPRM1,ClinVar,CV,response
rs937431474,tramadol,OPRM1,ClinVar,CV,response
rs563649,tramadol,OPRM1,ClinVar,CV,response
rs1583456447,tramadol,OPRM1,ClinVar,CV,response
rs1583456563,tramadol,OPRM1,ClinVar,CV,response
rs1583456779,tramadol,OPRM1,ClinVar,CV,response
rs1266748899,tramadol,OPRM1,ClinVar,CV,response
rs1583456891,tramadol,OPRM1,ClinVar,CV,response
rs1583456915,tramadol,OPRM1,ClinVar,CV,response
rs1583456966,tramadol,OPRM1,ClinVar,CV,response
rs1583457176,tramadol,OPRM1,ClinVar,CV,response
rs1583457200,tramadol,OPRM1,ClinVar,CV,response
rs1293588318,tramadol,OPRM1,ClinVar,CV,response
rs1583457555,tramadol,OPRM1,ClinVar,CV,response
rs1583457650,tramadol,OPRM1,ClinVar,CV,response
rs1583458111,tramadol,OPRM1,ClinVar,CV,response
rs1583458841,tramadol,OPRM1,ClinVar,CV,response
rs1583459163,tramadol,OPRM1,ClinVar,CV,response
rs1583459338,tramadol,OPRM1,ClinVar,CV,response
rs1201764699,tramadol,OPRM1,ClinVar,CV,response
rs1583459748,tramadol,OPRM1,ClinVar,CV,response
rs1583459767,tramadol,OPRM1,ClinVar,CV,response
rs1583459826,tramadol,OPRM1,ClinVar,CV,response
rs1583459907,tramadol,OPRM1,ClinVar,CV,response
rs1583460328,tramadol,OPRM1,ClinVar,CV,response
rs1583460436,tramadol,OPRM1,ClinVar,CV,response
rs1583460633,tramadol,OPRM1,ClinVar,CV,response
rs78937301,tramadol,OPRM1,ClinVar,CV,response
rs1583460834,tramadol,OPRM1,ClinVar,CV,response
rs1583460886,tramadol,OPRM1,ClinVar,CV,response
rs1583460948,tramadol,OPRM1,ClinVar,CV,response
rs139944762,tramadol,OPRM1,ClinVar,CV,response
rs9322446,tramadol,OPRM1,ClinVar,CV,response
rs1583461106,tramadol,OPRM1,ClinVar,CV,response
rs1583461135,tramadol,OPRM1,ClinVar,CV,response
rs1583461155,tramadol,OPRM1,ClinVar,CV,response
rs1583461469,tramadol,OPRM1,ClinVar,CV,response
rs1583461542,tramadol,OPRM1,ClinVar,CV,response
rs1583461992,tramadol,OPRM1,ClinVar,CV,response
rs776184873,tramadol,OPRM1,ClinVar,CV,response
rs1583462573,tramadol,OPRM1,ClinVar,CV,response
rs1583462707,tramadol,OPRM1,ClinVar,CV,response
rs1583462789,tramadol,OPRM1,ClinVar,CV,response
rs1583463133,tramadol,OPRM1,ClinVar,CV,response
rs1291536093,tramadol,OPRM1,ClinVar,CV,response
rs1583463193,tramadol,OPRM1,ClinVar,CV,response
rs1583463210,tramadol,OPRM1,ClinVar,CV,response
rs1583463246,tramadol,OPRM1,ClinVar,CV,response
rs1583475145,tramadol,OPRM1,ClinVar,CV,response
rs1583475171,tramadol,OPRM1,ClinVar,CV,response
rs1583475226,tramadol,OPRM1,ClinVar,CV,response
rs1583475860,tramadol,OPRM1,ClinVar,CV,response
rs1583476221,tramadol,OPRM1,ClinVar,CV,response
rs1411786454,tramadol,OPRM1,ClinVar,CV,response
rs1583476950,tramadol,OPRM1,ClinVar,CV,response
rs1583477398,tramadol,OPRM1,ClinVar,CV,response
rs1583477578,tramadol,OPRM1,ClinVar,CV,response
rs1583477595,tramadol,OPRM1,ClinVar,CV,response
rs778238775,tramadol,OPRM1,ClinVar,CV,response
rs1583477806,tramadol,OPRM1,ClinVar,CV,response
rs200869983,tramadol,OPRM1,ClinVar,CV,response
rs201858274,tramadol,OPRM1,ClinVar,CV,response
rs1160295304,tramadol,OPRM1,ClinVar,CV,response
rs1583478324,tramadol,OPRM1,ClinVar,CV,response
rs1583478475,tramadol,OPRM1,ClinVar,CV,response
rs749003633,tramadol,OPRM1,ClinVar,CV,response
rs1583478736,tramadol,OPRM1,ClinVar,CV,response
rs914204741,tramadol,OPRM1,ClinVar,CV,response
rs201750445,tramadol,OPRM1,ClinVar,CV,response
rs9479757,tramadol,OPRM1,ClinVar,CV,response
rs1399307406,tramadol,OPRM1,ClinVar,CV,response
rs1583479242,tramadol,OPRM1,ClinVar,CV,response
rs1583479373,tramadol,OPRM1,ClinVar,CV,response
rs1583479561,tramadol,OPRM1,ClinVar,CV,response
rs17181192,tramadol,OPRM1,ClinVar,CV,response
rs1292119568,tramadol,OPRM1,ClinVar,CV,response
rs1583479779,tramadol,OPRM1,ClinVar,CV,response
rs771278948,tramadol,OPRM1,ClinVar,CV,response
rs1583480107,tramadol,OPRM1,ClinVar,CV,response
rs1583480309,tramadol,OPRM1,ClinVar,CV,response
rs1583483080,tramadol,OPRM1,ClinVar,CV,response
rs1583483141,tramadol,OPRM1,ClinVar,CV,response
rs1183268180,tramadol,OPRM1,ClinVar,CV,response
rs2075572,tramadol,OPRM1,ClinVar,CV,response
rs1178930557,tramadol,OPRM1,ClinVar,CV,response
rs1583484799,tramadol,OPRM1,ClinVar,CV,response
rs769540300,tramadol,OPRM1,ClinVar,CV,response
rs1583484841,tramadol,OPRM1,ClinVar,CV,response
rs1583485058,tramadol,OPRM1,ClinVar,CV,response
rs1583485109,tramadol,OPRM1,ClinVar,CV,response
rs1290858635,tramadol,OPRM1,ClinVar,CV,response
rs1583485227,tramadol,OPRM1,ClinVar,CV,response
rs751081299,tramadol,OPRM1,ClinVar,CV,response
rs1583485720,tramadol,OPRM1,ClinVar,CV,response
rs201829386,tramadol,OPRM1,ClinVar,CV,response
rs1583486157,tramadol,OPRM1,ClinVar,CV,response
rs1583486285,tramadol,OPRM1,ClinVar,CV,response
rs1583486994,tramadol,OPRM1,ClinVar,CV,response
rs1583487598,tramadol,OPRM1,ClinVar,CV,response
rs200512398,tramadol,OPRM1,ClinVar,CV,response
rs1583487978,tramadol,OPRM1,ClinVar,CV,response
rs765963522,tramadol,OPRM1,ClinVar,CV,response
rs184553578,tramadol,OPRM1,ClinVar,CV,response
rs1583488922,tramadol,OPRM1,ClinVar,CV,response
rs1210793358,tramadol,OPRM1,ClinVar,CV,response
rs1347406881,tramadol,OPRM1,ClinVar,CV,response
rs1583489027,tramadol,OPRM1,ClinVar,CV,response
rs1583489096,tramadol,OPRM1,ClinVar,CV,response
rs1583489204,tramadol,OPRM1,ClinVar,CV,response
rs1583489460,tramadol,OPRM1,ClinVar,CV,response
rs972892962,tramadol,OPRM1,ClinVar,CV,response
rs1583489837,tramadol,OPRM1,ClinVar,CV,response
rs1583489871,tramadol,OPRM1,ClinVar,CV,response
rs1583489915,tramadol,OPRM1,ClinVar,CV,response
rs1583490024,tramadol,OPRM1,ClinVar,CV,response
rs1583490295,tramadol,OPRM1,ClinVar,CV,response
rs1583490437,tramadol,OPRM1,ClinVar,CV,response
rs1583490466,tramadol,OPRM1,ClinVar,CV,response
rs1583490491,tramadol,OPRM1,ClinVar,CV,response
rs1583490520,tramadol,OPRM1,ClinVar,CV,response
rs1583490544,tramadol,OPRM1,ClinVar,CV,response
rs1583490805,tramadol,OPRM1,ClinVar,CV,response
rs1583490952,tramadol,OPRM1,ClinVar,CV,response
rs1583491015,tramadol,OPRM1,ClinVar,CV,response
rs1583491131,tramadol,OPRM1,ClinVar,CV,response
rs1583491203,tramadol,OPRM1,ClinVar,CV,response
rs1583491221,tramadol,OPRM1,ClinVar,CV,response
rs1583491244,tramadol,OPRM1,ClinVar,CV,response
rs1583491281,tramadol,OPRM1,ClinVar,CV,response
rs1583491311,tramadol,OPRM1,ClinVar,CV,response
rs1583491360,tramadol,OPRM1,ClinVar,CV,response
rs1583491388,tramadol,OPRM1,ClinVar,CV,response
rs1583491465,tramadol,OPRM1,ClinVar,CV,response
rs1583491549,tramadol,OPRM1,ClinVar,CV,response
rs1583492013,tramadol,OPRM1,ClinVar,CV,response
rs1017227710,tramadol,OPRM1,ClinVar,CV,response
rs1583492207,tramadol,OPRM1,ClinVar,CV,response
rs1583492371,tramadol,OPRM1,ClinVar,CV,response
rs1583492385,tramadol,OPRM1,ClinVar,CV,response
rs1583492649,tramadol,OPRM1,ClinVar,CV,response
rs1583492838,tramadol,OPRM1,ClinVar,CV,response
rs1583498192,tramadol,OPRM1,ClinVar,CV,response
rs1583498227,tramadol,OPRM1,ClinVar,CV,response
rs1583498253,tramadol,OPRM1,ClinVar,CV,response
rs1583498287,tramadol,OPRM1,ClinVar,CV,response
rs1583498344,tramadol,OPRM1,ClinVar,CV,response
rs1583498416,tramadol,OPRM1,ClinVar,CV,response
rs1583498470,tramadol,OPRM1,ClinVar,CV,response
rs1583498695,tramadol,OPRM1,ClinVar,CV,response
rs1583498735,tramadol,OPRM1,ClinVar,CV,response
rs1583498860,tramadol,OPRM1,ClinVar,CV,response
rs1583498941,tramadol,OPRM1,ClinVar,CV,response
rs1583498961,tramadol,OPRM1,ClinVar,CV,response
rs1583498980,tramadol,OPRM1,ClinVar,CV,response
rs1583499039,tramadol,OPRM1,ClinVar,CV,response
rs1583499129,tramadol,OPRM1,ClinVar,CV,response
rs1347537120,tramadol,OPRM1,ClinVar,CV,response
rs1583499200,tramadol,OPRM1,ClinVar,CV,response
rs1583499255,tramadol,OPRM1,ClinVar,CV,response
rs1583499305,tramadol,OPRM1,ClinVar,CV,response
rs200803187,tramadol,OPRM1,ClinVar,CV,response
rs1583499402,tramadol,OPRM1,ClinVar,CV,response
rs9282821,tramadol,OPRM1,ClinVar,CV,response
rs1583499617,tramadol,OPRM1,ClinVar,CV,response
rs199942335,tramadol,OPRM1,ClinVar,CV,response
rs540825,tramadol,OPRM1,ClinVar,CV,response
rs1583499951,tramadol,OPRM1,ClinVar,CV,response
rs767783492,tramadol,OPRM1,ClinVar,CV,response
rs1583500066,tramadol,OPRM1,ClinVar,CV,response
rs1583500127,tramadol,OPRM1,ClinVar,CV,response
rs1583500706,tramadol,OPRM1,ClinVar,CV,response
rs979061434,tramadol,OPRM1,ClinVar,CV,response
rs186439043,tramadol,OPRM1,ClinVar,CV,response
rs675026,tramadol,OPRM1,ClinVar,CV,response
rs562859,tramadol,OPRM1,ClinVar,CV,response
rs768115985,tramadol,OPRM1,ClinVar,CV,response
rs778888827,tramadol,OPRM1,ClinVar,CV,response
rs199878364,tramadol,OPRM1,ClinVar,CV,response
rs200646591,tramadol,OPRM1,ClinVar,CV,response
rs557690438,tramadol,OPRM1,ClinVar,CV,response
rs201126701,tramadol,OPRM1,ClinVar,CV,response
rs1583502117,tramadol,OPRM1,ClinVar,CV,response
rs536957156,tramadol,OPRM1,ClinVar,CV,response
rs1583502202,tramadol,OPRM1,ClinVar,CV,response
rs1396848779,tramadol,OPRM1,ClinVar,CV,response
rs1583502383,tramadol,OPRM1,ClinVar,CV,response
rs1583502552,tramadol,OPRM1,ClinVar,CV,response
rs1583576485,tramadol,OPRM1,ClinVar,CV,response
rs1583576504,tramadol,OPRM1,ClinVar,CV,response
rs1583576560,tramadol,OPRM1,ClinVar,CV,response
rs1583576581,tramadol,OPRM1,ClinVar,CV,response
rs650825,tramadol,OPRM1,ClinVar,CV,response
rs1583576770,tramadol,OPRM1,ClinVar,CV,response
rs1376751124,tramadol,OPRM1,ClinVar,CV,response
rs1583577388,tramadol,OPRM1,ClinVar,CV,response
rs1583577432,tramadol,OPRM1,ClinVar,CV,response
rs1583577918,tramadol,OPRM1,ClinVar,CV,response
rs573698787,tramadol,OPRM1,ClinVar,CV,response
rs650245,tramadol,OPRM1,ClinVar,CV,response
rs1583578066,tramadol,OPRM1,ClinVar,CV,response
rs140560182,tramadol,OPRM1,ClinVar,CV,response
rs1583578847,tramadol,OPRM1,ClinVar,CV,response
rs1160455955,tramadol,OPRM1,ClinVar,CV,response
rs1583579146,tramadol,OPRM1,ClinVar,CV,response
rs1583579223,tramadol,OPRM1,ClinVar,CV,response
rs1357614491,tramadol,OPRM1,ClinVar,CV,response
rs1583579274,tramadol,OPRM1,ClinVar,CV,response
rs1169090293,tramadol,OPRM1,ClinVar,CV,response
rs1583579471,tramadol,OPRM1,ClinVar,CV,response
rs1583579544,tramadol,OPRM1,ClinVar,CV,response
rs1348736608,tramadol,OPRM1,ClinVar,CV,response
rs114492858,tramadol,OPRM1,ClinVar,CV,response
rs1583579747,tramadol,OPRM1,ClinVar,CV,response
rs1583579780,tramadol,OPRM1,ClinVar,CV,response
rs1304233202,tramadol,OPRM1,ClinVar,CV,response
rs150821368,tramadol,OPRM1,ClinVar,CV,response
rs994797893,tramadol,OPRM1,ClinVar,CV,response
rs1583579976,tramadol,OPRM1,ClinVar,CV,response
rs1583580011,tramadol,OPRM1,ClinVar,CV,response
rs1583580059,tramadol,OPRM1,ClinVar,CV,response
rs947787494,tramadol,OPRM1,ClinVar,CV,response
rs552928147,tramadol,OPRM1,ClinVar,CV,response
rs1583580161,tramadol,OPRM1,ClinVar,CV,response
rs1583580176,tramadol,OPRM1,ClinVar,CV,response
rs71021021,tramadol,OPRM1,ClinVar,CV,response
rs1583580562,tramadol,OPRM1,ClinVar,CV,response
rs1583580623,tramadol,OPRM1,ClinVar,CV,response
rs1583580736,tramadol,OPRM1,ClinVar,CV,response
rs1583581065,tramadol,OPRM1,ClinVar,CV,response
rs542615961,tramadol,OPRM1,ClinVar,CV,response
rs1583581242,tramadol,OPRM1,ClinVar,CV,response
rs1583581365,tramadol,OPRM1,ClinVar,CV,response
rs1583581395,tramadol,OPRM1,ClinVar,CV,response
rs1583581810,tramadol,OPRM1,ClinVar,CV,response
rs1583582181,tramadol,OPRM1,ClinVar,CV,response
rs1583582271,tramadol,OPRM1,ClinVar,CV,response
rs1583582311,tramadol,OPRM1,ClinVar,CV,response
rs1583582329,tramadol,OPRM1,ClinVar,CV,response
rs1583582348,tramadol,OPRM1,ClinVar,CV,response
rs1014331595,tramadol,OPRM1,ClinVar,CV,response
rs1583582470,tramadol,OPRM1,ClinVar,CV,response
rs113270588,tramadol,OPRM1,ClinVar,CV,response
rs1583582588,tramadol,OPRM1,ClinVar,CV,response
rs1583582674,tramadol,OPRM1,ClinVar,CV,response
rs958018897,tramadol,OPRM1,ClinVar,CV,response
rs567300902,tramadol,OPRM1,ClinVar,CV,response
rs60254893,tramadol,OPRM1,ClinVar,CV,response
rs1583583367,tramadol,OPRM1,ClinVar,CV,response
rs1583583459,tramadol,OPRM1,ClinVar,CV,response
rs1377052121,tramadol,OPRM1,ClinVar,CV,response
rs1583583588,tramadol,OPRM1,ClinVar,CV,response
rs1583583598,tramadol,OPRM1,ClinVar,CV,response
rs1583583705,tramadol,OPRM1,ClinVar,CV,response
rs1583583861,tramadol,OPRM1,ClinVar,CV,response
rs1583583986,tramadol,OPRM1,ClinVar,CV,response
rs1583584064,tramadol,OPRM1,ClinVar,CV,response
rs1583584184,tramadol,OPRM1,ClinVar,CV,response
rs1583584208,tramadol,OPRM1,ClinVar,CV,response
rs1583584227,tramadol,OPRM1,ClinVar,CV,response
rs1583584237,tramadol,OPRM1,ClinVar,CV,response
rs1583584273,tramadol,OPRM1,ClinVar,CV,response
rs984634670,tramadol,OPRM1,ClinVar,CV,response
rs1442486722,tramadol,OPRM1,ClinVar,CV,response
rs1583584685,tramadol,OPRM1,ClinVar,CV,response
rs623956,tramadol,OPRM1,ClinVar,CV,response
rs1583584843,tramadol,OPRM1,ClinVar,CV,response
rs1583584876,tramadol,OPRM1,ClinVar,CV,response
rs1583585064,tramadol,OPRM1,ClinVar,CV,response
rs1583585088,tramadol,OPRM1,ClinVar,CV,response
rs1583585235,tramadol,OPRM1,ClinVar,CV,response
rs1437740130,tramadol,OPRM1,ClinVar,CV,response
rs497332,tramadol,OPRM1,ClinVar,CV,response
rs1583590926,tramadol,OPRM1,ClinVar,CV,response
rs1245588858,tramadol,OPRM1,ClinVar,CV,response
rs1358871698,tramadol,OPRM1,ClinVar,CV,response
rs1583591171,tramadol,OPRM1,ClinVar,CV,response
rs1583591180,tramadol,OPRM1,ClinVar,CV,response
rs606545,tramadol,OPRM1,ClinVar,CV,response
rs1583591643,tramadol,OPRM1,ClinVar,CV,response
rs1583618074,tramadol,OPRM1,ClinVar,CV,response
rs1583618090,tramadol,OPRM1,ClinVar,CV,response
rs1583618097,tramadol,OPRM1,ClinVar,CV,response
rs1583618112,tramadol,OPRM1,ClinVar,CV,response
rs1583618119,tramadol,OPRM1,ClinVar,CV,response
rs1583618157,tramadol,OPRM1,ClinVar,CV,response
rs1583618505,tramadol,OPRM1,ClinVar,CV,response
rs1280372606,tramadol,OPRM1,ClinVar,CV,response
rs1583618625,tramadol,OPRM1,ClinVar,CV,response
rs1583618663,tramadol,OPRM1,ClinVar,CV,response
rs1583618684,tramadol,OPRM1,ClinVar,CV,response
rs1583618696,tramadol,OPRM1,ClinVar,CV,response
rs11575858,tramadol,OPRM1,ClinVar,CV,response
rs199650905,tramadol,OPRM1,ClinVar,CV,response
rs1583618957,tramadol,OPRM1,ClinVar,CV,response
rs1583618998,tramadol,OPRM1,ClinVar,CV,response
rs1583619099,tramadol,OPRM1,ClinVar,CV,response
rs1583619112,tramadol,OPRM1,ClinVar,CV,response
rs986844324,tramadol,OPRM1,ClinVar,CV,response
rs1583619173,tramadol,OPRM1,ClinVar,CV,response
rs1583619209,tramadol,OPRM1,ClinVar,CV,response
rs1583619229,tramadol,OPRM1,ClinVar,CV,response
rs1583619245,tramadol,OPRM1,ClinVar,CV,response
rs1583619237,tramadol,OPRM1,ClinVar,CV,response
rs1583619252,tramadol,OPRM1,ClinVar,CV,response
rs77696469,tramadol,OPRM1,ClinVar,CV,response
rs1583619270,tramadol,OPRM1,ClinVar,CV,response
rs1583619276,tramadol,OPRM1,ClinVar,CV,response
rs1583619322,tramadol,OPRM1,ClinVar,CV,response
rs1583619413,tramadol,OPRM1,ClinVar,CV,response
rs1583619421,tramadol,OPRM1,ClinVar,CV,response
rs1583619449,tramadol,OPRM1,ClinVar,CV,response
rs1583619477,tramadol,OPRM1,ClinVar,CV,response
rs200587105,tramadol,OPRM1,ClinVar,CV,response
rs1583619560,tramadol,OPRM1,ClinVar,CV,response
rs1225445157,tramadol,OPRM1,ClinVar,CV,response
rs898784845,tramadol,OPRM1,ClinVar,CV,response
rs1583619673,tramadol,OPRM1,ClinVar,CV,response
rs1339199018,tramadol,OPRM1,ClinVar,CV,response
rs1583619742,tramadol,OPRM1,ClinVar,CV,response
rs1583619765,tramadol,OPRM1,ClinVar,CV,response
rs1583619797,tramadol,OPRM1,ClinVar,CV,response
rs1583619824,tramadol,OPRM1,ClinVar,CV,response
rs1583619875,tramadol,OPRM1,ClinVar,CV,response
rs201518555,tramadol,OPRM1,ClinVar,CV,response
rs1583619933,tramadol,OPRM1,ClinVar,CV,response
rs1583619977,tramadol,OPRM1,ClinVar,CV,response
rs1583620013,tramadol,OPRM1,ClinVar,CV,response
rs1583620060,tramadol,OPRM1,ClinVar,CV,response
rs1583620067,tramadol,OPRM1,ClinVar,CV,response
rs1583620083,tramadol,OPRM1,ClinVar,CV,response
rs1583620088,tramadol,OPRM1,ClinVar,CV,response
rs1583620109,tramadol,OPRM1,ClinVar,CV,response
rs1252162127,tramadol,OPRM1,ClinVar,CV,response
rs1583620169,tramadol,OPRM1,ClinVar,CV,response
rs1583620181,tramadol,OPRM1,ClinVar,CV,response
rs1583620216,tramadol,OPRM1,ClinVar,CV,response
rs1583620267,tramadol,OPRM1,ClinVar,CV,response
rs1583620288,tramadol,OPRM1,ClinVar,CV,response
rs1373421578,tramadol,OPRM1,ClinVar,CV,response
rs1583620348,tramadol,OPRM1,ClinVar,CV,response
rs1583620362,tramadol,OPRM1,ClinVar,CV,response
rs1583620394,tramadol,OPRM1,ClinVar,CV,response
rs1583620400,tramadol,OPRM1,ClinVar,CV,response
rs1583620413,tramadol,OPRM1,ClinVar,CV,response
rs1583620422,tramadol,OPRM1,ClinVar,CV,response
rs1583620432,tramadol,OPRM1,ClinVar,CV,response
rs1583620448,tramadol,OPRM1,ClinVar,CV,response
rs1583620546,tramadol,OPRM1,ClinVar,CV,response
rs968231224,tramadol,OPRM1,ClinVar,CV,response
rs1583620663,tramadol,OPRM1,ClinVar,CV,response
rs1583620668,tramadol,OPRM1,ClinVar,CV,response
rs1583620690,tramadol,OPRM1,ClinVar,CV,response
rs1583898476,tramadol,OPRM1,ClinVar,CV,response
rs9479798,tramadol,OPRM1,ClinVar,CV,response
rs7759388,tramadol,OPRM1,ClinVar,CV,response
rs776006523,tramadol,OPRM1,ClinVar,CV,response
rs1583898985,tramadol,OPRM1,ClinVar,CV,response
rs34427887,tramadol,OPRM1,ClinVar,CV,response
rs200867200,tramadol,OPRM1,ClinVar,CV,response
rs1292131899,tramadol,OPRM1,ClinVar,CV,response
rs1583899365,tramadol,OPRM1,ClinVar,CV,response
rs1583899414,tramadol,OPRM1,ClinVar,CV,response
rs1583899537,tramadol,OPRM1,ClinVar,CV,response
rs200041340,tramadol,OPRM1,ClinVar,CV,response
rs1583899666,tramadol,OPRM1,ClinVar,CV,response
rs37973,"glucocorticoid therapy, to",GLCCI1,ClinVar,CV,response
rs119457968,ezetimibe,NPC1L1,ClinVar,CV,response
rs397517085,tyrosine kinase inhibitor,EGFR,ClinVar,CV,response
rs28929495,"nonsmall cell lung cancer, to tyrosine kinase inhibitor in, somatic",EGFR,ClinVar,CV,response
rs28929495,tyrosine kinase inhibitor,EGFR,ClinVar,CV,response
rs28929495,"nonsmall cell lung cancer, to tyrosine kinase inhibitor in, somatic",EGFR,ClinVar,CV,response
rs727503014,tyrosine kinase inhibitor,EGFR,ClinVar,CV,response
rs727504326,tyrosine kinase inhibitor,EGFR,ClinVar,CV,response
rs727504324,tyrosine kinase inhibitor,EGFR,ClinVar,CV,response
rs727504428,tyrosine kinase inhibitor,EGFR,ClinVar,CV,response
rs727504266,tyrosine kinase inhibitor,EGFR,ClinVar,CV,response
rs121913436,tyrosine kinase inhibitor,EGFR,ClinVar,CV,response
rs727504281,tyrosine kinase inhibitor,EGFR,ClinVar,CV,response
rs727504332,tyrosine kinase inhibitor,EGFR,ClinVar,CV,response
rs121913425,tyrosine kinase inhibitor,EGFR,ClinVar,CV,response
rs727504402,tyrosine kinase inhibitor,EGFR,ClinVar,CV,response
rs121913422,tyrosine kinase inhibitor,EGFR,ClinVar,CV,response
rs727504444,tyrosine kinase inhibitor,EGFR,ClinVar,CV,response
rs727503015,tyrosine kinase inhibitor,EGFR,ClinVar,CV,response
rs727503015,tyrosine kinase inhibitor,EGFR,ClinVar,CV,response
rs727503016,tyrosine kinase inhibitor,EGFR,ClinVar,CV,response
rs121913442,tyrosine kinase inhibitor,EGFR,ClinVar,CV,response
rs727504258,tyrosine kinase inhibitor,EGFR,ClinVar,CV,response
rs121913424,tyrosine kinase inhibitor,EGFR,ClinVar,CV,response
rs727504282,tyrosine kinase inhibitor,EGFR,ClinVar,CV,response
rs121913435,tyrosine kinase inhibitor,EGFR,ClinVar,CV,response
rs727504257,tyrosine kinase inhibitor,EGFR,ClinVar,CV,response
rs121913440,tyrosine kinase inhibitor,EGFR,ClinVar,CV,response
rs727504278,tyrosine kinase inhibitor,EGFR,ClinVar,CV,response
rs397509368,"nonsmall cell lung cancer, to tyrosine kinase inhibitor in, somatic",EGFR,ClinVar,CV,response
rs397509368,tyrosine kinase inhibitor,EGFR,ClinVar,CV,response
rs727504339,tyrosine kinase inhibitor,EGFR,ClinVar,CV,response
rs727504339,tyrosine kinase inhibitor,EGFR,ClinVar,CV,response
rs121913438,tyrosine kinase inhibitor,EGFR,ClinVar,CV,response
rs121913438,"nonsmall cell lung cancer, to tyrosine kinase inhibitor in, somatic",EGFR,ClinVar,CV,response
rs727504414,tyrosine kinase inhibitor,EGFR,ClinVar,CV,response
rs727504395,tyrosine kinase inhibitor,EGFR,ClinVar,CV,response
rs727504316,tyrosine kinase inhibitor,EGFR,ClinVar,CV,response
rs727504232,tyrosine kinase inhibitor,EGFR,ClinVar,CV,response
rs121913463,tyrosine kinase inhibitor,EGFR,ClinVar,CV,response
rs1554350337,tyrosine kinase inhibitor,EGFR,ClinVar,CV,response
rs727504263,tyrosine kinase inhibitor,EGFR,ClinVar,CV,response
rs397517109,tyrosine kinase inhibitor,EGFR,ClinVar,CV,response
rs1554350367,tyrosine kinase inhibitor,EGFR,ClinVar,CV,response
rs730880333,tyrosine kinase inhibitor,EGFR,ClinVar,CV,response
rs397517115,tyrosine kinase inhibitor,EGFR,ClinVar,CV,response
rs1554350347,tyrosine kinase inhibitor,EGFR,ClinVar,CV,response
rs727503019,tyrosine kinase inhibitor,EGFR,ClinVar,CV,response
rs727503013,tyrosine kinase inhibitor,EGFR,ClinVar,CV,response
rs1554350351,tyrosine kinase inhibitor,EGFR,ClinVar,CV,response
rs1554350351,tyrosine kinase inhibitor,EGFR,ClinVar,CV,response
rs727503020,tyrosine kinase inhibitor,EGFR,ClinVar,CV,response
rs727503021,tyrosine kinase inhibitor,EGFR,ClinVar,CV,response
rs121434569,tyrosine kinase inhibitor,EGFR,ClinVar,CV,response
rs121434569,gefitinib,EGFR,ClinVar,CV,response
rs121434569,erlotinib,EGFR,ClinVar,CV,response
rs121434568,gefitinib,EGFR,ClinVar,CV,response
rs121434568,"nonsmall cell lung cancer, to tyrosine kinase inhibitor in, somatic",EGFR,ClinVar,CV,response
rs121434568,"adenocarcinoma of lung, to tyrosine kinase inhibitor in, somatic",EGFR,ClinVar,CV,response
rs121434568,tyrosine kinase inhibitor,EGFR,ClinVar,CV,response
rs121913444,tyrosine kinase inhibitor,EGFR,ClinVar,CV,response
rs1584823236,tramadol,ABCB1,ClinVar,CV,response
rs1584823240,tramadol,ABCB1,ClinVar,CV,response
rs1584823244,tramadol,ABCB1,ClinVar,CV,response
rs1584823254,tramadol,ABCB1,ClinVar,CV,response
rs887308819,tramadol,ABCB1,ClinVar,CV,response
rs1584823290,tramadol,ABCB1,ClinVar,CV,response
rs1414173164,tramadol,ABCB1,ClinVar,CV,response
rs1584823368,tramadol,ABCB1,ClinVar,CV,response
rs1584823377,tramadol,ABCB1,ClinVar,CV,response
rs549753290,tramadol,ABCB1,ClinVar,CV,response
rs3842,tramadol,ABCB1,ClinVar,CV,response
rs1584823470,tramadol,ABCB1,ClinVar,CV,response
rs1584823473,tramadol,ABCB1,ClinVar,CV,response
rs781008688,tramadol,ABCB1,ClinVar,CV,response
rs1584823480,tramadol,ABCB1,ClinVar,CV,response
rs1201355238,tramadol,ABCB1,ClinVar,CV,response
rs1584823499,tramadol,ABCB1,ClinVar,CV,response
rs1584823519,tramadol,ABCB1,ClinVar,CV,response
rs1584823531,tramadol,ABCB1,ClinVar,CV,response
rs1584823541,tramadol,ABCB1,ClinVar,CV,response
rs1584823594,tramadol,ABCB1,ClinVar,CV,response
rs17064,tramadol,ABCB1,ClinVar,CV,response
rs1584823642,tramadol,ABCB1,ClinVar,CV,response
rs1584823651,tramadol,ABCB1,ClinVar,CV,response
rs1584823655,tramadol,ABCB1,ClinVar,CV,response
rs1584823683,tramadol,ABCB1,ClinVar,CV,response
rs749904097,tramadol,ABCB1,ClinVar,CV,response
rs1584823717,tramadol,ABCB1,ClinVar,CV,response
rs202026600,tramadol,ABCB1,ClinVar,CV,response
rs1584823745,tramadol,ABCB1,ClinVar,CV,response
rs1457191518,tramadol,ABCB1,ClinVar,CV,response
rs1415447553,tramadol,ABCB1,ClinVar,CV,response
rs1584823811,tramadol,ABCB1,ClinVar,CV,response
rs1584823866,tramadol,ABCB1,ClinVar,CV,response
rs1373455786,tramadol,ABCB1,ClinVar,CV,response
rs201609930,tramadol,ABCB1,ClinVar,CV,response
rs1584824009,tramadol,ABCB1,ClinVar,CV,response
rs757394498,tramadol,ABCB1,ClinVar,CV,response
rs1584824060,tramadol,ABCB1,ClinVar,CV,response
rs1584824131,tramadol,ABCB1,ClinVar,CV,response
rs1584824153,tramadol,ABCB1,ClinVar,CV,response
rs1584824159,tramadol,ABCB1,ClinVar,CV,response
rs1584824182,tramadol,ABCB1,ClinVar,CV,response
rs1584826185,tramadol,ABCB1,ClinVar,CV,response
rs1584826310,tramadol,ABCB1,ClinVar,CV,response
rs1584826349,tramadol,ABCB1,ClinVar,CV,response
rs764463583,tramadol,ABCB1,ClinVar,CV,response
rs1421351917,tramadol,ABCB1,ClinVar,CV,response
rs1584826422,tramadol,ABCB1,ClinVar,CV,response
rs1584826433,tramadol,ABCB1,ClinVar,CV,response
rs1584826485,tramadol,ABCB1,ClinVar,CV,response
rs1584826521,tramadol,ABCB1,ClinVar,CV,response
rs1584826524,tramadol,ABCB1,ClinVar,CV,response
rs1584826607,tramadol,ABCB1,ClinVar,CV,response
rs1584826651,tramadol,ABCB1,ClinVar,CV,response
rs762374613,tramadol,ABCB1,ClinVar,CV,response
rs1255216813,tramadol,ABCB1,ClinVar,CV,response
rs1584829568,tramadol,ABCB1,ClinVar,CV,response
rs758212180,tramadol,ABCB1,ClinVar,CV,response
rs1253462004,tramadol,ABCB1,ClinVar,CV,response
rs1584829602,tramadol,ABCB1,ClinVar,CV,response
rs1455949602,tramadol,ABCB1,ClinVar,CV,response
rs1584829753,tramadol,ABCB1,ClinVar,CV,response
rs1290687132,tramadol,ABCB1,ClinVar,CV,response
rs61040122,tramadol,ABCB1,ClinVar,CV,response
rs1584829851,tramadol,ABCB1,ClinVar,CV,response
rs949343048,tramadol,ABCB1,ClinVar,CV,response
rs1584829872,tramadol,ABCB1,ClinVar,CV,response
rs141755720,tramadol,ABCB1,ClinVar,CV,response
rs746205498,tramadol,ABCB1,ClinVar,CV,response
rs1584834617,tramadol,ABCB1,ClinVar,CV,response
rs1584834623,tramadol,ABCB1,ClinVar,CV,response
rs776827328,tramadol,ABCB1,ClinVar,CV,response
rs1377795423,tramadol,ABCB1,ClinVar,CV,response
rs1584834796,tramadol,ABCB1,ClinVar,CV,response
rs373789868,tramadol,ABCB1,ClinVar,CV,response
rs1584834848,tramadol,ABCB1,ClinVar,CV,response
rs368096241,tramadol,ABCB1,ClinVar,CV,response
rs761914266,tramadol,ABCB1,ClinVar,CV,response
rs1584834899,tramadol,ABCB1,ClinVar,CV,response
rs1584834930,tramadol,ABCB1,ClinVar,CV,response
rs756736504,tramadol,ABCB1,ClinVar,CV,response
rs1584835033,tramadol,ABCB1,ClinVar,CV,response
rs1584835130,tramadol,ABCB1,ClinVar,CV,response
rs1584835173,tramadol,ABCB1,ClinVar,CV,response
rs1584835202,tramadol,ABCB1,ClinVar,CV,response
rs1584835214,tramadol,ABCB1,ClinVar,CV,response
rs1584835244,tramadol,ABCB1,ClinVar,CV,response
rs898222211,tramadol,ABCB1,ClinVar,CV,response
rs1584836629,tramadol,ABCB1,ClinVar,CV,response
rs1584836644,tramadol,ABCB1,ClinVar,CV,response
rs1584836653,tramadol,ABCB1,ClinVar,CV,response
rs1584836737,tramadol,ABCB1,ClinVar,CV,response
rs1306027704,tramadol,ABCB1,ClinVar,CV,response
rs1584840431,tramadol,ABCB1,ClinVar,CV,response
rs1584840436,tramadol,ABCB1,ClinVar,CV,response
rs1584840439,tramadol,ABCB1,ClinVar,CV,response
rs1584840441,tramadol,ABCB1,ClinVar,CV,response
rs1584840613,tramadol,ABCB1,ClinVar,CV,response
rs1584840650,tramadol,ABCB1,ClinVar,CV,response
rs1584840663,tramadol,ABCB1,ClinVar,CV,response
rs1225969541,tramadol,ABCB1,ClinVar,CV,response
rs1584840710,tramadol,ABCB1,ClinVar,CV,response
rs758454815,tramadol,ABCB1,ClinVar,CV,response
rs1584841757,tramadol,ABCB1,ClinVar,CV,response
rs532094830,tramadol,ABCB1,ClinVar,CV,response
rs1468049509,tramadol,ABCB1,ClinVar,CV,response
rs1584841967,tramadol,ABCB1,ClinVar,CV,response
rs1584841973,tramadol,ABCB1,ClinVar,CV,response
rs1584852928,tramadol,ABCB1,ClinVar,CV,response
rs1584852932,tramadol,ABCB1,ClinVar,CV,response
rs1292455657,tramadol,ABCB1,ClinVar,CV,response
rs147823195,tramadol,ABCB1,ClinVar,CV,response
rs1584853136,tramadol,ABCB1,ClinVar,CV,response
rs1584853146,tramadol,ABCB1,ClinVar,CV,response
rs1584853152,tramadol,ABCB1,ClinVar,CV,response
rs1375773702,tramadol,ABCB1,ClinVar,CV,response
rs1584857518,tramadol,ABCB1,ClinVar,CV,response
rs1584857539,tramadol,ABCB1,ClinVar,CV,response
rs1584857543,tramadol,ABCB1,ClinVar,CV,response
rs768893111,tramadol,ABCB1,ClinVar,CV,response
rs1584857558,tramadol,ABCB1,ClinVar,CV,response
rs1584857640,tramadol,ABCB1,ClinVar,CV,response
rs1584859774,tramadol,ABCB1,ClinVar,CV,response
rs1584859789,tramadol,ABCB1,ClinVar,CV,response
rs201249149,tramadol,ABCB1,ClinVar,CV,response
rs199779996,tramadol,ABCB1,ClinVar,CV,response
rs1584859927,tramadol,ABCB1,ClinVar,CV,response
rs1584859968,tramadol,ABCB1,ClinVar,CV,response
rs1354465955,tramadol,ABCB1,ClinVar,CV,response
rs1177210906,tramadol,ABCB1,ClinVar,CV,response
rs1584860048,tramadol,ABCB1,ClinVar,CV,response
rs1584861751,tramadol,ABCB1,ClinVar,CV,response
rs1584861789,tramadol,ABCB1,ClinVar,CV,response
rs1584861846,tramadol,ABCB1,ClinVar,CV,response
rs1584861940,tramadol,ABCB1,ClinVar,CV,response
rs1584861948,tramadol,ABCB1,ClinVar,CV,response
rs1584861959,tramadol,ABCB1,ClinVar,CV,response
rs1584861968,tramadol,ABCB1,ClinVar,CV,response
rs2235062,tramadol,ABCB1,ClinVar,CV,response
rs1584862080,tramadol,ABCB1,ClinVar,CV,response
rs1584862137,tramadol,ABCB1,ClinVar,CV,response
rs1584862144,tramadol,ABCB1,ClinVar,CV,response
rs1215218029,tramadol,ABCB1,ClinVar,CV,response
rs1584862188,tramadol,ABCB1,ClinVar,CV,response
rs1584862195,tramadol,ABCB1,ClinVar,CV,response
rs1584864515,tramadol,ABCB1,ClinVar,CV,response
rs987724889,tramadol,ABCB1,ClinVar,CV,response
rs1584864525,tramadol,ABCB1,ClinVar,CV,response
rs1342363724,tramadol,ABCB1,ClinVar,CV,response
rs1584864535,tramadol,ABCB1,ClinVar,CV,response
rs1584864540,tramadol,ABCB1,ClinVar,CV,response
rs202180045,tramadol,ABCB1,ClinVar,CV,response
rs1584864555,tramadol,ABCB1,ClinVar,CV,response
rs1291526534,tramadol,ABCB1,ClinVar,CV,response
rs1584864582,tramadol,ABCB1,ClinVar,CV,response
rs1584864590,tramadol,ABCB1,ClinVar,CV,response
rs1584864714,tramadol,ABCB1,ClinVar,CV,response
rs1584864725,tramadol,ABCB1,ClinVar,CV,response
rs1584864743,tramadol,ABCB1,ClinVar,CV,response
rs1922242,tramadol,ABCB1,ClinVar,CV,response
rs1584864863,tramadol,ABCB1,ClinVar,CV,response
rs1584864874,tramadol,ABCB1,ClinVar,CV,response
rs1584864880,tramadol,ABCB1,ClinVar,CV,response
rs1584864890,tramadol,ABCB1,ClinVar,CV,response
rs928039773,tramadol,ABCB1,ClinVar,CV,response
rs1584864923,tramadol,ABCB1,ClinVar,CV,response
rs1584865238,tramadol,ABCB1,ClinVar,CV,response
rs2235046,tramadol,ABCB1,ClinVar,CV,response
rs756910860,tramadol,ABCB1,ClinVar,CV,response
rs1353988860,tramadol,ABCB1,ClinVar,CV,response
rs1584865310,tramadol,ABCB1,ClinVar,CV,response
rs200120627,tramadol,ABCB1,ClinVar,CV,response
rs1584865377,tramadol,ABCB1,ClinVar,CV,response
rs750020655,tramadol,ABCB1,ClinVar,CV,response
rs1372487776,tramadol,ABCB1,ClinVar,CV,response
rs1369339362,tramadol,ABCB1,ClinVar,CV,response
rs28381920,tramadol,ABCB1,ClinVar,CV,response
rs1584865847,tramadol,ABCB1,ClinVar,CV,response
rs1584866513,tramadol,ABCB1,ClinVar,CV,response
rs1584866517,tramadol,ABCB1,ClinVar,CV,response
rs1584866531,tramadol,ABCB1,ClinVar,CV,response
rs1584866539,tramadol,ABCB1,ClinVar,CV,response
rs1584866716,tramadol,ABCB1,ClinVar,CV,response
rs759177745,tramadol,ABCB1,ClinVar,CV,response
rs201122883,tramadol,ABCB1,ClinVar,CV,response
rs1584866897,tramadol,ABCB1,ClinVar,CV,response
rs1563045087,tramadol,ABCB1,ClinVar,CV,response
rs1584867527,tramadol,ABCB1,ClinVar,CV,response
rs1584867530,tramadol,ABCB1,ClinVar,CV,response
rs1584867532,tramadol,ABCB1,ClinVar,CV,response
rs1584867557,tramadol,ABCB1,ClinVar,CV,response
rs1584870154,tramadol,ABCB1,ClinVar,CV,response
rs936689901,tramadol,ABCB1,ClinVar,CV,response
rs1209017436,tramadol,ABCB1,ClinVar,CV,response
rs28381903,tramadol,ABCB1,ClinVar,CV,response
rs1584870236,tramadol,ABCB1,ClinVar,CV,response
rs2235013,tramadol,ABCB1,ClinVar,CV,response
rs1584870326,tramadol,ABCB1,ClinVar,CV,response
rs755085099,tramadol,ABCB1,ClinVar,CV,response
rs1374940464,tramadol,ABCB1,ClinVar,CV,response
rs1584870462,tramadol,ABCB1,ClinVar,CV,response
rs1584870522,tramadol,ABCB1,ClinVar,CV,response
rs769400173,tramadol,ABCB1,ClinVar,CV,response
rs1584870562,tramadol,ABCB1,ClinVar,CV,response
rs1584870588,tramadol,ABCB1,ClinVar,CV,response
rs1239586220,tramadol,ABCB1,ClinVar,CV,response
rs1584870644,tramadol,ABCB1,ClinVar,CV,response
rs1387659216,tramadol,ABCB1,ClinVar,CV,response
rs1584870717,tramadol,ABCB1,ClinVar,CV,response
rs1008523470,tramadol,ABCB1,ClinVar,CV,response
rs1584870734,tramadol,ABCB1,ClinVar,CV,response
rs1584870737,tramadol,ABCB1,ClinVar,CV,response
rs1584870744,tramadol,ABCB1,ClinVar,CV,response
rs2235035,tramadol,ABCB1,ClinVar,CV,response
rs1584870801,tramadol,ABCB1,ClinVar,CV,response
rs1229084791,tramadol,ABCB1,ClinVar,CV,response
rs989584849,tramadol,ABCB1,ClinVar,CV,response
rs1584870839,tramadol,ABCB1,ClinVar,CV,response
rs2235033,tramadol,ABCB1,ClinVar,CV,response
rs1584871120,tramadol,ABCB1,ClinVar,CV,response
rs1584871159,tramadol,ABCB1,ClinVar,CV,response
rs1584871252,tramadol,ABCB1,ClinVar,CV,response
rs1584871266,tramadol,ABCB1,ClinVar,CV,response
rs2032588,tramadol,ABCB1,ClinVar,CV,response
rs1584871277,tramadol,ABCB1,ClinVar,CV,response
rs1584871295,tramadol,ABCB1,ClinVar,CV,response
rs1465156359,tramadol,ABCB1,ClinVar,CV,response
rs1584871312,tramadol,ABCB1,ClinVar,CV,response
rs377260637,tramadol,ABCB1,ClinVar,CV,response
rs1584871355,tramadol,ABCB1,ClinVar,CV,response
rs139611979,tramadol,ABCB1,ClinVar,CV,response
rs201725784,tramadol,ABCB1,ClinVar,CV,response
rs1584871437,tramadol,ABCB1,ClinVar,CV,response
rs1584871479,tramadol,ABCB1,ClinVar,CV,response
rs1584871482,tramadol,ABCB1,ClinVar,CV,response
rs1584871494,tramadol,ABCB1,ClinVar,CV,response
rs755399685,tramadol,ABCB1,ClinVar,CV,response
rs201678613,tramadol,ABCB1,ClinVar,CV,response
rs1584871513,tramadol,ABCB1,ClinVar,CV,response
rs1584871572,tramadol,ABCB1,ClinVar,CV,response
rs1584871577,tramadol,ABCB1,ClinVar,CV,response
rs1584871582,tramadol,ABCB1,ClinVar,CV,response
rs1584871639,tramadol,ABCB1,ClinVar,CV,response
rs1584871672,tramadol,ABCB1,ClinVar,CV,response
rs1584871701,tramadol,ABCB1,ClinVar,CV,response
rs1584871706,tramadol,ABCB1,ClinVar,CV,response
rs1584871734,tramadol,ABCB1,ClinVar,CV,response
rs1584871788,tramadol,ABCB1,ClinVar,CV,response
rs1584871842,tramadol,ABCB1,ClinVar,CV,response
rs1584871861,tramadol,ABCB1,ClinVar,CV,response
rs746946995,tramadol,ABCB1,ClinVar,CV,response
rs1584871933,tramadol,ABCB1,ClinVar,CV,response
rs1584871947,tramadol,ABCB1,ClinVar,CV,response
rs1584871955,tramadol,ABCB1,ClinVar,CV,response
rs199578136,tramadol,ABCB1,ClinVar,CV,response
rs1584872123,tramadol,ABCB1,ClinVar,CV,response
rs1584872136,tramadol,ABCB1,ClinVar,CV,response
rs1584872141,tramadol,ABCB1,ClinVar,CV,response
rs1584872146,tramadol,ABCB1,ClinVar,CV,response
rs1584872159,tramadol,ABCB1,ClinVar,CV,response
rs1584872191,tramadol,ABCB1,ClinVar,CV,response
rs1584872207,tramadol,ABCB1,ClinVar,CV,response
rs1168879904,tramadol,ABCB1,ClinVar,CV,response
rs1584872301,tramadol,ABCB1,ClinVar,CV,response
rs1584872342,tramadol,ABCB1,ClinVar,CV,response
rs1584872360,tramadol,ABCB1,ClinVar,CV,response
rs1584872372,tramadol,ABCB1,ClinVar,CV,response
rs1472049062,tramadol,ABCB1,ClinVar,CV,response
rs766402999,tramadol,ABCB1,ClinVar,CV,response
rs202013565,tramadol,ABCB1,ClinVar,CV,response
rs10276036,tramadol,ABCB1,ClinVar,CV,response
rs778715012,tramadol,ABCB1,ClinVar,CV,response
rs1584872523,tramadol,ABCB1,ClinVar,CV,response
rs1027598958,tramadol,ABCB1,ClinVar,CV,response
rs1584875156,tramadol,ABCB1,ClinVar,CV,response
rs1584875166,tramadol,ABCB1,ClinVar,CV,response
rs200490161,tramadol,ABCB1,ClinVar,CV,response
rs1584875299,tramadol,ABCB1,ClinVar,CV,response
rs1018001117,tramadol,ABCB1,ClinVar,CV,response
rs1584875420,tramadol,ABCB1,ClinVar,CV,response
rs1584875429,tramadol,ABCB1,ClinVar,CV,response
rs1297328873,tramadol,ABCB1,ClinVar,CV,response
rs1584875546,tramadol,ABCB1,ClinVar,CV,response
rs779701045,tramadol,ABCB1,ClinVar,CV,response
rs1584875572,tramadol,ABCB1,ClinVar,CV,response
rs1584875617,tramadol,ABCB1,ClinVar,CV,response
rs1445722698,tramadol,ABCB1,ClinVar,CV,response
rs1922240,tramadol,ABCB1,ClinVar,CV,response
rs1584875679,tramadol,ABCB1,ClinVar,CV,response
rs1584875690,tramadol,ABCB1,ClinVar,CV,response
rs1584875732,tramadol,ABCB1,ClinVar,CV,response
rs1584875845,tramadol,ABCB1,ClinVar,CV,response
rs1317002705,tramadol,ABCB1,ClinVar,CV,response
rs566654614,tramadol,ABCB1,ClinVar,CV,response
rs1584876051,tramadol,ABCB1,ClinVar,CV,response
rs1584876122,tramadol,ABCB1,ClinVar,CV,response
rs28381877,tramadol,ABCB1,ClinVar,CV,response
rs1584876165,tramadol,ABCB1,ClinVar,CV,response
rs1584876196,tramadol,ABCB1,ClinVar,CV,response
rs1584876204,tramadol,ABCB1,ClinVar,CV,response
rs982764376,tramadol,ABCB1,ClinVar,CV,response
rs28381875,tramadol,ABCB1,ClinVar,CV,response
rs1584876354,tramadol,ABCB1,ClinVar,CV,response
rs1584880914,tramadol,ABCB1,ClinVar,CV,response
rs1229537494,tramadol,ABCB1,ClinVar,CV,response
rs1584880919,tramadol,ABCB1,ClinVar,CV,response
rs1376124155,tramadol,ABCB1,ClinVar,CV,response
rs1584881029,tramadol,ABCB1,ClinVar,CV,response
rs1584881050,tramadol,ABCB1,ClinVar,CV,response
rs1584881055,tramadol,ABCB1,ClinVar,CV,response
rs868755,tramadol,ABCB1,ClinVar,CV,response
rs1235811417,tramadol,ABCB1,ClinVar,CV,response
rs780878256,tramadol,ABCB1,ClinVar,CV,response
rs1584881535,tramadol,ABCB1,ClinVar,CV,response
rs1584881586,tramadol,ABCB1,ClinVar,CV,response
rs1584881633,tramadol,ABCB1,ClinVar,CV,response
rs1584881689,tramadol,ABCB1,ClinVar,CV,response
rs1584881716,tramadol,ABCB1,ClinVar,CV,response
rs1584881721,tramadol,ABCB1,ClinVar,CV,response
rs1259527290,tramadol,ABCB1,ClinVar,CV,response
rs779274456,tramadol,ABCB1,ClinVar,CV,response
rs1584882616,tramadol,ABCB1,ClinVar,CV,response
rs1584882620,tramadol,ABCB1,ClinVar,CV,response
rs1584882625,tramadol,ABCB1,ClinVar,CV,response
rs13237132,tramadol,ABCB1,ClinVar,CV,response
rs1584882718,tramadol,ABCB1,ClinVar,CV,response
rs1584882723,tramadol,ABCB1,ClinVar,CV,response
rs1464634362,tramadol,ABCB1,ClinVar,CV,response
rs1410758133,tramadol,ABCB1,ClinVar,CV,response
rs1584885500,tramadol,ABCB1,ClinVar,CV,response
rs1584885509,tramadol,ABCB1,ClinVar,CV,response
rs1584885551,tramadol,ABCB1,ClinVar,CV,response
rs1202170,tramadol,ABCB1,ClinVar,CV,response
rs1046963200,tramadol,ABCB1,ClinVar,CV,response
rs1584885852,tramadol,ABCB1,ClinVar,CV,response
rs1584885927,tramadol,ABCB1,ClinVar,CV,response
rs199939852,tramadol,ABCB1,ClinVar,CV,response
rs1584886062,tramadol,ABCB1,ClinVar,CV,response
rs1584886072,tramadol,ABCB1,ClinVar,CV,response
rs1403432068,tramadol,ABCB1,ClinVar,CV,response
rs1584886173,tramadol,ABCB1,ClinVar,CV,response
rs1584886228,tramadol,ABCB1,ClinVar,CV,response
rs1584886384,tramadol,ABCB1,ClinVar,CV,response
rs1584886392,tramadol,ABCB1,ClinVar,CV,response
rs1016975479,tramadol,ABCB1,ClinVar,CV,response
rs28381848,tramadol,ABCB1,ClinVar,CV,response
rs1584886492,tramadol,ABCB1,ClinVar,CV,response
rs1202168,tramadol,ABCB1,ClinVar,CV,response
rs1584886587,tramadol,ABCB1,ClinVar,CV,response
rs752103700,tramadol,ABCB1,ClinVar,CV,response
rs1584886661,tramadol,ABCB1,ClinVar,CV,response
rs1297599774,tramadol,ABCB1,ClinVar,CV,response
rs1584886694,tramadol,ABCB1,ClinVar,CV,response
rs201280497,tramadol,ABCB1,ClinVar,CV,response
rs1584886735,tramadol,ABCB1,ClinVar,CV,response
rs61122623,tramadol,ABCB1,ClinVar,CV,response
rs1584886768,tramadol,ABCB1,ClinVar,CV,response
rs1584886787,tramadol,ABCB1,ClinVar,CV,response
rs753065601,tramadol,ABCB1,ClinVar,CV,response
rs1584886875,tramadol,ABCB1,ClinVar,CV,response
rs759986853,tramadol,ABCB1,ClinVar,CV,response
rs1584886962,tramadol,ABCB1,ClinVar,CV,response
rs1584886995,tramadol,ABCB1,ClinVar,CV,response
rs1584887050,tramadol,ABCB1,ClinVar,CV,response
rs1584887226,tramadol,ABCB1,ClinVar,CV,response
rs1368229642,tramadol,ABCB1,ClinVar,CV,response
rs915714963,tramadol,ABCB1,ClinVar,CV,response
rs1370696292,tramadol,ABCB1,ClinVar,CV,response
rs939340150,tramadol,ABCB1,ClinVar,CV,response
rs1584887273,tramadol,ABCB1,ClinVar,CV,response
rs1584887296,tramadol,ABCB1,ClinVar,CV,response
rs1584887312,tramadol,ABCB1,ClinVar,CV,response
rs1584887315,tramadol,ABCB1,ClinVar,CV,response
rs1584887330,tramadol,ABCB1,ClinVar,CV,response
rs1584887344,tramadol,ABCB1,ClinVar,CV,response
rs1584887358,tramadol,ABCB1,ClinVar,CV,response
rs1584887366,tramadol,ABCB1,ClinVar,CV,response
rs1584889692,tramadol,ABCB1,ClinVar,CV,response
rs1584889697,tramadol,ABCB1,ClinVar,CV,response
rs1584889701,tramadol,ABCB1,ClinVar,CV,response
rs1584889708,tramadol,ABCB1,ClinVar,CV,response
rs1584889711,tramadol,ABCB1,ClinVar,CV,response
rs1584889722,tramadol,ABCB1,ClinVar,CV,response
rs1584889733,tramadol,ABCB1,ClinVar,CV,response
rs1016793,tramadol,ABCB1,ClinVar,CV,response
rs1584889745,tramadol,ABCB1,ClinVar,CV,response
rs1584889754,tramadol,ABCB1,ClinVar,CV,response
rs2235021,tramadol,ABCB1,ClinVar,CV,response
rs2235020,tramadol,ABCB1,ClinVar,CV,response
rs2235019,tramadol,ABCB1,ClinVar,CV,response
rs1584889859,tramadol,ABCB1,ClinVar,CV,response
rs2235018,tramadol,ABCB1,ClinVar,CV,response
rs1584889905,tramadol,ABCB1,ClinVar,CV,response
rs1007307351,tramadol,ABCB1,ClinVar,CV,response
rs1584889940,tramadol,ABCB1,ClinVar,CV,response
rs1584889961,tramadol,ABCB1,ClinVar,CV,response
rs1370607856,tramadol,ABCB1,ClinVar,CV,response
rs1584890095,tramadol,ABCB1,ClinVar,CV,response
rs1584890130,tramadol,ABCB1,ClinVar,CV,response
rs1584890268,tramadol,ABCB1,ClinVar,CV,response
rs1584890282,tramadol,ABCB1,ClinVar,CV,response
rs1584890294,tramadol,ABCB1,ClinVar,CV,response
rs1584901639,tramadol,ABCB1,ClinVar,CV,response
rs1584901651,tramadol,ABCB1,ClinVar,CV,response
rs1584901654,tramadol,ABCB1,ClinVar,CV,response
rs7809208,tramadol,ABCB1,ClinVar,CV,response
rs1584901803,tramadol,ABCB1,ClinVar,CV,response
rs1584901860,tramadol,ABCB1,ClinVar,CV,response
rs28381827,tramadol,ABCB1,ClinVar,CV,response
rs1584901891,tramadol,ABCB1,ClinVar,CV,response
rs1584901896,tramadol,ABCB1,ClinVar,CV,response
rs1584901920,tramadol,ABCB1,ClinVar,CV,response
rs1584901951,tramadol,ABCB1,ClinVar,CV,response
rs1584901984,tramadol,ABCB1,ClinVar,CV,response
rs1584901992,tramadol,ABCB1,ClinVar,CV,response
rs1584901996,tramadol,ABCB1,ClinVar,CV,response
rs1584902000,tramadol,ABCB1,ClinVar,CV,response
rs1563063804,tramadol,ABCB1,ClinVar,CV,response
rs565311765,tramadol,ABCB1,ClinVar,CV,response
rs1584902074,tramadol,ABCB1,ClinVar,CV,response
rs1584902150,tramadol,ABCB1,ClinVar,CV,response
rs28381825,tramadol,ABCB1,ClinVar,CV,response
rs1584902180,tramadol,ABCB1,ClinVar,CV,response
rs1584902204,tramadol,ABCB1,ClinVar,CV,response
rs1584902218,tramadol,ABCB1,ClinVar,CV,response
rs1584902264,tramadol,ABCB1,ClinVar,CV,response
rs1584902271,tramadol,ABCB1,ClinVar,CV,response
rs1563063911,tramadol,ABCB1,ClinVar,CV,response
rs1584902336,tramadol,ABCB1,ClinVar,CV,response
rs1584902348,tramadol,ABCB1,ClinVar,CV,response
rs764061195,tramadol,ABCB1,ClinVar,CV,response
rs1584902369,tramadol,ABCB1,ClinVar,CV,response
rs1584902411,tramadol,ABCB1,ClinVar,CV,response
rs1584902425,tramadol,ABCB1,ClinVar,CV,response
rs1584902437,tramadol,ABCB1,ClinVar,CV,response
rs1584902466,tramadol,ABCB1,ClinVar,CV,response
rs115493381,tramadol,ABCB1,ClinVar,CV,response
rs957318449,tramadol,ABCB1,ClinVar,CV,response
rs1584902579,tramadol,ABCB1,ClinVar,CV,response
rs1584902591,tramadol,ABCB1,ClinVar,CV,response
rs1347885425,tramadol,ABCB1,ClinVar,CV,response
rs1584902609,tramadol,ABCB1,ClinVar,CV,response
rs1584902619,tramadol,ABCB1,ClinVar,CV,response
rs754592414,tramadol,ABCB1,ClinVar,CV,response
rs116788440,tramadol,ABCB1,ClinVar,CV,response
rs1211152,tramadol,ABCB1,ClinVar,CV,response
rs1584902756,tramadol,ABCB1,ClinVar,CV,response
rs1584910469,tramadol,ABCB1,ClinVar,CV,response
rs1584910473,tramadol,ABCB1,ClinVar,CV,response
rs1584910478,tramadol,ABCB1,ClinVar,CV,response
rs1584910554,tramadol,ABCB1,ClinVar,CV,response
rs1584910566,tramadol,ABCB1,ClinVar,CV,response
rs377623963,tramadol,ABCB1,ClinVar,CV,response
rs1584910621,tramadol,ABCB1,ClinVar,CV,response
rs28381817,tramadol,ABCB1,ClinVar,CV,response
rs1488249711,tramadol,ABCB1,ClinVar,CV,response
rs924572540,tramadol,ABCB1,ClinVar,CV,response
rs962879803,tramadol,ABCB1,ClinVar,CV,response
rs1584910858,tramadol,ABCB1,ClinVar,CV,response
rs1584910872,tramadol,ABCB1,ClinVar,CV,response
rs1584910875,tramadol,ABCB1,ClinVar,CV,response
rs1584910879,tramadol,ABCB1,ClinVar,CV,response
rs1584910893,tramadol,ABCB1,ClinVar,CV,response
rs1584910898,tramadol,ABCB1,ClinVar,CV,response
rs1584910901,tramadol,ABCB1,ClinVar,CV,response
rs1584910904,tramadol,ABCB1,ClinVar,CV,response
rs1584910912,tramadol,ABCB1,ClinVar,CV,response
rs1584910920,tramadol,ABCB1,ClinVar,CV,response
rs1584910934,tramadol,ABCB1,ClinVar,CV,response
rs2235075,tramadol,ABCB1,ClinVar,CV,response
rs1584910945,tramadol,ABCB1,ClinVar,CV,response
rs1584910949,tramadol,ABCB1,ClinVar,CV,response
rs1584910952,tramadol,ABCB1,ClinVar,CV,response
rs1584910957,tramadol,ABCB1,ClinVar,CV,response
rs2214103,tramadol,ABCB1,ClinVar,CV,response
rs1584910973,tramadol,ABCB1,ClinVar,CV,response
rs1584911001,tramadol,ABCB1,ClinVar,CV,response
rs373236080,tramadol,ABCB1,ClinVar,CV,response
rs1584911038,tramadol,ABCB1,ClinVar,CV,response
rs1584911058,tramadol,ABCB1,ClinVar,CV,response
rs2235074,tramadol,ABCB1,ClinVar,CV,response
rs1584911161,tramadol,ABCB1,ClinVar,CV,response
rs1584911169,tramadol,ABCB1,ClinVar,CV,response
rs1584911173,tramadol,ABCB1,ClinVar,CV,response
rs751270575,tramadol,ABCB1,ClinVar,CV,response
rs1584911190,tramadol,ABCB1,ClinVar,CV,response
rs1584911230,tramadol,ABCB1,ClinVar,CV,response
rs1422618705,tramadol,ABCB1,ClinVar,CV,response
rs1584911242,tramadol,ABCB1,ClinVar,CV,response
rs1584911245,tramadol,ABCB1,ClinVar,CV,response
rs1584911250,tramadol,ABCB1,ClinVar,CV,response
rs1584911254,tramadol,ABCB1,ClinVar,CV,response
rs1584911259,tramadol,ABCB1,ClinVar,CV,response
rs1584911271,tramadol,ABCB1,ClinVar,CV,response
rs1584911278,tramadol,ABCB1,ClinVar,CV,response
rs1584911288,tramadol,ABCB1,ClinVar,CV,response
rs192365005,tramadol,ABCB1,ClinVar,CV,response
rs1584911315,tramadol,ABCB1,ClinVar,CV,response
rs58898486,tramadol,ABCB1,ClinVar,CV,response
rs1584911850,tramadol,ABCB1,ClinVar,CV,response
rs1584911855,tramadol,ABCB1,ClinVar,CV,response
rs1459443271,tramadol,ABCB1,ClinVar,CV,response
rs1584911860,tramadol,ABCB1,ClinVar,CV,response
rs1584911866,tramadol,ABCB1,ClinVar,CV,response
rs1584911872,tramadol,ABCB1,ClinVar,CV,response
rs1584911877,tramadol,ABCB1,ClinVar,CV,response
rs1584912048,tramadol,ABCB1,ClinVar,CV,response
rs1309545061,tramadol,ABCB1,ClinVar,CV,response
rs1584913947,tramadol,ABCB1,ClinVar,CV,response
rs1584913955,tramadol,ABCB1,ClinVar,CV,response
rs1584913959,tramadol,ABCB1,ClinVar,CV,response
rs1584913965,tramadol,ABCB1,ClinVar,CV,response
rs1380760525,tramadol,ABCB1,ClinVar,CV,response
rs539878014,tramadol,ABCB1,ClinVar,CV,response
rs2888599,tramadol,ABCB1,ClinVar,CV,response
rs1584913986,tramadol,ABCB1,ClinVar,CV,response
rs1584914074,tramadol,ABCB1,ClinVar,CV,response
rs1584914222,tramadol,ABCB1,ClinVar,CV,response
rs773338757,tramadol,ABCB1,ClinVar,CV,response
rs1584914264,tramadol,ABCB1,ClinVar,CV,response
rs1584914268,tramadol,ABCB1,ClinVar,CV,response
rs1584914270,tramadol,ABCB1,ClinVar,CV,response
rs762925936,tramadol,ABCB1,ClinVar,CV,response
rs1049335068,tramadol,ABCB1,ClinVar,CV,response
rs1584914289,tramadol,ABCB1,ClinVar,CV,response
rs9282564,tramadol,ABCB1,ClinVar,CV,response
rs2214102,tramadol,ABCB1,ClinVar,CV,response
rs1584914478,tramadol,ABCB1,ClinVar,CV,response
rs763629745,tramadol,ABCB1,ClinVar,CV,response
rs1584914521,tramadol,ABCB1,ClinVar,CV,response
rs3214119,tramadol,ABCB1,ClinVar,CV,response
rs1584914617,tramadol,ABCB1,ClinVar,CV,response
rs1584914629,tramadol,ABCB1,ClinVar,CV,response
rs1584914719,tramadol,ABCB1,ClinVar,CV,response
rs1584914842,tramadol,ABCB1,ClinVar,CV,response
rs1584914908,tramadol,ABCB1,ClinVar,CV,response
rs1584914912,tramadol,ABCB1,ClinVar,CV,response
rs1584914920,tramadol,ABCB1,ClinVar,CV,response
rs1584914926,tramadol,ABCB1,ClinVar,CV,response
rs1584914929,tramadol,ABCB1,ClinVar,CV,response
rs1584914931,tramadol,ABCB1,ClinVar,CV,response
rs1584914953,tramadol,ABCB1,ClinVar,CV,response
rs1584914976,tramadol,ABCB1,ClinVar,CV,response
rs1584915016,tramadol,ABCB1,ClinVar,CV,response
rs1584915038,tramadol,ABCB1,ClinVar,CV,response
rs1584915041,tramadol,ABCB1,ClinVar,CV,response
rs1584915050,tramadol,ABCB1,ClinVar,CV,response
rs1584915094,tramadol,ABCB1,ClinVar,CV,response
rs1584915124,tramadol,ABCB1,ClinVar,CV,response
rs1584915134,tramadol,ABCB1,ClinVar,CV,response
rs1584915145,tramadol,ABCB1,ClinVar,CV,response
rs1584915173,tramadol,ABCB1,ClinVar,CV,response
rs3213619,tramadol,ABCB1,ClinVar,CV,response
rs1584915238,tramadol,ABCB1,ClinVar,CV,response
rs1584915251,tramadol,ABCB1,ClinVar,CV,response
rs1584915278,tramadol,ABCB1,ClinVar,CV,response
rs1584915282,tramadol,ABCB1,ClinVar,CV,response
rs1584915287,tramadol,ABCB1,ClinVar,CV,response
rs1584915300,tramadol,ABCB1,ClinVar,CV,response
rs1584915306,tramadol,ABCB1,ClinVar,CV,response
rs1584915309,tramadol,ABCB1,ClinVar,CV,response
rs1584915313,tramadol,ABCB1,ClinVar,CV,response
rs1584915332,tramadol,ABCB1,ClinVar,CV,response
rs1584915353,tramadol,ABCB1,ClinVar,CV,response
rs1584915357,tramadol,ABCB1,ClinVar,CV,response
rs1584915362,tramadol,ABCB1,ClinVar,CV,response
rs1584915370,tramadol,ABCB1,ClinVar,CV,response
rs200748388,tramadol,ABCB1,ClinVar,CV,response
rs1584915387,tramadol,ABCB1,ClinVar,CV,response
rs1584915392,tramadol,ABCB1,ClinVar,CV,response
rs1584915394,tramadol,ABCB1,ClinVar,CV,response
rs1031971223,tramadol,ABCB1,ClinVar,CV,response
rs1584915409,tramadol,ABCB1,ClinVar,CV,response
rs1584915415,tramadol,ABCB1,ClinVar,CV,response
rs571184450,tramadol,ABCB1,ClinVar,CV,response
rs1583970459,tramadol,ABCB1,ClinVar,CV,response
rs1583970486,tramadol,ABCB1,ClinVar,CV,response
rs1583970505,tramadol,ABCB1,ClinVar,CV,response
rs753030816,tramadol,ABCB1,ClinVar,CV,response
rs901502109,tramadol,ABCB1,ClinVar,CV,response
rs1583970986,tramadol,ABCB1,ClinVar,CV,response
rs1222499518,tramadol,ABCB1,ClinVar,CV,response
rs1583971451,tramadol,ABCB1,ClinVar,CV,response
rs1583971484,tramadol,ABCB1,ClinVar,CV,response
rs1583971519,tramadol,ABCB1,ClinVar,CV,response
rs1583971663,tramadol,ABCB1,ClinVar,CV,response
rs1583971858,tramadol,ABCB1,ClinVar,CV,response
rs528747108,tramadol,ABCB1,ClinVar,CV,response
rs1583972033,tramadol,ABCB1,ClinVar,CV,response
rs1353756698,tramadol,ABCB1,ClinVar,CV,response
rs1583972074,tramadol,ABCB1,ClinVar,CV,response
rs1583972288,tramadol,ABCB1,ClinVar,CV,response
rs1043934741,tramadol,ABCB1,ClinVar,CV,response
rs1583972615,tramadol,ABCB1,ClinVar,CV,response
rs4148727,tramadol,ABCB1,ClinVar,CV,response
rs183282100,tramadol,ABCB1,ClinVar,CV,response
rs1583972858,tramadol,ABCB1,ClinVar,CV,response
rs776746,tacrolimus,CYP3A5,ClinVar,CV,response
rs2242480,fentanyl,CYP3A4,ClinVar,CV,response
rs2242480,tacrolimus - metabolism/pk,CYP3A4,ClinVar,CV,response
rs4646437,tacrolimus - metabolism/pk,CYP3A4,ClinVar,CV,response
rs397508256,ivacaftor,CFTR,ClinVar,CV,response
rs368505753,ivacaftor,CFTR,ClinVar,CV,response
rs115545701,ivacaftor,CFTR,ClinVar,CV,response
rs113993958,ivacaftor,CFTR,ClinVar,CV,response
rs397508537,ivacaftor,CFTR,ClinVar,CV,response
rs77834169,ivacaftor,CFTR,ClinVar,CV,response
rs80282562,ivacaftor,CFTR,ClinVar,CV,response
rs397508759,ivacaftor,CFTR,ClinVar,CV,response
rs121908752,ivacaftor,CFTR,ClinVar,CV,response
rs121908753,ivacaftor,CFTR,ClinVar,CV,response
rs121908757,ivacaftor,CFTR,ClinVar,CV,response
rs121908755,ivacaftor,CFTR,ClinVar,CV,response
rs121909005,ivacaftor,CFTR,ClinVar,CV,response
rs121909013,ivacaftor,CFTR,ClinVar,CV,response
rs397508288,ivacaftor,CFTR,ClinVar,CV,response
rs397508442,ivacaftor,CFTR,ClinVar,CV,response
rs141033578,ivacaftor,CFTR,ClinVar,CV,response
rs150212784,ivacaftor,CFTR,ClinVar,CV,response
rs397508513,ivacaftor,CFTR,ClinVar,CV,response
rs121909020,ivacaftor,CFTR,ClinVar,CV,response
rs202179988,ivacaftor,CFTR,ClinVar,CV,response
rs78769542,ivacaftor,CFTR,ClinVar,CV,response
rs186045772,ivacaftor,CFTR,ClinVar,CV,response
rs75541969,ivacaftor,CFTR,ClinVar,CV,response
rs267606723,ivacaftor,CFTR,ClinVar,CV,response
rs74503330,ivacaftor,CFTR,ClinVar,CV,response
rs121909041,ivacaftor,CFTR,ClinVar,CV,response
rs11971167,ivacaftor,CFTR,ClinVar,CV,response
rs193922525,ivacaftor,CFTR,ClinVar,CV,response
rs1586126439,dabrafenib,BRAF,ClinVar,CV,response
rs796065050,pazopanib,GFRA2,ClinVar,CV,response
rs1402837406,cone dystrophy with supernormal rod,KCNV2,ClinVar,CV,response
rs104894116,cone dystrophy with supernormal rod,KCNV2,ClinVar,CV,response
rs104894114,cone dystrophy with supernormal rod,KCNV2,ClinVar,CV,response
rs104894115,cone dystrophy with supernormal rod,KCNV2,ClinVar,CV,response
rs371202848,olaparib,RMI1,ClinVar,CV,response
rs11185644,levothyroxine,,ClinVar,CV,response
rs59439148,"asthma, diminished to antileukotriene treatment in",ALOX5,ClinVar,CV,response
rs780668,gemcitabine,SLC29A3,ClinVar,CV,response
rs12777823,warfarin,CYP2C19,ClinVar,CV,response
rs12248560,clopidogrel,CYP2C19,ClinVar,CV,response
rs4986893,clopidogrel,CYP2C19,ClinVar,CV,response
10:96701715:T:C,warfarin,CYP2C9,ClinVar,CV,response
10:96701973:A:G,warfarin,CYP2C9,ClinVar,CV,response
rs1799853,warfarin,CYP2C9,ClinVar,CV,response
rs1799853,flurbiprofen,CYP2C9,ClinVar,CV,response
rs1799853,piroxicam,CYP2C9,ClinVar,CV,response
rs1799853,phenytoin,CYP2C9,ClinVar,CV,response
rs1799853,lesinurad,CYP2C9,ClinVar,CV,response
rs7900194,lesinurad,CYP2C9,ClinVar,CV,response
rs7900194,piroxicam,CYP2C9,ClinVar,CV,response
rs7900194,flurbiprofen,CYP2C9,ClinVar,CV,response
10:96702087:G:A,warfarin,CYP2C9,ClinVar,CV,response
10:96707539:C:A,warfarin,CYP2C9,ClinVar,CV,response
rs9332131,lesinurad,CYP2C9,ClinVar,CV,response
rs9332131,flurbiprofen,CYP2C9,ClinVar,CV,response
rs9332131,piroxicam,CYP2C9,ClinVar,CV,response
rs28371685,lesinurad,CYP2C9,ClinVar,CV,response
rs28371685,flurbiprofen,CYP2C9,ClinVar,CV,response
rs28371685,piroxicam,CYP2C9,ClinVar,CV,response
rs1057910,warfarin,CYP2C9,ClinVar,CV,response
rs1057910,glipizide,CYP2C9,ClinVar,CV,response
rs1057910,flurbiprofen,CYP2C9,ClinVar,CV,response
rs1057910,piroxicam,CYP2C9,ClinVar,CV,response
rs1057910,lesinurad,CYP2C9,ClinVar,CV,response
rs1057910,tolbutamide,CYP2C9,ClinVar,CV,response
rs1057910,phenytoin,CYP2C9,ClinVar,CV,response
rs28371686,lesinurad,CYP2C9,ClinVar,CV,response
rs28371686,flurbiprofen,CYP2C9,ClinVar,CV,response
rs28371686,piroxicam,CYP2C9,ClinVar,CV,response
10:96748777:C:T,warfarin,CYP2C9,ClinVar,CV,response
rs193929353,sulfonylureas,KCNJ11,ClinVar,CV,response
rs80356618,glibenclamide,KCNJ11,ClinVar,CV,response
rs878853179,prednisolone,TRPC6,ClinVar,CV,response
rs878853180,prednisolone,TRPC6,ClinVar,CV,response
rs878853181,prednisolone,TRPC6,ClinVar,CV,response
rs878853182,prednisolone,TRPC6,ClinVar,CV,response
rs878853183,prednisolone,TRPC6,ClinVar,CV,response
rs878853184,prednisolone,TRPC6,ClinVar,CV,response
rs878853185,prednisolone,TRPC6,ClinVar,CV,response
rs878853186,prednisolone,TRPC6,ClinVar,CV,response
rs878853187,prednisolone,TRPC6,ClinVar,CV,response
rs878853188,prednisolone,TRPC6,ClinVar,CV,response
rs878853189,prednisolone,TRPC6,ClinVar,CV,response
rs878853190,prednisolone,TRPC6,ClinVar,CV,response
rs878853191,prednisolone,TRPC6,ClinVar,CV,response
rs878853192,prednisolone,TRPC6,ClinVar,CV,response
rs1859343311,corticosteroids,TRPC6,ClinVar,CV,response
rs878853193,prednisolone,TRPC6,ClinVar,CV,response
rs878853194,prednisolone,TRPC6,ClinVar,CV,response
rs878853195,prednisolone,TRPC6,ClinVar,CV,response
rs878853196,prednisolone,TRPC6,ClinVar,CV,response
rs1231955948,corticosteroids,TRPC6,ClinVar,CV,response
rs878853197,prednisolone,TRPC6,ClinVar,CV,response
rs878853198,prednisolone,TRPC6,ClinVar,CV,response
rs878853199,prednisolone,TRPC6,ClinVar,CV,response
rs878853200,prednisolone,TRPC6,ClinVar,CV,response
rs878853201,prednisolone,TRPC6,ClinVar,CV,response
rs878853202,prednisolone,TRPC6,ClinVar,CV,response
rs878853203,prednisolone,TRPC6,ClinVar,CV,response
rs878853204,prednisolone,TRPC6,ClinVar,CV,response
rs878853205,prednisolone,TRPC6,ClinVar,CV,response
rs878853206,prednisolone,TRPC6,ClinVar,CV,response
rs878853207,prednisolone,TRPC6,ClinVar,CV,response
rs878853208,prednisolone,TRPC6,ClinVar,CV,response
rs200841275,corticosteroids,TRPC6,ClinVar,CV,response
rs878853209,prednisolone,TRPC6,ClinVar,CV,response
rs878853210,prednisolone,TRPC6,ClinVar,CV,response
rs2135644233,corticosteroids,PTPRO,ClinVar,CV,response
rs4149056,simvastatin acid - metabolism/pk,SLCO1B1,ClinVar,CV,response
rs4149056,rosuvastatin,SLCO1B1,ClinVar,CV,toxicity
rs4149056,simvastatin - metabolism/pk,SLCO1B1,ClinVar,CV,response
rs4149056,fluvastatin,SLCO1B1,ClinVar,CV,toxicity
rs4149056,lovastatin acid - metabolism/pk,SLCO1B1,ClinVar,CV,response
rs4149056,lovastatin - metabolism/pk,SLCO1B1,ClinVar,CV,response
rs4149056,lovastatin,SLCO1B1,ClinVar,CV,toxicity
rs4149056,pitavastatin - metabolism/pk,SLCO1B1,ClinVar,CV,response
rs4149056,pravastatin,SLCO1B1,ClinVar,CV,toxicity
rs4149056,rosuvastatin - metabolism/pk,SLCO1B1,ClinVar,CV,response
rs4149056,atorvastatin - metabolism/pk,SLCO1B1,ClinVar,CV,response
rs4149056,atorvastatin,SLCO1B1,ClinVar,CV,toxicity
rs4149056,hmg coa reductase inhibitors,SLCO1B1,ClinVar,CV,toxicity
rs4149056,simvastatin,SLCO1B1,ClinVar,CV,toxicity
rs4149056,fluvastatin - metabolism/pk,SLCO1B1,ClinVar,CV,response
12:32134926:G:A,thalidomide,RESF1,ClinVar,CV,response
rs2069707,"hepatitis c virus infection, to therapy of",IFNG,ClinVar,CV,response
rs671,"nitroglycerin, poor response to",ALDH2,ClinVar,CV,response
rs671,ethanol,ALDH2,ClinVar,CV,toxicity
rs1555229108,programmed death ligand-1 (pd-l1) blocking antibody,POLE,ClinVar,CV,response
rs116855232,azathioprine,NUDT15,ClinVar,CV,toxicity
rs116855232,mercaptopurine,NUDT15,ClinVar,CV,response
14:24901249:A:C,thalidomide,KHNYN,ClinVar,CV,response
rs2140672369,corticosteroids,INF2,ClinVar,CV,response
rs727479,letrozole,CYP19A1,ClinVar,CV,response
rs2079547372,corticosteroids,MYO1E,ClinVar,CV,response
rs1300127405,corticosteroids,MYO1E,ClinVar,CV,response
rs2140311711,corticosteroids,MYO1E,ClinVar,CV,response
rs2140330159,corticosteroids,MYO1E,ClinVar,CV,response
rs758689659,corticosteroids,MYO1E,ClinVar,CV,response
rs1471326207,corticosteroids,MYO1E,ClinVar,CV,response
rs2140352466,corticosteroids,MYO1E,ClinVar,CV,response
rs766032411,corticosteroids,MYO1E,ClinVar,CV,response
rs2140382260,corticosteroids,MYO1E,ClinVar,CV,response
rs2080293604,corticosteroids,MYO1E,ClinVar,CV,response
rs767828946,corticosteroids,MYO1E,ClinVar,CV,response
rs16969968,nicotine,CHRNA5,ClinVar,CV,toxicity
rs2151152258,olaparib,BLM,ClinVar,CV,response
rs2151184569,olaparib,BLM,ClinVar,CV,response
rs2060938199,corticosteroids,PMM2,ClinVar,CV,response
rs45511401,atorvastatin,ABCC1,ClinVar,CV,response
16:20605255:C:T,thalidomide,ACSM1,ClinVar,CV,response
rs7294,warfarin,VKORC1,ClinVar,CV,response
rs104894542,warfarin,VKORC1,ClinVar,CV,response
rs2359612,warfarin,VKORC1,ClinVar,CV,response
rs8050894,warfarin,VKORC1,ClinVar,CV,response
rs9934438,warfarin,VKORC1,ClinVar,CV,response
rs9934438,phenprocoumon,VKORC1,ClinVar,CV,response
rs9934438,acenocoumarol,VKORC1,ClinVar,CV,response
rs9934438,warfarin,VKORC1,ClinVar,CV,response
rs2884737,warfarin,VKORC1,ClinVar,CV,response
rs61742245,warfarin,VKORC1,ClinVar,CV,response
rs61742245,warfarin,VKORC1,ClinVar,CV,response
rs397509427,warfarin,VKORC1,ClinVar,CV,response
rs9923231,warfarin,VKORC1,ClinVar,CV,response
rs9923231,warfarin,VKORC1,ClinVar,CV,response
rs9923231,warfarin,VKORC1,ClinVar,CV,toxicity
rs9923231,phenprocoumon,VKORC1,ClinVar,CV,toxicity
rs9923231,phenprocoumon,VKORC1,ClinVar,CV,response
rs9923231,acenocoumarol,VKORC1,ClinVar,CV,response
rs9923231,warfarin,VKORC1,ClinVar,CV,response
rs9923231,warfarin,VKORC1,ClinVar,CV,response
rs71647871,clopidogrel,CES1,ClinVar,CV,response
rs71647871,clopidogrel - metabolism/pk,CES1,ClinVar,CV,response
17:7404991:T:.,gemcitabine,POLR2A,ClinVar,CV,response
rs1057519625,poly (adp-ribose) polymerase inhibitor,TP53,ClinVar,CV,response
rs1555574254,tretinoin,RARA,ClinVar,CV,response
rs1799752,captopril,ACE,ClinVar,CV,response
18:48190440:G:A,thalidomide,MAPK4,ClinVar,CV,response
rs2108622,warfarin,CYP4F2,ClinVar,CV,response
rs2108622,acenocoumarol,CYP4F2,ClinVar,CV,response
19:22155918:T:C,thalidomide,ZNF208,ClinVar,CV,response
rs1972875644,corticosteroids,NPHS1,ClinVar,CV,response
rs1972884983,corticosteroids,NPHS1,ClinVar,CV,response
rs1973075631,corticosteroids,NPHS1,ClinVar,CV,response
rs193922747,isoflurane,RYR1,ClinVar,CV,toxicity
rs193922747,halothane,RYR1,ClinVar,CV,toxicity
rs193922747,enflurane,RYR1,ClinVar,CV,toxicity
rs193922747,desflurane,RYR1,ClinVar,CV,toxicity
rs193922747,succinylcholine,RYR1,ClinVar,CV,toxicity
rs193922747,sevoflurane,RYR1,ClinVar,CV,toxicity
rs193922747,methoxyflurane,RYR1,ClinVar,CV,toxicity
rs193922748,succinylcholine,RYR1,ClinVar,CV,toxicity
rs193922748,sevoflurane,RYR1,ClinVar,CV,toxicity
rs193922748,methoxyflurane,RYR1,ClinVar,CV,toxicity
rs193922748,isoflurane,RYR1,ClinVar,CV,toxicity
rs193922748,halothane,RYR1,ClinVar,CV,toxicity
rs193922748,enflurane,RYR1,ClinVar,CV,toxicity
rs193922748,desflurane,RYR1,ClinVar,CV,toxicity
rs118192161,succinylcholine,RYR1,ClinVar,CV,toxicity
rs118192161,sevoflurane,RYR1,ClinVar,CV,toxicity
rs118192161,methoxyflurane,RYR1,ClinVar,CV,toxicity
rs118192161,isoflurane,RYR1,ClinVar,CV,toxicity
rs118192161,halothane,RYR1,ClinVar,CV,toxicity
rs118192161,desflurane,RYR1,ClinVar,CV,toxicity
rs118192161,enflurane,RYR1,ClinVar,CV,toxicity
rs193922753,succinylcholine,RYR1,ClinVar,CV,toxicity
rs193922753,sevoflurane,RYR1,ClinVar,CV,toxicity
rs193922753,methoxyflurane,RYR1,ClinVar,CV,toxicity
rs193922753,isoflurane,RYR1,ClinVar,CV,toxicity
rs193922753,halothane,RYR1,ClinVar,CV,toxicity
rs193922753,enflurane,RYR1,ClinVar,CV,toxicity
rs193922753,desflurane,RYR1,ClinVar,CV,toxicity
rs193922762,desflurane,RYR1,ClinVar,CV,toxicity
rs193922762,succinylcholine,RYR1,ClinVar,CV,toxicity
rs193922762,sevoflurane,RYR1,ClinVar,CV,toxicity
rs193922762,isoflurane,RYR1,ClinVar,CV,toxicity
rs193922762,methoxyflurane,RYR1,ClinVar,CV,toxicity
rs193922762,halothane,RYR1,ClinVar,CV,toxicity
rs193922762,enflurane,RYR1,ClinVar,CV,toxicity
rs193922764,desflurane,RYR1,ClinVar,CV,toxicity
rs193922764,succinylcholine,RYR1,ClinVar,CV,toxicity
rs193922764,sevoflurane,RYR1,ClinVar,CV,toxicity
rs193922764,methoxyflurane,RYR1,ClinVar,CV,toxicity
rs193922764,isoflurane,RYR1,ClinVar,CV,toxicity
rs193922764,halothane,RYR1,ClinVar,CV,toxicity
rs193922764,enflurane,RYR1,ClinVar,CV,toxicity
rs118192116,desflurane,RYR1,ClinVar,CV,toxicity
rs118192116,succinylcholine,RYR1,ClinVar,CV,toxicity
rs118192116,sevoflurane,RYR1,ClinVar,CV,toxicity
rs118192116,methoxyflurane,RYR1,ClinVar,CV,toxicity
rs118192116,isoflurane,RYR1,ClinVar,CV,toxicity
rs118192116,halothane,RYR1,ClinVar,CV,toxicity
rs118192116,enflurane,RYR1,ClinVar,CV,toxicity
rs118192162,desflurane,RYR1,ClinVar,CV,toxicity
rs118192162,succinylcholine,RYR1,ClinVar,CV,toxicity
rs118192162,sevoflurane,RYR1,ClinVar,CV,toxicity
rs118192162,methoxyflurane,RYR1,ClinVar,CV,toxicity
rs118192162,isoflurane,RYR1,ClinVar,CV,toxicity
rs118192162,halothane,RYR1,ClinVar,CV,toxicity
rs118192162,enflurane,RYR1,ClinVar,CV,toxicity
rs193922768,succinylcholine,RYR1,ClinVar,CV,toxicity
rs193922768,sevoflurane,RYR1,ClinVar,CV,toxicity
rs193922768,methoxyflurane,RYR1,ClinVar,CV,toxicity
rs193922768,isoflurane,RYR1,ClinVar,CV,toxicity
rs193922768,halothane,RYR1,ClinVar,CV,toxicity
rs193922768,enflurane,RYR1,ClinVar,CV,toxicity
rs193922768,desflurane,RYR1,ClinVar,CV,toxicity
rs193922770,halothane,RYR1,ClinVar,CV,toxicity
rs193922770,enflurane,RYR1,ClinVar,CV,toxicity
rs193922770,desflurane,RYR1,ClinVar,CV,toxicity
rs193922770,sevoflurane,RYR1,ClinVar,CV,toxicity
rs193922770,succinylcholine,RYR1,ClinVar,CV,toxicity
rs193922770,methoxyflurane,RYR1,ClinVar,CV,toxicity
rs193922770,isoflurane,RYR1,ClinVar,CV,toxicity
rs118192172,desflurane,RYR1,ClinVar,CV,toxicity
rs118192172,succinylcholine,RYR1,ClinVar,CV,toxicity
rs118192172,sevoflurane,RYR1,ClinVar,CV,toxicity
rs118192172,methoxyflurane,RYR1,ClinVar,CV,toxicity
rs118192172,isoflurane,RYR1,ClinVar,CV,toxicity
rs118192172,halothane,RYR1,ClinVar,CV,toxicity
rs118192172,enflurane,RYR1,ClinVar,CV,toxicity
rs193922772,desflurane,RYR1,ClinVar,CV,toxicity
rs193922772,succinylcholine,RYR1,ClinVar,CV,toxicity
rs193922772,sevoflurane,RYR1,ClinVar,CV,toxicity
rs193922772,methoxyflurane,RYR1,ClinVar,CV,toxicity
rs193922772,isoflurane,RYR1,ClinVar,CV,toxicity
rs193922772,halothane,RYR1,ClinVar,CV,toxicity
rs193922772,enflurane,RYR1,ClinVar,CV,toxicity
rs118192175,desflurane,RYR1,ClinVar,CV,toxicity
rs118192175,succinylcholine,RYR1,ClinVar,CV,toxicity
rs118192175,sevoflurane,RYR1,ClinVar,CV,toxicity
rs118192175,methoxyflurane,RYR1,ClinVar,CV,toxicity
rs118192175,isoflurane,RYR1,ClinVar,CV,toxicity
rs118192175,halothane,RYR1,ClinVar,CV,toxicity
rs118192175,enflurane,RYR1,ClinVar,CV,toxicity
rs118192163,succinylcholine,RYR1,ClinVar,CV,toxicity
rs118192163,methoxyflurane,RYR1,ClinVar,CV,toxicity
rs118192163,sevoflurane,RYR1,ClinVar,CV,toxicity
rs118192163,isoflurane,RYR1,ClinVar,CV,toxicity
rs118192163,enflurane,RYR1,ClinVar,CV,toxicity
rs118192163,halothane,RYR1,ClinVar,CV,toxicity
rs118192163,desflurane,RYR1,ClinVar,CV,toxicity
rs118192176,sevoflurane,RYR1,ClinVar,CV,toxicity
rs118192176,succinylcholine,RYR1,ClinVar,CV,toxicity
rs118192176,methoxyflurane,RYR1,ClinVar,CV,toxicity
rs118192176,halothane,RYR1,ClinVar,CV,toxicity
rs118192176,isoflurane,RYR1,ClinVar,CV,toxicity
rs118192176,enflurane,RYR1,ClinVar,CV,toxicity
rs118192176,desflurane,RYR1,ClinVar,CV,toxicity
rs112563513,desflurane,RYR1,ClinVar,CV,toxicity
rs112563513,sevoflurane,RYR1,ClinVar,CV,toxicity
rs112563513,succinylcholine,RYR1,ClinVar,CV,toxicity
rs112563513,methoxyflurane,RYR1,ClinVar,CV,toxicity
rs112563513,isoflurane,RYR1,ClinVar,CV,toxicity
rs112563513,halothane,RYR1,ClinVar,CV,toxicity
rs112563513,enflurane,RYR1,ClinVar,CV,toxicity
rs121918596,succinylcholine,RYR1,ClinVar,CV,toxicity
rs121918596,sevoflurane,RYR1,ClinVar,CV,toxicity
rs121918596,methoxyflurane,RYR1,ClinVar,CV,toxicity
rs121918596,isoflurane,RYR1,ClinVar,CV,toxicity
rs121918596,halothane,RYR1,ClinVar,CV,toxicity
rs121918596,enflurane,RYR1,ClinVar,CV,toxicity
rs121918596,desflurane,RYR1,ClinVar,CV,toxicity
rs193922802,succinylcholine,RYR1,ClinVar,CV,toxicity
rs193922802,sevoflurane,RYR1,ClinVar,CV,toxicity
rs193922802,methoxyflurane,RYR1,ClinVar,CV,toxicity
rs193922802,isoflurane,RYR1,ClinVar,CV,toxicity
rs193922802,halothane,RYR1,ClinVar,CV,toxicity
rs193922802,desflurane,RYR1,ClinVar,CV,toxicity
rs193922802,enflurane,RYR1,ClinVar,CV,toxicity
rs193922803,desflurane,RYR1,ClinVar,CV,toxicity
rs193922803,succinylcholine,RYR1,ClinVar,CV,toxicity
rs193922803,sevoflurane,RYR1,ClinVar,CV,toxicity
rs193922803,methoxyflurane,RYR1,ClinVar,CV,toxicity
rs193922803,isoflurane,RYR1,ClinVar,CV,toxicity
rs193922803,halothane,RYR1,ClinVar,CV,toxicity
rs193922803,enflurane,RYR1,ClinVar,CV,toxicity
rs193922807,succinylcholine,RYR1,ClinVar,CV,toxicity
rs193922807,sevoflurane,RYR1,ClinVar,CV,toxicity
rs193922807,methoxyflurane,RYR1,ClinVar,CV,toxicity
rs193922807,isoflurane,RYR1,ClinVar,CV,toxicity
rs193922807,halothane,RYR1,ClinVar,CV,toxicity
rs193922807,enflurane,RYR1,ClinVar,CV,toxicity
rs193922807,desflurane,RYR1,ClinVar,CV,toxicity
rs193922809,desflurane,RYR1,ClinVar,CV,toxicity
rs193922809,succinylcholine,RYR1,ClinVar,CV,toxicity
rs193922809,sevoflurane,RYR1,ClinVar,CV,toxicity
rs193922809,methoxyflurane,RYR1,ClinVar,CV,toxicity
rs193922809,halothane,RYR1,ClinVar,CV,toxicity
rs193922809,isoflurane,RYR1,ClinVar,CV,toxicity
rs193922809,enflurane,RYR1,ClinVar,CV,toxicity
rs121918593,succinylcholine,RYR1,ClinVar,CV,toxicity
rs121918593,sevoflurane,RYR1,ClinVar,CV,toxicity
rs121918593,methoxyflurane,RYR1,ClinVar,CV,toxicity
rs121918593,isoflurane,RYR1,ClinVar,CV,toxicity
rs121918593,halothane,RYR1,ClinVar,CV,toxicity
rs121918593,enflurane,RYR1,ClinVar,CV,toxicity
rs121918593,desflurane,RYR1,ClinVar,CV,toxicity
rs28933396,succinylcholine,RYR1,ClinVar,CV,toxicity
rs28933396,sevoflurane,RYR1,ClinVar,CV,toxicity
rs28933396,methoxyflurane,RYR1,ClinVar,CV,toxicity
rs28933396,isoflurane,RYR1,ClinVar,CV,toxicity
rs28933396,halothane,RYR1,ClinVar,CV,toxicity
rs28933396,enflurane,RYR1,ClinVar,CV,toxicity
rs28933396,desflurane,RYR1,ClinVar,CV,toxicity
rs118192124,sevoflurane,RYR1,ClinVar,CV,toxicity
rs118192124,succinylcholine,RYR1,ClinVar,CV,toxicity
rs118192124,isoflurane,RYR1,ClinVar,CV,toxicity
rs118192124,methoxyflurane,RYR1,ClinVar,CV,toxicity
rs118192124,desflurane,RYR1,ClinVar,CV,toxicity
rs118192124,enflurane,RYR1,ClinVar,CV,toxicity
rs118192124,halothane,RYR1,ClinVar,CV,toxicity
rs193922816,desflurane,RYR1,ClinVar,CV,toxicity
rs193922816,succinylcholine,RYR1,ClinVar,CV,toxicity
rs193922816,sevoflurane,RYR1,ClinVar,CV,toxicity
rs193922816,methoxyflurane,RYR1,ClinVar,CV,toxicity
rs193922816,isoflurane,RYR1,ClinVar,CV,toxicity
rs193922816,halothane,RYR1,ClinVar,CV,toxicity
rs193922816,enflurane,RYR1,ClinVar,CV,toxicity
rs118192122,succinylcholine,RYR1,ClinVar,CV,toxicity
rs118192122,halothane,RYR1,ClinVar,CV,toxicity
rs118192122,isoflurane,RYR1,ClinVar,CV,toxicity
rs118192122,methoxyflurane,RYR1,ClinVar,CV,toxicity
rs118192122,sevoflurane,RYR1,ClinVar,CV,toxicity
rs118192122,desflurane,RYR1,ClinVar,CV,toxicity
rs118192122,enflurane,RYR1,ClinVar,CV,toxicity
rs28933397,methoxyflurane,RYR1,ClinVar,CV,toxicity
rs28933397,sevoflurane,RYR1,ClinVar,CV,toxicity
rs28933397,succinylcholine,RYR1,ClinVar,CV,toxicity
rs28933397,enflurane,RYR1,ClinVar,CV,toxicity
rs28933397,halothane,RYR1,ClinVar,CV,toxicity
rs28933397,isoflurane,RYR1,ClinVar,CV,toxicity
rs28933397,desflurane,RYR1,ClinVar,CV,toxicity
rs121918594,desflurane,RYR1,ClinVar,CV,toxicity
rs121918594,succinylcholine,RYR1,ClinVar,CV,toxicity
rs121918594,sevoflurane,RYR1,ClinVar,CV,toxicity
rs121918594,methoxyflurane,RYR1,ClinVar,CV,toxicity
rs121918594,halothane,RYR1,ClinVar,CV,toxicity
rs121918594,isoflurane,RYR1,ClinVar,CV,toxicity
rs121918594,enflurane,RYR1,ClinVar,CV,toxicity
rs193922818,desflurane,RYR1,ClinVar,CV,toxicity
rs193922818,succinylcholine,RYR1,ClinVar,CV,toxicity
rs193922818,sevoflurane,RYR1,ClinVar,CV,toxicity
rs193922818,methoxyflurane,RYR1,ClinVar,CV,toxicity
rs193922818,isoflurane,RYR1,ClinVar,CV,toxicity
rs193922818,halothane,RYR1,ClinVar,CV,toxicity
rs193922818,enflurane,RYR1,ClinVar,CV,toxicity
rs193922832,succinylcholine,RYR1,ClinVar,CV,toxicity
rs193922832,sevoflurane,RYR1,ClinVar,CV,toxicity
rs193922832,methoxyflurane,RYR1,ClinVar,CV,toxicity
rs193922832,isoflurane,RYR1,ClinVar,CV,toxicity
rs193922832,halothane,RYR1,ClinVar,CV,toxicity
rs193922832,enflurane,RYR1,ClinVar,CV,toxicity
rs193922832,desflurane,RYR1,ClinVar,CV,toxicity
rs193922843,succinylcholine,RYR1,ClinVar,CV,toxicity
rs193922843,sevoflurane,RYR1,ClinVar,CV,toxicity
rs193922843,methoxyflurane,RYR1,ClinVar,CV,toxicity
rs193922843,isoflurane,RYR1,ClinVar,CV,toxicity
rs193922843,halothane,RYR1,ClinVar,CV,toxicity
rs193922843,enflurane,RYR1,ClinVar,CV,toxicity
rs193922843,desflurane,RYR1,ClinVar,CV,toxicity
rs118192167,enflurane,RYR1,ClinVar,CV,toxicity
rs118192167,desflurane,RYR1,ClinVar,CV,toxicity
rs118192167,succinylcholine,RYR1,ClinVar,CV,toxicity
rs118192167,sevoflurane,RYR1,ClinVar,CV,toxicity
rs118192167,methoxyflurane,RYR1,ClinVar,CV,toxicity
rs118192167,isoflurane,RYR1,ClinVar,CV,toxicity
rs118192167,halothane,RYR1,ClinVar,CV,toxicity
rs121918595,desflurane,RYR1,ClinVar,CV,toxicity
rs121918595,succinylcholine,RYR1,ClinVar,CV,toxicity
rs121918595,sevoflurane,RYR1,ClinVar,CV,toxicity
rs121918595,methoxyflurane,RYR1,ClinVar,CV,toxicity
rs121918595,isoflurane,RYR1,ClinVar,CV,toxicity
rs121918595,halothane,RYR1,ClinVar,CV,toxicity
rs121918595,enflurane,RYR1,ClinVar,CV,toxicity
rs193922876,succinylcholine,RYR1,ClinVar,CV,toxicity
rs193922876,sevoflurane,RYR1,ClinVar,CV,toxicity
rs193922876,methoxyflurane,RYR1,ClinVar,CV,toxicity
rs193922876,isoflurane,RYR1,ClinVar,CV,toxicity
rs193922876,halothane,RYR1,ClinVar,CV,toxicity
rs193922876,enflurane,RYR1,ClinVar,CV,toxicity
rs193922876,desflurane,RYR1,ClinVar,CV,toxicity
rs193922878,desflurane,RYR1,ClinVar,CV,toxicity
rs193922878,succinylcholine,RYR1,ClinVar,CV,toxicity
rs193922878,sevoflurane,RYR1,ClinVar,CV,toxicity
rs193922878,methoxyflurane,RYR1,ClinVar,CV,toxicity
rs193922878,isoflurane,RYR1,ClinVar,CV,toxicity
rs193922878,halothane,RYR1,ClinVar,CV,toxicity
rs193922878,enflurane,RYR1,ClinVar,CV,toxicity
rs118192168,sevoflurane,RYR1,ClinVar,CV,toxicity
rs118192168,succinylcholine,RYR1,ClinVar,CV,toxicity
rs118192168,methoxyflurane,RYR1,ClinVar,CV,toxicity
rs118192168,isoflurane,RYR1,ClinVar,CV,toxicity
rs118192168,halothane,RYR1,ClinVar,CV,toxicity
rs118192168,enflurane,RYR1,ClinVar,CV,toxicity
rs118192168,desflurane,RYR1,ClinVar,CV,toxicity
rs63749869,desflurane,RYR1,ClinVar,CV,toxicity
rs63749869,succinylcholine,RYR1,ClinVar,CV,toxicity
rs63749869,sevoflurane,RYR1,ClinVar,CV,toxicity
rs63749869,methoxyflurane,RYR1,ClinVar,CV,toxicity
rs63749869,isoflurane,RYR1,ClinVar,CV,toxicity
rs63749869,halothane,RYR1,ClinVar,CV,toxicity
rs63749869,enflurane,RYR1,ClinVar,CV,toxicity
rs118192170,succinylcholine,RYR1,ClinVar,CV,toxicity
rs118192170,sevoflurane,RYR1,ClinVar,CV,toxicity
rs118192170,isoflurane,RYR1,ClinVar,CV,toxicity
rs118192170,methoxyflurane,RYR1,ClinVar,CV,toxicity
rs118192170,halothane,RYR1,ClinVar,CV,toxicity
rs118192170,enflurane,RYR1,ClinVar,CV,toxicity
rs118192170,desflurane,RYR1,ClinVar,CV,toxicity
rs2144806261,corticosteroids,ACTN4,ClinVar,CV,response
rs2144992138,corticosteroids,ACTN4,ClinVar,CV,response
rs2145009642,corticosteroids,ACTN4,ClinVar,CV,response
rs2145014279,corticosteroids,ACTN4,ClinVar,CV,response
rs2145065928,corticosteroids,ACTN4,ClinVar,CV,response
rs148781306,corticosteroids,ACTN4,ClinVar,CV,response
rs11881222,peginterferon alfa-2a,IFNL3,ClinVar,CV,response
rs11881222,peginterferon alfa-2b,IFNL3,ClinVar,CV,response
rs11881222,ribavirin,IFNL3,ClinVar,CV,response
rs12979860,"peginterferon alfa-2a, peginterferon alfa-2b, and ribavirin",IFNL3,ClinVar,CV,response
rs12979860,"peginterferon alfa-2a, peginterferon alfa-2b, ribavirin, and telaprevir",IFNL3,ClinVar,CV,response
rs12979860,"boceprevir, peginterferon alfa-2a, peginterferon alfa-2b and ribavirin",IFNL3,ClinVar,CV,response
rs8099917,"peginterferon alfa-2a, peginterferon alfa-2b, ribavirin, and telaprevir",IFNL3,ClinVar,CV,response
rs8099917,"interferons, peginterferon alfa-2a, peginterferon alfa-2b, and ribavirin",IFNL3,ClinVar,CV,response
rs1801272,warfarin,CYP2A6,ClinVar,CV,response
rs281864907,efavirenz,CYP2B6,ClinVar,CV,response
rs186335453,efavirenz,CYP2B6,ClinVar,CV,response
rs139801276,efavirenz,CYP2B6,ClinVar,CV,response
rs3745274,efavirenz - metabolism/pk,CYP2B6,ClinVar,CV,response
rs3745274,efavirenz,CYP2B6,ClinVar,CV,response
rs3745274,efavirenz,CYP2B6,ClinVar,CV,toxicity
rs3745274,nevirapine - metabolism/pk,CYP2B6,ClinVar,CV,response
rs373489637,efavirenz,CYP2B6,ClinVar,CV,response
rs36079186,efavirenz,CYP2B6,ClinVar,CV,response
rs371424910,efavirenz,CYP2B6,ClinVar,CV,response
rs28399499,nevirapine,CYP2B6,ClinVar,CV,toxicity
rs34097093,efavirenz,CYP2B6,ClinVar,CV,response
rs25487,platinum compounds,XRCC1,ClinVar,CV,response
rs405509,warfarin,APOE,ClinVar,CV,response
rs769450,warfarin,APOE,ClinVar,CV,response
rs7412,warfarin,APOE,ClinVar,CV,response
rs7412,atorvastatin,APOE,ClinVar,CV,response
rs439401,warfarin,APOE,ClinVar,CV,response
rs1127354,peginterferon alfa-2b and ribavirin,ITPA,ClinVar,CV,toxicity
rs7270101,peginterferon alfa-2b and ribavirin,ITPA,ClinVar,CV,toxicity
rs1051266,methotrexate,SLC19A1,ClinVar,CV,response
rs1601500636,tramadol,COMT,ClinVar,CV,response
rs1303813995,tramadol,COMT,ClinVar,CV,response
rs1468243199,tramadol,COMT,ClinVar,CV,response
rs1601501100,tramadol,COMT,ClinVar,CV,response
rs1601501107,tramadol,COMT,ClinVar,CV,response
rs774265748,tramadol,COMT,ClinVar,CV,response
rs1601501281,tramadol,COMT,ClinVar,CV,response
rs1213698422,tramadol,COMT,ClinVar,CV,response
rs764956654,tramadol,COMT,ClinVar,CV,response
rs1601501698,tramadol,COMT,ClinVar,CV,response
rs1601511512,tramadol,COMT,ClinVar,CV,response
rs1601511531,tramadol,COMT,ClinVar,CV,response
rs1601511537,tramadol,COMT,ClinVar,CV,response
rs1601511546,tramadol,COMT,ClinVar,CV,response
rs1601512573,tramadol,COMT,ClinVar,CV,response
rs1601512579,tramadol,COMT,ClinVar,CV,response
rs1601512585,tramadol,COMT,ClinVar,CV,response
rs1601512593,tramadol,COMT,ClinVar,CV,response
rs1601512599,tramadol,COMT,ClinVar,CV,response
rs1601512609,tramadol,COMT,ClinVar,CV,response
rs1601512631,tramadol,COMT,ClinVar,CV,response
rs144623972,tramadol,COMT,ClinVar,CV,response
rs1601512664,tramadol,COMT,ClinVar,CV,response
rs1601512790,tramadol,COMT,ClinVar,CV,response
rs1601512807,tramadol,COMT,ClinVar,CV,response
rs188159376,tramadol,COMT,ClinVar,CV,response
rs1601512964,tramadol,COMT,ClinVar,CV,response
rs1601525062,tramadol,COMT,ClinVar,CV,response
rs1601525066,tramadol,COMT,ClinVar,CV,response
rs1601525072,tramadol,COMT,ClinVar,CV,response
rs1601525073,tramadol,COMT,ClinVar,CV,response
rs1601525100,tramadol,COMT,ClinVar,CV,response
rs972946462,tramadol,COMT,ClinVar,CV,response
rs1601525317,tramadol,COMT,ClinVar,CV,response
rs1601526328,tramadol,COMT,ClinVar,CV,response
rs887838460,tramadol,COMT,ClinVar,CV,response
rs1393666377,tramadol,COMT,ClinVar,CV,response
rs1601526354,tramadol,COMT,ClinVar,CV,response
rs11569716,tramadol,COMT,ClinVar,CV,response
rs1601526452,tramadol,COMT,ClinVar,CV,response
rs1601526514,tramadol,COMT,ClinVar,CV,response
rs1601526839,tramadol,COMT,ClinVar,CV,response
rs1160435070,tramadol,COMT,ClinVar,CV,response
rs561536243,tramadol,COMT,ClinVar,CV,response
rs1601526877,tramadol,COMT,ClinVar,CV,response
rs1601527054,tramadol,COMT,ClinVar,CV,response
rs1601527185,tramadol,COMT,ClinVar,CV,response
rs1601527383,tramadol,COMT,ClinVar,CV,response
rs1601527404,tramadol,COMT,ClinVar,CV,response
rs373611092,tramadol,COMT,ClinVar,CV,response
rs76452330,tramadol,COMT,ClinVar,CV,response
rs544846648,tramadol,COMT,ClinVar,CV,response
rs1601527641,tramadol,COMT,ClinVar,CV,response
rs1601527677,tramadol,COMT,ClinVar,CV,response
rs1601527752,tramadol,COMT,ClinVar,CV,response
rs1601527756,tramadol,COMT,ClinVar,CV,response
rs1374067391,tramadol,COMT,ClinVar,CV,response
rs1601528913,tramadol,COMT,ClinVar,CV,response
rs754397556,tramadol,COMT,ClinVar,CV,response
rs778498490,tramadol,COMT,ClinVar,CV,response
rs1428959883,tramadol,COMT,ClinVar,CV,response
rs1601529164,tramadol,COMT,ClinVar,CV,response
rs1601529201,tramadol,COMT,ClinVar,CV,response
rs1223964672,tramadol,COMT,ClinVar,CV,response
rs1601529307,tramadol,COMT,ClinVar,CV,response
rs1601529532,tramadol,COMT,ClinVar,CV,response
rs1601529589,tramadol,COMT,ClinVar,CV,response
rs1337529868,tramadol,COMT,ClinVar,CV,response
rs1601530120,tramadol,COMT,ClinVar,CV,response
rs147863086,tramadol,COMT,ClinVar,CV,response
rs1601530284,tramadol,COMT,ClinVar,CV,response
rs1601530294,tramadol,COMT,ClinVar,CV,response
rs754436726,tramadol,COMT,ClinVar,CV,response
rs1601530351,tramadol,COMT,ClinVar,CV,response
rs201225516,tramadol,COMT,ClinVar,CV,response
rs1601546266,tramadol,ARVCF,ClinVar,CV,response
rs1601546307,tramadol,ARVCF,ClinVar,CV,response
rs1601546321,tramadol,ARVCF,ClinVar,CV,response
rs977343429,tramadol,ARVCF,ClinVar,CV,response
rs1601546761,tramadol,ARVCF,ClinVar,CV,response
rs1601547251,tramadol,ARVCF,ClinVar,CV,response
rs1601547262,tramadol,ARVCF,ClinVar,CV,response
rs1601547577,tramadol,ARVCF,ClinVar,CV,response
rs1243347237,tramadol,ARVCF,ClinVar,CV,response
rs1601547954,tramadol,ARVCF,ClinVar,CV,response
rs1601548049,tramadol,ARVCF,ClinVar,CV,response
rs1601548161,tramadol,ARVCF,ClinVar,CV,response
rs1266810183,tramadol,ARVCF,ClinVar,CV,response
rs138327309,tramadol,ARVCF,ClinVar,CV,response
rs368314788,tramadol,ARVCF,ClinVar,CV,response
rs769605719,tramadol,ARVCF,ClinVar,CV,response
rs1406904538,tramadol,ARVCF,ClinVar,CV,response
rs1601549242,tramadol,ARVCF,ClinVar,CV,response
rs893303657,tramadol,ARVCF,ClinVar,CV,response
rs1601549431,tramadol,ARVCF,ClinVar,CV,response
rs1601549710,tramadol,ARVCF,ClinVar,CV,response
rs1601549960,tramadol,ARVCF,ClinVar,CV,response
rs1601550139,tramadol,ARVCF,ClinVar,CV,response
rs947572832,tramadol,ARVCF,ClinVar,CV,response
rs1601550265,tramadol,ARVCF,ClinVar,CV,response
rs1299165007,tramadol,ARVCF,ClinVar,CV,response
rs934034534,tramadol,ARVCF,ClinVar,CV,response
rs1601550431,tramadol,ARVCF,ClinVar,CV,response
rs1601550520,tramadol,ARVCF,ClinVar,CV,response
rs1601550617,tramadol,ARVCF,ClinVar,CV,response
rs1601550644,tramadol,ARVCF,ClinVar,CV,response
rs165599,tramadol,ARVCF,ClinVar,CV,response
rs1601550968,tramadol,ARVCF,ClinVar,CV,response
rs1306169298,tramadol,ARVCF,ClinVar,CV,response
rs1601551125,tramadol,ARVCF,ClinVar,CV,response
rs36082074,tramadol,ARVCF,ClinVar,CV,response
rs1601551241,tramadol,ARVCF,ClinVar,CV,response
rs35478083,tramadol,ARVCF,ClinVar,CV,response
rs1601551279,tramadol,ARVCF,ClinVar,CV,response
rs1601551305,tramadol,ARVCF,ClinVar,CV,response
rs1601551335,tramadol,ARVCF,ClinVar,CV,response
rs1601551352,tramadol,ARVCF,ClinVar,CV,response
rs1601551364,tramadol,ARVCF,ClinVar,CV,response
rs898275789,tramadol,ARVCF,ClinVar,CV,response
rs1601551560,tramadol,ARVCF,ClinVar,CV,response
rs35481270,tramadol,ARVCF,ClinVar,CV,response
rs1407237513,tramadol,ARVCF,ClinVar,CV,response
rs165728,tramadol,ARVCF,ClinVar,CV,response
rs1601551875,tramadol,ARVCF,ClinVar,CV,response
rs1601552131,tramadol,ARVCF,ClinVar,CV,response
rs541561684,tramadol,ARVCF,ClinVar,CV,response
rs1601552215,tramadol,ARVCF,ClinVar,CV,response
rs1601552284,tramadol,ARVCF,ClinVar,CV,response
rs1383104098,tramadol,ARVCF,ClinVar,CV,response
rs1601552366,tramadol,ARVCF,ClinVar,CV,response
rs1601552408,tramadol,ARVCF,ClinVar,CV,response
rs1281747131,tramadol,ARVCF,ClinVar,CV,response
rs1601552499,tramadol,ARVCF,ClinVar,CV,response
rs1601552508,tramadol,ARVCF,ClinVar,CV,response
rs1601552524,tramadol,ARVCF,ClinVar,CV,response
rs1601552572,tramadol,ARVCF,ClinVar,CV,response
rs1601552612,tramadol,ARVCF,ClinVar,CV,response
rs1601552651,tramadol,ARVCF,ClinVar,CV,response
rs1191232468,tramadol,ARVCF,ClinVar,CV,response
rs1426955262,tramadol,ARVCF,ClinVar,CV,response
rs1601552910,tramadol,ARVCF,ClinVar,CV,response
rs1194870751,tramadol,ARVCF,ClinVar,CV,response
rs1601553046,tramadol,ARVCF,ClinVar,CV,response
rs1601553128,tramadol,ARVCF,ClinVar,CV,response
rs1601553151,tramadol,ARVCF,ClinVar,CV,response
rs987022208,tramadol,ARVCF,ClinVar,CV,response
rs1601553369,tramadol,ARVCF,ClinVar,CV,response
rs1601553380,tramadol,ARVCF,ClinVar,CV,response
rs1380337718,tramadol,ARVCF,ClinVar,CV,response
rs982843466,tramadol,ARVCF,ClinVar,CV,response
rs548235125,tramadol,ARVCF,ClinVar,CV,response
rs910999769,tramadol,ARVCF,ClinVar,CV,response
rs1043850772,tramadol,ARVCF,ClinVar,CV,response
rs554056486,tramadol,ARVCF,ClinVar,CV,response
rs1040891994,tramadol,ARVCF,ClinVar,CV,response
rs1601553978,tramadol,ARVCF,ClinVar,CV,response
rs1042965728,tramadol,ARVCF,ClinVar,CV,response
rs570852533,tramadol,ARVCF,ClinVar,CV,response
rs1601554157,tramadol,ARVCF,ClinVar,CV,response
rs1601554241,tramadol,ARVCF,ClinVar,CV,response
rs1388042103,tramadol,ARVCF,ClinVar,CV,response
rs2016225115,corticosteroids,APOL1,ClinVar,CV,response
rs1602563541,tramadol,CYP2D6,ClinVar,CV,response
rs1252450087,tramadol,CYP2D6,ClinVar,CV,response
rs1602563653,tramadol,CYP2D6,ClinVar,CV,response
rs1602563686,tramadol,CYP2D6,ClinVar,CV,response
rs1602563722,tramadol,CYP2D6,ClinVar,CV,response
rs1602563763,tramadol,CYP2D6,ClinVar,CV,response
22:42522312:T:C,tramadol,CYP2D6,ClinVar,CV,response
rs1602563935,tramadol,CYP2D6,ClinVar,CV,response
rs28371738,tramadol,CYP2D6,ClinVar,CV,response
rs1602564163,tramadol,CYP2D6,ClinVar,CV,response
rs28371737,tramadol,CYP2D6,ClinVar,CV,response
rs1602564412,tramadol,CYP2D6,ClinVar,CV,response
rs1602564450,tramadol,CYP2D6,ClinVar,CV,response
rs1135838,tramadol,CYP2D6,ClinVar,CV,response
rs1135832,tramadol,CYP2D6,ClinVar,CV,response
rs1602565522,tramadol,CYP2D6,ClinVar,CV,response
rs1602565749,tramadol,CYP2D6,ClinVar,CV,response
rs1252997755,tramadol,CYP2D6,ClinVar,CV,response
rs1602565818,tramadol,CYP2D6,ClinVar,CV,response
rs1602566009,tramadol,CYP2D6,ClinVar,CV,response
rs1602566050,tramadol,CYP2D6,ClinVar,CV,response
rs1602566282,tramadol,CYP2D6,ClinVar,CV,response
rs78762568,tramadol,CYP2D6,ClinVar,CV,response
22:42523003:A:G,tramadol,CYP2D6,ClinVar,CV,response
rs1602566813,tramadol,CYP2D6,ClinVar,CV,response
rs1602567334,tramadol,CYP2D6,ClinVar,CV,response
rs959768306,tramadol,CYP2D6,ClinVar,CV,response
22:42523209:T:C,tramadol,CYP2D6,ClinVar,CV,response
rs2004511,tramadol,CYP2D6,ClinVar,CV,response
rs1602567530,tramadol,CYP2D6,ClinVar,CV,response
rs1471668315,tramadol,CYP2D6,ClinVar,CV,response
rs28371729,tramadol,CYP2D6,ClinVar,CV,response
rs1602568040,tramadol,CYP2D6,ClinVar,CV,response
rs1261231971,tramadol,CYP2D6,ClinVar,CV,response
22:42523409:G:T,tramadol,CYP2D6,ClinVar,CV,response
rs1602568220,tramadol,CYP2D6,ClinVar,CV,response
rs771263462,tramadol,CYP2D6,ClinVar,CV,response
rs61737946,tramadol,CYP2D6,ClinVar,CV,response
rs1058172,tramadol,CYP2D6,ClinVar,CV,response
rs1602568885,tramadol,CYP2D6,ClinVar,CV,response
rs1569019727,tramadol,CYP2D6,ClinVar,CV,response
rs1602570163,tramadol,CYP2D6,ClinVar,CV,response
rs28371725,deutetrabenazine,CYP2D6,ClinVar,CV,response
rs28371725,tamoxifen,CYP2D6,ClinVar,CV,response
rs28371725,tramadol,CYP2D6,ClinVar,CV,response
rs1602570291,tramadol,CYP2D6,ClinVar,CV,response
rs1602570404,tramadol,CYP2D6,ClinVar,CV,response
rs1569020753,tramadol,CYP2D6,ClinVar,CV,response
rs1602570688,tramadol,CYP2D6,ClinVar,CV,response
rs1602570721,tramadol,CYP2D6,ClinVar,CV,response
rs759070183,tramadol,CYP2D6,ClinVar,CV,response
rs1602571142,tramadol,CYP2D6,ClinVar,CV,response
rs372708040,tramadol,CYP2D6,ClinVar,CV,response
rs770112850,tramadol,CYP2D6,ClinVar,CV,response
rs768552222,tramadol,CYP2D6,ClinVar,CV,response
rs773065145,tramadol,CYP2D6,ClinVar,CV,response
rs1602572018,tramadol,CYP2D6,ClinVar,CV,response
rs1602572160,tramadol,CYP2D6,ClinVar,CV,response
rs28371722,tramadol,CYP2D6,ClinVar,CV,response
rs1135828,tramadol,CYP2D6,ClinVar,CV,response
rs77913725,tramadol,CYP2D6,ClinVar,CV,response
rs1602573074,tramadol,CYP2D6,ClinVar,CV,response
rs28371718,tramadol,CYP2D6,ClinVar,CV,response
rs1341003897,tramadol,CYP2D6,ClinVar,CV,response
rs1602573439,tramadol,CYP2D6,ClinVar,CV,response
rs1602573633,tramadol,CYP2D6,ClinVar,CV,response
rs1602573718,tramadol,CYP2D6,ClinVar,CV,response
rs1602573795,tramadol,CYP2D6,ClinVar,CV,response
rs1243391823,tramadol,CYP2D6,ClinVar,CV,response
rs1602573997,tramadol,CYP2D6,ClinVar,CV,response
rs17002852,tramadol,CYP2D6,ClinVar,CV,response
rs17002853,tramadol,CYP2D6,ClinVar,CV,response
rs1252557189,tramadol,CYP2D6,ClinVar,CV,response
rs370484811,tramadol,CYP2D6,ClinVar,CV,response
rs1602575336,tramadol,CYP2D6,ClinVar,CV,response
rs267608300,tramadol,CYP2D6,ClinVar,CV,response
rs1602575668,tramadol,CYP2D6,ClinVar,CV,response
rs1454767586,tramadol,CYP2D6,ClinVar,CV,response
rs915922776,tramadol,CYP2D6,ClinVar,CV,response
rs1388913350,tramadol,CYP2D6,ClinVar,CV,response
rs1602575863,tramadol,CYP2D6,ClinVar,CV,response
rs1602575891,tramadol,CYP2D6,ClinVar,CV,response
rs1602575928,tramadol,CYP2D6,ClinVar,CV,response
rs1254795640,tramadol,CYP2D6,ClinVar,CV,response
rs1602576136,tramadol,CYP2D6,ClinVar,CV,response
rs1602576341,tramadol,CYP2D6,ClinVar,CV,response
rs1235579184,tramadol,CYP2D6,ClinVar,CV,response
rs2267447,tramadol,CYP2D6,ClinVar,CV,response
rs1602576489,tramadol,CYP2D6,ClinVar,CV,response
rs111564371,tramadol,CYP2D6,ClinVar,CV,response
rs112568578,tramadol,CYP2D6,ClinVar,CV,response
rs113889384,tramadol,CYP2D6,ClinVar,CV,response
rs1291448337,tramadol,CYP2D6,ClinVar,CV,response
rs750439337,tramadol,CYP2D6,ClinVar,CV,response
rs538707090,tramadol,CYP2D6,ClinVar,CV,response
rs773148044,tramadol,CYP2D6,ClinVar,CV,response
rs1602578192,tramadol,CYP2D6,ClinVar,CV,response
rs764477422,tramadol,CYP2D6,ClinVar,CV,response
rs111606937,tramadol,CYP2D6,ClinVar,CV,response
rs1602578555,tramadol,CYP2D6,ClinVar,CV,response
rs3892097,deutetrabenazine,CYP2D6,ClinVar,CV,response
rs3892097,tamoxifen,CYP2D6,ClinVar,CV,response
rs3892097,tramadol,CYP2D6,ClinVar,CV,response
rs573146761,tramadol,CYP2D6,ClinVar,CV,response
rs1333908490,tramadol,CYP2D6,ClinVar,CV,response
rs762326029,tramadol,CYP2D6,ClinVar,CV,response
rs562436480,tramadol,CYP2D6,ClinVar,CV,response
rs5030655,tamoxifen,CYP2D6,ClinVar,CV,response
rs5030655,deutetrabenazine,CYP2D6,ClinVar,CV,response
rs375135093,tramadol,CYP2D6,ClinVar,CV,response
rs1240215026,tramadol,CYP2D6,ClinVar,CV,response
rs1602580278,tramadol,CYP2D6,ClinVar,CV,response
22:42525132:G:C,tramadol,CYP2D6,ClinVar,CV,response
rs1135822,tramadol,CYP2D6,ClinVar,CV,response
rs1602580928,tramadol,CYP2D6,ClinVar,CV,response
rs1602581300,tramadol,CYP2D6,ClinVar,CV,response
rs1376020733,tramadol,CYP2D6,ClinVar,CV,response
rs1602581328,tramadol,CYP2D6,ClinVar,CV,response
rs975260299,tramadol,CYP2D6,ClinVar,CV,response
rs1602581671,tramadol,CYP2D6,ClinVar,CV,response
rs1602581702,tramadol,CYP2D6,ClinVar,CV,response
rs1602581822,tramadol,CYP2D6,ClinVar,CV,response
rs1174898951,tramadol,CYP2D6,ClinVar,CV,response
rs1602582413,tramadol,CYP2D6,ClinVar,CV,response
rs1368936023,tramadol,CYP2D6,ClinVar,CV,response
rs1602582561,tramadol,CYP2D6,ClinVar,CV,response
rs1441462125,tramadol,CYP2D6,ClinVar,CV,response
rs1602583232,tramadol,CYP2D6,ClinVar,CV,response
rs1183013541,tramadol,CYP2D6,ClinVar,CV,response
rs1081004,tramadol,CYP2D6,ClinVar,CV,response
rs1602583603,tramadol,CYP2D6,ClinVar,CV,response
rs764004312,tramadol,CYP2D6,ClinVar,CV,response
rs1602583762,tramadol,CYP2D6,ClinVar,CV,response
rs1363367942,tramadol,CYP2D6,ClinVar,CV,response
rs771000444,tramadol,CYP2D6,ClinVar,CV,response
rs1052450283,tramadol,CYP2D6,ClinVar,CV,response
rs1602584065,tramadol,CYP2D6,ClinVar,CV,response
rs1602584280,tramadol,CYP2D6,ClinVar,CV,response
rs527753359,tramadol,CYP2D6,ClinVar,CV,response
rs28371704,tramadol,CYP2D6,ClinVar,CV,response
rs1397696580,tramadol,CYP2D6,ClinVar,CV,response
rs28371703,tramadol,CYP2D6,ClinVar,CV,response
rs775131598,tramadol,CYP2D6,ClinVar,CV,response
rs1602585699,tramadol,CYP2D6,ClinVar,CV,response
22:42525952:C:A,tramadol,CYP2D6,ClinVar,CV,response
rs1602586269,tramadol,CYP2D6,ClinVar,CV,response
rs1476223883,tramadol,CYP2D6,ClinVar,CV,response
rs1602586374,tramadol,CYP2D6,ClinVar,CV,response
rs1363310643,tramadol,CYP2D6,ClinVar,CV,response
22:42526049:C:G,tramadol,CYP2D6,ClinVar,CV,response
rs1244624065,tramadol,CYP2D6,ClinVar,CV,response
rs1602586680,tramadol,CYP2D6,ClinVar,CV,response
rs1602586771,tramadol,CYP2D6,ClinVar,CV,response
rs1602586788,tramadol,CYP2D6,ClinVar,CV,response
rs1602586818,tramadol,CYP2D6,ClinVar,CV,response
rs1602586941,tramadol,CYP2D6,ClinVar,CV,response
rs1602587073,tramadol,CYP2D6,ClinVar,CV,response
rs1602587200,tramadol,CYP2D6,ClinVar,CV,response
rs1602587214,tramadol,CYP2D6,ClinVar,CV,response
rs1602587229,tramadol,CYP2D6,ClinVar,CV,response
rs1602587272,tramadol,CYP2D6,ClinVar,CV,response
rs1021089207,tramadol,CYP2D6,ClinVar,CV,response
rs1602588001,tramadol,CYP2D6,ClinVar,CV,response
22:42526484:A:C,tramadol,CYP2D6,ClinVar,CV,response
rs1602588151,tramadol,CYP2D6,ClinVar,CV,response
22:42526549:C:T,tramadol,CYP2D6,ClinVar,CV,response
22:42526561:G:T,tramadol,CYP2D6,ClinVar,CV,response
22:42526562:G:C,tramadol,CYP2D6,ClinVar,CV,response
22:42526567:G:A,tramadol,CYP2D6,ClinVar,CV,response
22:42526571:C:G,tramadol,CYP2D6,ClinVar,CV,response
22:42526573:T:G,tramadol,CYP2D6,ClinVar,CV,response
rs1449226165,tramadol,CYP2D6,ClinVar,CV,response
22:42526580:G:C,tramadol,CYP2D6,ClinVar,CV,response
rs1451137004,tramadol,CYP2D6,ClinVar,CV,response
rs1602589675,tramadol,CYP2D6,ClinVar,CV,response
rs1065852,deutetrabenazine,CYP2D6,ClinVar,CV,response
rs1065852,tamoxifen,CYP2D6,ClinVar,CV,response
rs1065852,tramadol,CYP2D6,ClinVar,CV,response
rs1602590731,tramadol,CYP2D6,ClinVar,CV,response
rs561496509,tramadol,CYP2D6,ClinVar,CV,response
rs1602591357,tramadol,CYP2D6,ClinVar,CV,response
rs1602592194,tramadol,CYP2D6,ClinVar,CV,response
rs1602592459,tramadol,CYP2D6,ClinVar,CV,response
rs1602592512,tramadol,CYP2D6,ClinVar,CV,response
rs1569032300,tramadol,CYP2D6,ClinVar,CV,response
rs1388132795,tramadol,CYP2D6,ClinVar,CV,response
rs1264108606,tramadol,CYP2D6,ClinVar,CV,response
rs1602593301,tramadol,CYP2D6,ClinVar,CV,response
rs1602593445,tramadol,CYP2D6,ClinVar,CV,response
rs530422334,tramadol,CYP2D6,ClinVar,CV,response
rs1602594207,tramadol,CYP2D6,ClinVar,CV,response
rs1602594264,tramadol,CYP2D6,ClinVar,CV,response
rs1602594491,tramadol,CYP2D6,ClinVar,CV,response
rs1602594516,tramadol,CYP2D6,ClinVar,CV,response
rs540076362,tramadol,CYP2D6,ClinVar,CV,response
rs1602594895,tramadol,CYP2D6,ClinVar,CV,response
rs1602594997,tramadol,CYP2D6,ClinVar,CV,response
rs1602595071,tramadol,CYP2D6,ClinVar,CV,response
rs1602595162,tramadol,CYP2D6,ClinVar,CV,response
rs1602595193,tramadol,CYP2D6,ClinVar,CV,response
rs1602595514,tramadol,CYP2D6,ClinVar,CV,response
rs1602595686,tramadol,CYP2D6,ClinVar,CV,response
rs1602595756,tramadol,CYP2D6,ClinVar,CV,response
rs1602595724,tramadol,CYP2D6,ClinVar,CV,response
22:42527471:T:C,tramadol,CYP2D6,ClinVar,CV,response
rs545334485,tramadol,CYP2D6,ClinVar,CV,response
rs1602595905,tramadol,CYP2D6,ClinVar,CV,response
rs1602596119,tramadol,CYP2D6,ClinVar,CV,response
22:42527533:A:G,tramadol,CYP2D6,ClinVar,CV,response
rs763046818,tramadol,CYP2D6,ClinVar,CV,response
rs1602596916,tramadol,CYP2D6,ClinVar,CV,response
rs1602596953,tramadol,CYP2D6,ClinVar,CV,response
rs971209042,tramadol,CYP2D6,ClinVar,CV,response
rs1602597574,tramadol,CYP2D6,ClinVar,CV,response
rs1369432802,tramadol,CYP2D6,ClinVar,CV,response
rs1602597868,tramadol,CYP2D6,ClinVar,CV,response
rs1602597924,tramadol,CYP2D6,ClinVar,CV,response
rs1080989,tramadol,CYP2D6,ClinVar,CV,response
rs1602598277,tramadol,CYP2D6,ClinVar,CV,response
rs375413467,tramadol,CYP2D6,ClinVar,CV,response
22:42528029:C:.,tramadol,CYP2D6,ClinVar,CV,response
rs1489026031,tramadol,CYP2D6,ClinVar,CV,response
rs1210044985,tramadol,CYP2D6,ClinVar,CV,response
rs1392038344,tramadol,CYP2D6,ClinVar,CV,response
rs1602600410,tramadol,CYP2D6,ClinVar,CV,response
rs28588594,tramadol,CYP2D6,ClinVar,CV,response
rs1602601083,tramadol,CYP2D6,ClinVar,CV,response
rs1602601524,tramadol,CYP2D6,ClinVar,CV,response
rs1602601661,tramadol,CYP2D6,ClinVar,CV,response
22:42528382:C:G,tramadol,CYP2D6,ClinVar,CV,response
rs1602602339,tramadol,CYP2D6,ClinVar,CV,response
rs1602602412,tramadol,CYP2D6,ClinVar,CV,response
rs1602602668,tramadol,CYP2D6,ClinVar,CV,response
rs1602602902,tramadol,CYP2D6,ClinVar,CV,response
rs1602602990,tramadol,CYP2D6,ClinVar,CV,response
rs1602603171,tramadol,CYP2D6,ClinVar,CV,response
22:42528568:T:C,tramadol,CYP2D6,ClinVar,CV,response
rs1555951992,poly (adp-ribose) polymerase inhibitor,DDX3X,ClinVar,CV,response
rs28358569,gentamicin,MT-RNR1,ClinVar,CV,response
rs267606618,kanamycin,MT-RNR1,ClinVar,CV,toxicity
rs267606618,streptomycin,MT-RNR1,ClinVar,CV,toxicity
rs267606618,gentamicin,MT-RNR1,ClinVar,CV,toxicity
rs267606618,aminoglycoside antibacterials,MT-RNR1,ClinVar,CV,toxicity
rs267606619,tobramycin,MT-RNR1,ClinVar,CV,toxicity
rs267606619,kanamycin,MT-RNR1,ClinVar,CV,toxicity
rs267606619,streptomycin,MT-RNR1,ClinVar,CV,toxicity
rs267606619,aminoglycoside antibacterials,MT-RNR1,ClinVar,CV,toxicity
rs267606619,gentamicin,MT-RNR1,ClinVar,CV,toxicity
rs267606619,gentamicin,MT-RNR1,ClinVar,CV,response
rs267606617,kanamycin,MT-ND1,ClinVar,CV,toxicity
rs267606617,streptomycin,MT-ND1,ClinVar,CV,toxicity
rs267606617,tobramycin,MT-ND1,ClinVar,CV,toxicity
rs267606617,gentamicin,MT-ND1,ClinVar,CV,toxicity
rs267606617,amikacin,MT-ND1,ClinVar,CV,toxicity
rs267606617,aminoglycoside antibacterials,MT-ND1,ClinVar,CV,toxicity
rs267606617,gentamicin,MT-ND1,ClinVar,CV,response
rs951439,risperidone,RGS4,PharmGKB_CA,3,efficacy
rs951439,antipsychotics,RGS4,PharmGKB_CA,3,efficacy
rs951439,olanzapine,RGS4,PharmGKB_CA,3,efficacy
rs951439,perphenazine,RGS4,PharmGKB_CA,3,efficacy
rs951439,quetiapine,RGS4,PharmGKB_CA,3,efficacy
rs951439,ziprasidone,RGS4,PharmGKB_CA,3,efficacy
rs4149015,pravastatin,SLCO1B1,PharmGKB_CA,3,metabolism/pk
rs58597806,propofol,UGT1A9,PharmGKB_CA,3,toxicity
rs7412,"antivirals for treatment of hiv infections, combinations",APOE,PharmGKB_CA,3,toxicity
rs7412,ritonavir,APOE,PharmGKB_CA,3,toxicity
rs396991,rituximab,FCGR3A,PharmGKB_CA,3,efficacy
rs20417,rofecoxib,PTGS2,PharmGKB_CA,3,efficacy
rs4343,sildenafil,ACE,PharmGKB_CA,3,efficacy
rs4086116,acenocoumarol,CYP2C9,PharmGKB_CA,3,dosage
rs17708472,warfarin,VKORC1,PharmGKB_CA,4,dosage
rs5065,amlodipine,NPPA,PharmGKB_CA,3,efficacy
rs5065,chlorthalidone,NPPA,PharmGKB_CA,3,efficacy
rs6295,antidepressants,HTR1A,PharmGKB_CA,3,efficacy
rs6295,fluvoxamine,HTR1A,PharmGKB_CA,3,efficacy
rs6295,paroxetine,HTR1A,PharmGKB_CA,3,efficacy
rs6295,selective serotonin reuptake inhibitors,HTR1A,PharmGKB_CA,3,efficacy
rs6295,sertraline,HTR1A,PharmGKB_CA,3,efficacy
rs4253778,beta blocking agents,PPARA,PharmGKB_CA,3,efficacy
rs1799722,"ace inhibitors, plain",BDKRB2,PharmGKB_CA,4,toxicity
rs1800629,etanercept,TNF,PharmGKB_CA,2B,efficacy
rs2781659,selective beta-2-adrenoreceptor agonists,ARG1,PharmGKB_CA,3,efficacy
rs622342,metformin,SLC22A1,PharmGKB_CA,3,efficacy
rs1801253,muraglitazar,ADRB1,PharmGKB_CA,3,toxicity
rs5370,muraglitazar,EDN1,PharmGKB_CA,3,toxicity
rs2306283,repaglinide,SLCO1B1,PharmGKB_CA,3,other
rs518147,olanzapine,HTR2C,PharmGKB_CA,3,toxicity
rs3813929,antipsychotics,HTR2C,PharmGKB_CA,3,toxicity
rs2842030,olanzapine,RGS4,PharmGKB_CA,3,efficacy
rs2842030,perphenazine,RGS4,PharmGKB_CA,3,efficacy
rs2842030,risperidone,RGS4,PharmGKB_CA,3,efficacy
rs4731426,olanzapine,LEP,PharmGKB_CA,3,toxicity
rs1123617,nifedipine,SLC14A2,PharmGKB_CA,3,efficacy
rs3745009,nifedipine,SLC14A2,PharmGKB_CA,3,efficacy
rs61750900,nicotine,UGT2B10,PharmGKB_CA,3,metabolism/pk
rs9923231,warfarin,VKORC1,PharmGKB_CA,1A,dosage
rs10871454,warfarin,STX4,PharmGKB_CA,3,dosage
rs8050894,warfarin,VKORC1,PharmGKB_CA,1B,dosage
rs1136201,trastuzumab,ERBB2,PharmGKB_CA,3,toxicity
rs6280,pramipexole,DRD3,PharmGKB_CA,3,efficacy
rs2472677,rifampin,NR1I2,PharmGKB_CA,3,other
rs2661319,risperidone,RGS4,PharmGKB_CA,3,efficacy
rs1800497,risperidone,ANKK1;DRD2,PharmGKB_CA,4,efficacy
rs2494732,risperidone,AKT1,PharmGKB_CA,3,efficacy
rs3803300,risperidone,AKT1,PharmGKB_CA,3,efficacy
rs165599,risperidone,COMT,PharmGKB_CA,3,efficacy
rs724226,risperidone,GRM3,PharmGKB_CA,3,efficacy
rs2854117,ritonavir,APOC3,PharmGKB_CA,3,toxicity
rs2854116,ritonavir,APOC3,PharmGKB_CA,3,toxicity
rs5128,ritonavir,APOC3,PharmGKB_CA,3,toxicity
rs10192566,rosiglitazone,LPIN1,PharmGKB_CA,3,efficacy
rs1042713,salmeterol,ADRB2,PharmGKB_CA,2A,efficacy
rs2267715,salbutamol,CRHR2,PharmGKB_CA,3,efficacy
rs2267715,selective beta-2-adrenoreceptor agonists,CRHR2,PharmGKB_CA,3,efficacy
rs12255372,"sulfonamides, urea derivatives",TCF7L2,PharmGKB_CA,3,efficacy
rs5219,repaglinide,KCNJ11,PharmGKB_CA,3,efficacy
rs2273697,talinolol,ABCC2,PharmGKB_CA,3,metabolism/pk
rs9340799,tamoxifen,ESR1,PharmGKB_CA,3,toxicity
rs1138272,thiotepa,GSTP1,PharmGKB_CA,3,metabolism/pk
rs1487278,mirtazapine,TPH2,PharmGKB_CA,3,efficacy
rs1487278,venlafaxine,TPH2,PharmGKB_CA,3,efficacy
rs119774,montelukast,ABCC1,PharmGKB_CA,3,efficacy
rs12422149,montelukast,SLCO2B1,PharmGKB_CA,3,efficacy
rs2368564,muraglitazar,REN,PharmGKB_CA,3,toxicity
rs28364006,methotrexate,ABCC1,PharmGKB_CA,3,efficacy
rs35592,methotrexate,ABCC1,PharmGKB_CA,3,efficacy
rs1801133,methotrexate,MTHFR,PharmGKB_CA,2A,toxicity
rs2273697,antiepileptics,ABCC2,PharmGKB_CA,4,toxicity
rs2273697,carbamazepine,ABCC2,PharmGKB_CA,4,toxicity
rs2273697,oxcarbazepine,ABCC2,PharmGKB_CA,4,toxicity
rs1800629,carbamazepine,LTA;TNF,PharmGKB_CA,3,toxicity
rs2032582,paclitaxel,ABCB1,PharmGKB_CA,3,efficacy
rs13058338,doxorubicin,RAC2,PharmGKB_CA,3,toxicity
rs13058338,idarubicin,RAC2,PharmGKB_CA,3,toxicity
rs17222723,doxorubicin,ABCC2,PharmGKB_CA,3,toxicity
rs1883112,doxorubicin,NCF4,PharmGKB_CA,3,toxicity
rs1883112,idarubicin,NCF4,PharmGKB_CA,3,toxicity
rs45511401,doxorubicin,ABCC1,PharmGKB_CA,3,toxicity
rs4673,doxorubicin,CYBA,PharmGKB_CA,3,toxicity
rs4673,idarubicin,CYBA,PharmGKB_CA,3,toxicity
rs1051740,phenytoin,EPHX1,PharmGKB_CA,3,toxicity
rs2234922,phenytoin,EPHX1,PharmGKB_CA,3,toxicity
rs2784917,etoposide,SLIT1,PharmGKB_CA,3,toxicity
rs1799931,docetaxel,NAT2,PharmGKB_CA,3,toxicity
rs1799931,thalidomide,NAT2,PharmGKB_CA,3,toxicity
rs1402467,docetaxel,SULT1C4,PharmGKB_CA,3,efficacy
rs1402467,thalidomide,SULT1C4,PharmGKB_CA,3,efficacy
rs12960,docetaxel,RPL13;SNORD68;SPG7,PharmGKB_CA,3,toxicity
rs12960,thalidomide,RPL13;SNORD68;SPG7,PharmGKB_CA,3,toxicity
rs12418,docetaxel,CHST3,PharmGKB_CA,3,efficacy
rs12418,thalidomide,CHST3,PharmGKB_CA,3,efficacy
rs1045642,nevirapine,ABCB1,PharmGKB_CA,3,toxicity
rs870995,docetaxel,PIK3CA,PharmGKB_CA,3,dosage
rs518329,docetaxel,PRDX4,PharmGKB_CA,3,dosage
rs2234922,docetaxel,EPHX1,PharmGKB_CA,3,dosage
rs1382368,docetaxel,XRCC4,PharmGKB_CA,3,dosage
rs1051266,methotrexate,SLC19A1,PharmGKB_CA,3,toxicity
rs1801131,methotrexate,MTHFR,PharmGKB_CA,3,toxicity
rs11042725,paroxetine,ADM,PharmGKB_CA,3,efficacy
rs1801133,antipsychotics,CLCN6;MTHFR,PharmGKB_CA,3,toxicity
rs1142345,cisplatin,TPMT,PharmGKB_CA,3,toxicity
rs4646316,cisplatin,COMT,PharmGKB_CA,3,toxicity
rs12201199,cisplatin,TPMT,PharmGKB_CA,3,toxicity
rs1800460,cisplatin,TPMT,PharmGKB_CA,3,toxicity
rs9332377,cisplatin,COMT,PharmGKB_CA,3,toxicity
rs2228001,cisplatin,XPC,PharmGKB_CA,3,toxicity
rs13181,cisplatin,ERCC2;KLC3,PharmGKB_CA,3,efficacy
rs13181,oxaliplatin,ERCC2;KLC3,PharmGKB_CA,3,efficacy
rs13181,platinum,ERCC2;KLC3,PharmGKB_CA,3,efficacy
rs13181,platinum compounds,ERCC2;KLC3,PharmGKB_CA,3,efficacy
rs11615,carboplatin,ERCC1,PharmGKB_CA,3,toxicity
rs11615,cisplatin,ERCC1,PharmGKB_CA,3,toxicity
rs11615,oxaliplatin,ERCC1,PharmGKB_CA,3,toxicity
rs11615,platinum,ERCC1,PharmGKB_CA,3,toxicity
rs11615,platinum compounds,ERCC1,PharmGKB_CA,3,toxicity
rs25487,platinum compounds,XRCC1,PharmGKB_CA,2B,efficacy
rs3212986,cisplatin,ERCC1,PharmGKB_CA,3,toxicity
rs3212986,platinum compounds,ERCC1;POLR1G;PPP1R13L,PharmGKB_CA,3,efficacy
rs3957357,cisplatin,GSTA1,PharmGKB_CA,3,toxicity
rs3957357,cyclophosphamide,GSTA1,PharmGKB_CA,3,toxicity
rs60369023,gemcitabine,CDA,PharmGKB_CA,3,toxicity
rs1799889,antidepressants,SERPINE1,PharmGKB_CA,3,efficacy
rs1799889,citalopram,SERPINE1,PharmGKB_CA,3,efficacy
rs1799889,fluoxetine,SERPINE1,PharmGKB_CA,3,efficacy
rs2227631,antidepressants,SERPINE1,PharmGKB_CA,3,efficacy
rs2227631,citalopram,SERPINE1,PharmGKB_CA,3,efficacy
rs2227631,fluoxetine,SERPINE1,PharmGKB_CA,3,efficacy
rs1544410,alendronate,VDR,PharmGKB_CA,3,efficacy
rs731236,clodronate,VDR,PharmGKB_CA,3,efficacy
rs16944,bisphosphonates,IL1B,PharmGKB_CA,3,efficacy
rs16944,clodronate,IL1B,PharmGKB_CA,3,efficacy
rs16944,etidronic acid,IL1B,PharmGKB_CA,3,efficacy
rs16944,risedronate,IL1B,PharmGKB_CA,3,efficacy
rs16944,tiludronate,IL1B,PharmGKB_CA,3,efficacy
rs3761422,methotrexate,ADORA2A,PharmGKB_CA,3,toxicity
rs2267076,methotrexate,ADORA2A,PharmGKB_CA,3,toxicity
rs1799978,risperidone,DRD2,PharmGKB_CA,3,toxicity
rs1800497,nemonapride,ANKK1,PharmGKB_CA,3,toxicity
rs12248560,mephenytoin,CYP2C19,PharmGKB_CA,3,dosage
rs1902023,oxazepam,UGT2B15,PharmGKB_CA,3,metabolism/pk
rs2853539,methotrexate,TYMS,PharmGKB_CA,3,efficacy
rs1544105,methotrexate,FPGS,PharmGKB_CA,3,efficacy
rs1801133,nitrous oxide,MTHFR,PharmGKB_CA,3,toxicity
rs1801131,nitrous oxide,MTHFR,PharmGKB_CA,3,toxicity
rs167771,risperidone,DRD3,PharmGKB_CA,3,toxicity
rs11045879,methotrexate,SLCO1B1,PharmGKB_CA,4,toxicity
rs4149056,methotrexate,SLCO1B1,PharmGKB_CA,3,metabolism/pk
rs1045642,prednisone,ABCB1,PharmGKB_CA,3,other
rs1045642,tacrolimus,ABCB1,PharmGKB_CA,3,other
rs1113129,paclitaxel,CYP2C8,PharmGKB_CA,3,toxicity
rs1801131,methotrexate,MTHFR,PharmGKB_CA,4,toxicity
rs1801131,methotrexate,MTHFR,PharmGKB_CA,3,efficacy
rs2016848,"ace inhibitors, plain",MME,PharmGKB_CA,3,toxicity
rs11209716,"ace inhibitors, plain",PTGER3,PharmGKB_CA,3,toxicity
rs8012552,"ace inhibitors, plain",BDKRB2,PharmGKB_CA,3,toxicity
rs10879346,antidepressants,TPH2,PharmGKB_CA,3,efficacy
rs10879346,mirtazapine,TPH2,PharmGKB_CA,3,efficacy
rs10879346,venlafaxine,TPH2,PharmGKB_CA,3,efficacy
rs4343,spironolactone,ACE,PharmGKB_CA,3,efficacy
rs1695,fluorouracil,GSTP1,PharmGKB_CA,3,toxicity
rs334558,citalopram,GSK3B,PharmGKB_CA,3,efficacy
rs334558,fluoxetine,GSK3B,PharmGKB_CA,3,efficacy
rs9274407,amoxicillin,HLA-DQB1,PharmGKB_CA,3,toxicity
rs9274407,clavulanate,HLA-DQB1,PharmGKB_CA,3,toxicity
rs3745274,efavirenz,CYP2B6,PharmGKB_CA,1A,toxicity
rs10509681,repaglinide,CYP2C8,PharmGKB_CA,3,other
rs2070959,valproic acid,UGT1A10;UGT1A6;UGT1A7;UGT1A8;UGT1A9,PharmGKB_CA,3,dosage
rs2227983,egfr inhibitors,EGFR,PharmGKB_CA,3,toxicity
rs2273697,tenofovir,ABCC2,PharmGKB_CA,4,toxicity
rs2297595,fluorouracil,DPYD,PharmGKB_CA,1A,toxicity
rs28399454,efavirenz,CYP2A6,PharmGKB_CA,4,other
rs2046934,clopidogrel,P2RY12,PharmGKB_CA,4,efficacy
rs1045642,antiepileptics,ABCB1,PharmGKB_CA,4,efficacy
rs12714145,warfarin,GGCX,PharmGKB_CA,4,dosage
rs1801265,fluorouracil,DPYD,PharmGKB_CA,1A,toxicity
rs3740066,antiepileptics,ABCC2,PharmGKB_CA,4,efficacy
rs9923231,acenocoumarol,VKORC1,PharmGKB_CA,1A,dosage
rs9461684,nevirapine,HLA-C,PharmGKB_CA,3,toxicity
rs9024,anthracyclines and related substances,CBR1,PharmGKB_CA,3,toxicity
rs2032582,tacrolimus,ABCB1,PharmGKB_CA,3,efficacy
rs1045642,paclitaxel,ABCB1,PharmGKB_CA,4,toxicity
rs1045642,carbamazepine,ABCB1,PharmGKB_CA,4,efficacy
rs1045642,dexamethasone,ABCB1,PharmGKB_CA,3,efficacy
rs1045642,doxorubicin,ABCB1,PharmGKB_CA,3,efficacy
rs1045642,vincristine,ABCB1,PharmGKB_CA,3,efficacy
rs1045642,rhodamine 123,ABCB1,PharmGKB_CA,3,other
rs1045642,capecitabine,ABCB1,PharmGKB_CA,3,toxicity
rs1799971,drugs used in nicotine dependence,OPRM1,PharmGKB_CA,4,efficacy
rs1799971,nicotine,OPRM1,PharmGKB_CA,4,efficacy
rs1801133,capecitabine,MTHFR,PharmGKB_CA,4,toxicity
rs1801133,fluorouracil,MTHFR,PharmGKB_CA,4,toxicity
rs1805087,carboplatin,MTR,PharmGKB_CA,3,efficacy;toxicity
rs1805087,cisplatin,MTR,PharmGKB_CA,3,efficacy;toxicity
rs2032582,dexamethasone,ABCB1,PharmGKB_CA,3,efficacy
rs2032582,doxorubicin,ABCB1,PharmGKB_CA,3,efficacy
rs2032582,vincristine,ABCB1,PharmGKB_CA,3,efficacy
rs2032582,efavirenz,ABCB1,PharmGKB_CA,4,efficacy
rs4149056,atorvastatin,SLCO1B1,PharmGKB_CA,3,metabolism/pk
rs4149056,rifampin,SLCO1B1,PharmGKB_CA,3,metabolism/pk
rs4693075,atorvastatin,COQ2,PharmGKB_CA,3,toxicity
rs4693075,hmg coa reductase inhibitors,COQ2,PharmGKB_CA,3,toxicity
rs4693075,rosuvastatin,COQ2,PharmGKB_CA,3,toxicity
rs121434569,erlotinib,EGFR,PharmGKB_CA,2B,efficacy
rs7160796,corticosteroids,DCAF4,PharmGKB_CA,3,efficacy
rs6413432,cisplatin,CYP2E1,PharmGKB_CA,3,efficacy
rs6413432,cyclophosphamide,CYP2E1,PharmGKB_CA,3,efficacy
rs2231142,rosuvastatin,ABCG2,PharmGKB_CA,2A,efficacy
rs2231142,atorvastatin,ABCG2,PharmGKB_CA,3,other
rs776746,sunitinib,CYP3A5,PharmGKB_CA,3,dosage;toxicity
rs2283265,disulfiram,DRD2,PharmGKB_CA,3,efficacy
rs1800497,disulfiram,ANKK1,PharmGKB_CA,3,efficacy
rs10494366,dolasetron,NOS1AP,PharmGKB_CA,3,toxicity
rs10494366,granisetron,NOS1AP,PharmGKB_CA,3,toxicity
rs1801394,folic acid,MTRR,PharmGKB_CA,3,efficacy
rs1801394,"vitamin b-complex, plain",MTRR,PharmGKB_CA,3,efficacy
rs776746,atorvastatin,CYP3A5,PharmGKB_CA,3,efficacy
rs17161788,atorvastatin,CYP3A5,PharmGKB_CA,3,efficacy
rs2298826,haloperidol,SLC6A5,PharmGKB_CA,3,toxicity
rs17238540,simvastatin,HMGCR,PharmGKB_CA,3,efficacy
rs17244841,simvastatin,HMGCR,PharmGKB_CA,3,efficacy
rs1801133,pravastatin,MTHFR,PharmGKB_CA,3,efficacy
rs2279020,carbamazepine,GABRA1,PharmGKB_CA,3,efficacy
rs2279020,phenytoin,GABRA1,PharmGKB_CA,3,efficacy
rs2279020,valproic acid,GABRA1,PharmGKB_CA,3,efficacy
rs7412,fluvastatin,APOE,PharmGKB_CA,3,efficacy
rs2230806,pravastatin,ABCA1,PharmGKB_CA,3,efficacy
rs5443,bumetanide,GNB3,PharmGKB_CA,3,efficacy
rs5443,furosemide,GNB3,PharmGKB_CA,3,efficacy
rs5443,torasemide,GNB3,PharmGKB_CA,3,efficacy
rs495794,citalopram,SRP19,PharmGKB_CA,3,efficacy
rs495794,fluoxetine,SRP19,PharmGKB_CA,3,efficacy
rs495794,paroxetine,SRP19,PharmGKB_CA,3,efficacy
rs495794,sertraline,SRP19,PharmGKB_CA,3,efficacy
rs12948783,fentanyl,RHBDF2,PharmGKB_CA,3,efficacy
rs12948783,morphine,RHBDF2,PharmGKB_CA,3,efficacy
rs12948783,opioids,RHBDF2,PharmGKB_CA,3,efficacy
rs12948783,oxycodone,RHBDF2,PharmGKB_CA,3,efficacy
rs17183814,antiepileptics,SCN2A,PharmGKB_CA,4,efficacy
rs17183814,carbamazepine,SCN2A,PharmGKB_CA,4,efficacy
rs17183814,phenobarbital,SCN2A,PharmGKB_CA,4,efficacy
rs17183814,phenytoin,SCN2A,PharmGKB_CA,4,efficacy
rs17183814,valproic acid,SCN2A,PharmGKB_CA,4,efficacy
rs2298771,carbamazepine,SCN1A,PharmGKB_CA,4,efficacy
rs2298771,oxcarbazepine,SCN1A,PharmGKB_CA,4,efficacy
rs3812718,carbamazepine,SCN1A,PharmGKB_CA,3,efficacy
rs75527207,ivacaftor,CFTR,PharmGKB_CA,1A,efficacy
rs153560,citalopram,REEP5,PharmGKB_CA,3,efficacy
rs153560,fluoxetine,REEP5,PharmGKB_CA,3,efficacy
rs153560,paroxetine,REEP5,PharmGKB_CA,3,efficacy
rs153560,sertraline,REEP5,PharmGKB_CA,3,efficacy
rs13432159,sertraline,,PharmGKB_CA,3,toxicity
rs8192726,efavirenz,CYP2A6,PharmGKB_CA,4,other
rs699,irbesartan,AGT,PharmGKB_CA,3,efficacy
rs12407843,prasugrel,PEAR1,PharmGKB_CA,3,efficacy
rs77235035,prasugrel,PEAR1,PharmGKB_CA,3,efficacy
rs130058,paroxetine,HTR1B,PharmGKB_CA,3,other
rs12208357,tramadol,SLC22A1,PharmGKB_CA,3,metabolism/pk
rs6313,paroxetine,HTR2A,PharmGKB_CA,3,toxicity
rs5030868,glyburide,G6PD,PharmGKB_CA,3,toxicity
rs41273215,prasugrel,PEAR1,PharmGKB_CA,3,efficacy
rs2069526,escitalopram,CYP1A2,PharmGKB_CA,3,toxicity
rs324026,duloxetine,DRD3,PharmGKB_CA,3,efficacy
rs324023,duloxetine,DRD3,PharmGKB_CA,3,efficacy
rs167770,duloxetine,DRD3,PharmGKB_CA,3,efficacy
rs130058,clomipramine,HTR1B,PharmGKB_CA,3,toxicity
rs130058,liothyronine,HTR1B,PharmGKB_CA,3,toxicity
rs130058,lithium,HTR1B,PharmGKB_CA,3,toxicity
rs130058,nefazodone,HTR1B,PharmGKB_CA,3,toxicity
rs130058,venlafaxine,HTR1B,PharmGKB_CA,3,toxicity
rs1130214,carboplatin,AKT1,PharmGKB_CA,3,efficacy
rs1130214,cisplatin,AKT1,PharmGKB_CA,3,efficacy
rs2061051,antipsychotics,GABRG3,PharmGKB_CA,3,toxicity
rs28399433,efavirenz,CYP2A6,PharmGKB_CA,3,other
rs762551,antipsychotics,CYP1A2,PharmGKB_CA,3,toxicity
rs17868320,sorafenib,UGT1A9,PharmGKB_CA,3,toxicity
rs7877,nicotine,FMO1,PharmGKB_CA,3,other
rs10931910,xk469,AOX1,PharmGKB_CA,3,metabolism/pk
rs10306135,"antiinflammatory agents, non-steroids",PTGS1,PharmGKB_CA,3,toxicity
rs1042580,warfarin,THBD,PharmGKB_CA,3,toxicity
rs10771973,paclitaxel,FGD4,PharmGKB_CA,3,toxicity
rs11125035,radiotherapy,PRKCE,PharmGKB_CA,3,toxicity
rs1799983,"ace inhibitors, plain",NOS3,PharmGKB_CA,3,efficacy
rs1799983,angiotensin ii antagonists,NOS3,PharmGKB_CA,3,efficacy
rs1799983,beta blocking agents,NOS3,PharmGKB_CA,3,efficacy
rs1799983,digoxin,NOS3,PharmGKB_CA,3,efficacy
rs1799983,diuretics,NOS3,PharmGKB_CA,3,efficacy
rs1799983,spironolactone,NOS3,PharmGKB_CA,3,efficacy
rs1800629,ethambutol,TNF,PharmGKB_CA,3,toxicity
rs1800629,isoniazid,TNF,PharmGKB_CA,3,toxicity
rs1800629,pyrazinamide,TNF,PharmGKB_CA,3,toxicity
rs1800629,rifampin,TNF,PharmGKB_CA,3,toxicity
rs2290271,anthracyclines and related substances,SLC28A1,PharmGKB_CA,4,toxicity
rs6966038,citalopram,,PharmGKB_CA,3,efficacy
rs472660,olanzapine,CYP3A43,PharmGKB_CA,3,metabolism/pk
rs3212986,docetaxel,ERCC1,PharmGKB_CA,3,toxicity
rs3212986,paclitaxel,ERCC1,PharmGKB_CA,3,toxicity
rs11615,docetaxel,ERCC1,PharmGKB_CA,3,toxicity
rs776746,carbamazepine,CYP3A5,PharmGKB_CA,3,dosage;metabolism/pk
rs1057868,atorvastatin,POR,PharmGKB_CA,3,efficacy
rs1128503,cytarabine,ABCB1,PharmGKB_CA,3,efficacy
rs6295,clozapine,HTR1A,PharmGKB_CA,3,efficacy
rs3087374,valproic acid,POLG,PharmGKB_CA,3,toxicity
rs2229774,anthracyclines and related substances,RARG,PharmGKB_CA,3,toxicity
rs2229774,daunorubicin,RARG,PharmGKB_CA,3,toxicity
rs2229774,doxorubicin,RARG,PharmGKB_CA,3,toxicity
rs1933437,sunitinib,FLT3,PharmGKB_CA,3,toxicity
rs10305420,liraglutide,GLP1R,PharmGKB_CA,3,efficacy
rs6923761,liraglutide,GLP1R,PharmGKB_CA,3,efficacy
rs9369421,carboplatin,VEGFA,PharmGKB_CA,3,toxicity
rs9369421,taxanes,VEGFA,PharmGKB_CA,3,toxicity
rs9369421,carboplatin,VEGFA,PharmGKB_CA,3,efficacy
rs9369421,taxanes,VEGFA,PharmGKB_CA,3,efficacy
rs9316233,escitalopram,HTR2A,PharmGKB_CA,3,efficacy
rs1799793,platinum compounds,ERCC2,PharmGKB_CA,4,efficacy;toxicity
rs1105879,valproic acid,UGT1A6,PharmGKB_CA,3,dosage
rs1360780,clomipramine,FKBP5,PharmGKB_CA,3,toxicity
rs1360780,nefazodone,FKBP5,PharmGKB_CA,3,toxicity
rs1360780,paroxetine,FKBP5,PharmGKB_CA,3,toxicity
rs1360780,venlafaxine,FKBP5,PharmGKB_CA,3,toxicity
rs104894542,warfarin,VKORC1,PharmGKB_CA,3,dosage
rs879825,carboplatin,VEGFA,PharmGKB_CA,3,toxicity
rs879825,taxanes,VEGFA,PharmGKB_CA,3,toxicity
rs3594,carboplatin,GSR,PharmGKB_CA,3,toxicity
rs3594,taxanes,GSR,PharmGKB_CA,3,toxicity
rs1801249,carboplatin,ATP7B,PharmGKB_CA,3,toxicity
rs1801249,taxanes,ATP7B,PharmGKB_CA,3,toxicity
rs6785049,sunitinib,NR1I2,PharmGKB_CA,3,toxicity
rs17109924,fluorouracil,LGR5,PharmGKB_CA,3,efficacy
rs2228246,acetaminophen,PLCG1,PharmGKB_CA,3,toxicity
rs2228246,aspirin,PLCG1,PharmGKB_CA,3,toxicity
rs2228246,diclofenac,PLCG1,PharmGKB_CA,3,toxicity
rs2228246,propionic acid derivatives,PLCG1,PharmGKB_CA,3,toxicity
rs2228246,pyrazolones,PLCG1,PharmGKB_CA,3,toxicity
rs9934438,warfarin,VKORC1,PharmGKB_CA,3,efficacy
rs111888148,desflurane,RYR1,PharmGKB_CA,1A,toxicity
rs111888148,enflurane,RYR1,PharmGKB_CA,1A,toxicity
rs111888148,halothane,RYR1,PharmGKB_CA,1A,toxicity
rs111888148,isoflurane,RYR1,PharmGKB_CA,1A,toxicity
rs111888148,methoxyflurane,RYR1,PharmGKB_CA,1A,toxicity
rs111888148,sevoflurane,RYR1,PharmGKB_CA,1A,toxicity
rs111888148,succinylcholine,RYR1,PharmGKB_CA,1A,toxicity
rs10046,hdl cholesterol,CYP19A1,PharmGKB_CA,3,other
rs10046,letrozole,CYP19A1,PharmGKB_CA,3,other
rs10046,triglycerides,CYP19A1,PharmGKB_CA,3,other
rs3793790,donepezil,CHAT,PharmGKB_CA,3,efficacy
rs3793790,galantamine,CHAT,PharmGKB_CA,3,efficacy
rs3793790,rivastigmine,CHAT,PharmGKB_CA,3,efficacy
rs3917412,capecitabine,SELE,PharmGKB_CA,3,efficacy
rs3917412,fluorouracil,SELE,PharmGKB_CA,3,efficacy
rs3917412,leucovorin,SELE,PharmGKB_CA,3,efficacy
rs3917412,oxaliplatin,SELE,PharmGKB_CA,3,efficacy
rs2298805,desloratadine,FCER1A,PharmGKB_CA,3,efficacy
rs2298805,mizolastine,FCER1A,PharmGKB_CA,3,efficacy
rs2177370,galantamine,CHAT,PharmGKB_CA,3,efficacy
rs1800012,valproic acid,COL1A1,PharmGKB_CA,3,toxicity
rs200148,amlodipine,,PharmGKB_CA,3,toxicity
rs200148,chlorthalidone,,PharmGKB_CA,3,toxicity
rs200148,lisinopril,,PharmGKB_CA,3,toxicity
rs2070296,ranibizumab,NRP1,PharmGKB_CA,3,efficacy
rs2396185,topiramate,INSR,PharmGKB_CA,3,efficacy
rs28399504,mephenytoin,CYP2C19,PharmGKB_CA,3,metabolism/pk
rs16969968,cotinine,CHRNA5,PharmGKB_CA,3,metabolism/pk
rs57064725,cotinine,PSMA4,PharmGKB_CA,3,metabolism/pk
rs7170068,cotinine,CHRNA3,PharmGKB_CA,3,metabolism/pk
rs10851907,cotinine,CHRNB4,PharmGKB_CA,3,metabolism/pk
rs2819742,atorvastatin,RYR2,PharmGKB_CA,3,toxicity
rs2819742,simvastatin,RYR2,PharmGKB_CA,3,toxicity
rs2273618,docetaxel,HNF4A,PharmGKB_CA,3,toxicity
rs11322783,sofosbuvir,IFNL4,PharmGKB_CA,3,efficacy
rs17839843,mercaptopurine,TPMT,PharmGKB_CA,3,other
rs3931660,mercaptopurine,TPMT,PharmGKB_CA,3,other
rs1415744,chlorpromazine,EPM2A,PharmGKB_CA,3,efficacy
rs1415744,clozapine,EPM2A,PharmGKB_CA,3,efficacy
rs1415744,haloperidol,EPM2A,PharmGKB_CA,3,efficacy
rs1415744,olanzapine,EPM2A,PharmGKB_CA,3,efficacy
rs1415744,quetiapine,EPM2A,PharmGKB_CA,3,efficacy
rs1415744,risperidone,EPM2A,PharmGKB_CA,3,efficacy
rs1415744,trifluoperazine,EPM2A,PharmGKB_CA,3,efficacy
rs13393173,tumor necrosis factor alpha (tnf-alpha) inhibitors,CERS6,PharmGKB_CA,3,efficacy
rs1130864,adalimumab,CRP,PharmGKB_CA,3,efficacy
rs9373839,adalimumab,ATG5,PharmGKB_CA,3,efficacy
rs10877012,peginterferon alfa-2b,CYP27B1,PharmGKB_CA,3,efficacy
rs10877012,ribavirin,CYP27B1,PharmGKB_CA,3,efficacy
rs2498804,carboplatin,,PharmGKB_CA,3,efficacy
rs2498804,cisplatin,,PharmGKB_CA,3,efficacy
rs5443,methadone,GNB3,PharmGKB_CA,3,toxicity
rs2234693,methamphetamine,ESR1,PharmGKB_CA,3,toxicity
rs3814055,flucloxacillin,NR1I2,PharmGKB_CA,3,toxicity
rs6279,olanzapine,DRD2,PharmGKB_CA,3,other
rs6275,olanzapine,DRD2,PharmGKB_CA,3,other
rs14158,peginterferon alfa-2a,LDLR,PharmGKB_CA,3,efficacy
rs14158,peginterferon alfa-2b,LDLR,PharmGKB_CA,3,efficacy
rs14158,ribavirin,LDLR,PharmGKB_CA,3,efficacy
rs316019,anthracyclines and related substances,SLC22A2,PharmGKB_CA,4,toxicity
rs2305364,anthracyclines and related substances,SLC28A1,PharmGKB_CA,4,toxicity
rs7937567,cisplatin,CSNK2A3;GALNT18,PharmGKB_CA,3,efficacy
rs10964552,cisplatin,MLLT3,PharmGKB_CA,3,efficacy
rs244898,cisplatin,RARS1,PharmGKB_CA,3,efficacy
rs1045642,losartan,ABCB1,PharmGKB_CA,3,efficacy
rs2298383,methotrexate,ADORA2A;ADORA2A-AS1,PharmGKB_CA,3,toxicity
rs11549465,axitinib,HIF1A,PharmGKB_CA,3,efficacy
rs11549465,sorafenib,HIF1A,PharmGKB_CA,3,efficacy
rs1800629,sorafenib,TNF,PharmGKB_CA,3,toxicity
rs2413739,mercaptopurine,PACSIN2,PharmGKB_CA,3,toxicity
rs7574296,sorafenib,UGT1A9,PharmGKB_CA,3,toxicity
rs41301394,warfarin,POR,PharmGKB_CA,3,dosage
rs4291,captopril,ACE,PharmGKB_CA,3,efficacy
rs117648444,peginterferon alfa-2a,IFNL3;IFNL4,PharmGKB_CA,3,efficacy
rs117648444,peginterferon alfa-2b,IFNL3;IFNL4,PharmGKB_CA,3,efficacy
rs117648444,ribavirin,IFNL3;IFNL4,PharmGKB_CA,3,efficacy
rs1523130,risperidone,NR1I2,PharmGKB_CA,3,metabolism/pk
rs10932125,daunorubicin,NRP2,PharmGKB_CA,3,other
rs20417,ibuprofen,PTGS2,PharmGKB_CA,3,efficacy
rs9981861,carboplatin,DSCAM,PharmGKB_CA,3,efficacy
rs9981861,paclitaxel,DSCAM,PharmGKB_CA,3,efficacy
rs963468,duloxetine,DRD3,PharmGKB_CA,3,efficacy
rs1801133,methotrexate,MTHFR,PharmGKB_CA,2A,toxicity
rs9344,methotrexate,CCND1,PharmGKB_CA,3,toxicity
rs9340799,leflunomide,ESR1,PharmGKB_CA,3,efficacy
rs9340799,conjugated estrogens,ESR1,PharmGKB_CA,3,efficacy
rs9340799,medroxyprogesterone,ESR1,PharmGKB_CA,3,efficacy
rs9332239,tolbutamide,CYP2C9,PharmGKB_CA,3,other
rs2230345,beta blocking agents,GRK5,PharmGKB_CA,4,efficacy
rs2236225,methotrexate,MTHFD1,PharmGKB_CA,3,efficacy
rs2278294,mycophenolate mofetil,IMPDH1,PharmGKB_CA,3,efficacy
rs2278294,mycophenolate mofetil,IMPDH1,PharmGKB_CA,3,toxicity
rs2070744,antihypertensives,NOS3,PharmGKB_CA,3,efficacy
rs2070744,antihypertensives and diuretics in combination,NOS3,PharmGKB_CA,3,efficacy
rs2070744,diuretics,NOS3,PharmGKB_CA,3,efficacy
rs2284017,lithium,CACNG2,PharmGKB_CA,3,efficacy
rs2298383,caffeine,ADORA2A,PharmGKB_CA,3,toxicity
rs3215400,cytarabine,CDA,PharmGKB_CA,3,toxicity
rs3215400,capecitabine,CDA,PharmGKB_CA,3,toxicity
rs4149117,mycophenolate mofetil,SLCO1B3,PharmGKB_CA,3,dosage;toxicity
rs2740574,efavirenz,CYP3A4,PharmGKB_CA,3,other
rs28399433,nicotine,CYP2A6,PharmGKB_CA,3,other
rs11280056,methotrexate,ENOSF1;TYMS,PharmGKB_CA,3,efficacy
rs28399433,coumarin,CYP2A6,PharmGKB_CA,3,other
rs28399468,nicotine,CYP2A6,PharmGKB_CA,3,other
rs28399499,nevirapine,CYP2B6,PharmGKB_CA,3,metabolism/pk
rs3093726,abacavir,LST1;LTA;LTB,PharmGKB_CA,3,toxicity
rs2069514,antipsychotics,CYP1A2,PharmGKB_CA,4,toxicity
rs71647871,methylphenidate,CES1,PharmGKB_CA,3,metabolism/pk
rs7297610,hydrochlorothiazide,YEATS4,PharmGKB_CA,3,efficacy
rs2276707,risperidone,NR1I2,PharmGKB_CA,3,metabolism/pk
rs79206939,azathioprine,FTO,PharmGKB_CA,3,toxicity
rs79206939,mercaptopurine,FTO,PharmGKB_CA,3,toxicity
rs1045642,clozapine,ABCB1,PharmGKB_CA,3,toxicity
rs11280056,methotrexate,TYMS,PharmGKB_CA,4,toxicity
rs1800896,sirolimus,IL10,PharmGKB_CA,3,metabolism/pk
rs1045642,clopidogrel,ABCB1,PharmGKB_CA,3,toxicity
rs4788863,cisplatin,SLC16A5,PharmGKB_CA,3,toxicity
rs2072671,capecitabine,CDA,PharmGKB_CA,3,toxicity
rs2279199,capecitabine,UMPS,PharmGKB_CA,3,toxicity
rs2853741,capecitabine,TYMS,PharmGKB_CA,3,toxicity
rs12050587,cyclophosphamide,PIGB,PharmGKB_CA,3,toxicity
rs12050587,epirubicin,PIGB,PharmGKB_CA,3,toxicity
rs12050587,fluorouracil,PIGB,PharmGKB_CA,3,toxicity
rs6785049,sirolimus,NR1I2,PharmGKB_CA,3,toxicity;metabolism/pk
rs6785049,temsirolimus,NR1I2,PharmGKB_CA,3,toxicity;metabolism/pk
rs2032582,sirolimus,ABCB1,PharmGKB_CA,3,metabolism/pk
rs2032582,temsirolimus,ABCB1,PharmGKB_CA,3,metabolism/pk
rs3919583,lithium,,PharmGKB_CA,3,efficacy
rs209474,lithium,,PharmGKB_CA,3,efficacy
rs1521470,lithium,ADCY1,PharmGKB_CA,3,efficacy
rs79403677,lithium,FAM177A1,PharmGKB_CA,3,efficacy
rs2298881,fluorouracil,ERCC1,PharmGKB_CA,3,efficacy
rs2298881,platinum compounds,ERCC1,PharmGKB_CA,3,efficacy
rs2298881,radiotherapy,ERCC1,PharmGKB_CA,3,efficacy
rs8177374,ustekinumab,TIRAP,PharmGKB_CA,3,efficacy
rs11465996,tumor necrosis factor alpha (tnf-alpha) inhibitors,LY96,PharmGKB_CA,3,efficacy
rs5744174,ustekinumab,TLR5,PharmGKB_CA,3,efficacy
rs1143627,tumor necrosis factor alpha (tnf-alpha) inhibitors,IL1B,PharmGKB_CA,3,efficacy
rs1143627,ustekinumab,IL1B,PharmGKB_CA,3,efficacy
rs1143623,tumor necrosis factor alpha (tnf-alpha) inhibitors,IL1B,PharmGKB_CA,3,efficacy
rs1143623,ustekinumab,IL1B,PharmGKB_CA,3,efficacy
rs352139,tumor necrosis factor alpha (tnf-alpha) inhibitors,TLR9,PharmGKB_CA,3,efficacy
rs4696480,tumor necrosis factor alpha (tnf-alpha) inhibitors,TLR2,PharmGKB_CA,3,efficacy
rs762551,caffeine,CYP1A2,PharmGKB_CA,3,metabolism/pk
rs4841588,warfarin,GATA4,PharmGKB_CA,3,dosage
rs11168292,warfarin,VDR,PharmGKB_CA,3,dosage
rs11168293,warfarin,VDR,PharmGKB_CA,3,dosage
rs4760658,warfarin,VDR,PharmGKB_CA,3,dosage
rs1883112,idarubicin,NCF4,PharmGKB_CA,3,efficacy
rs186983396,caffeine,RYR1,PharmGKB_CA,3,other
rs186983396,chlorocresol,RYR1,PharmGKB_CA,3,other
rs1799722,atorvastatin,BDKRB2,PharmGKB_CA,3,metabolism/pk
rs11280056,fluorouracil,TYMS,PharmGKB_CA,3,efficacy
rs5031016,nicotine,CYP2A6,PharmGKB_CA,3,metabolism/pk
rs3745274,cyclophosphamide,CYP2B6,PharmGKB_CA,3,toxicity
rs3745274,cyclophosphamide,CYP2B6,PharmGKB_CA,3,dosage
rs3745274,doxorubicin,CYP2B6,PharmGKB_CA,3,dosage
rs3758149,methotrexate,GGH,PharmGKB_CA,3,efficacy
rs396991,cetuximab,FCGR3A,PharmGKB_CA,3,efficacy
rs4149601,hydrochlorothiazide,NEDD4L,PharmGKB_CA,3,efficacy
rs4244285,cyclophosphamide,CYP2C19,PharmGKB_CA,3,efficacy
rs4244285,doxorubicin,CYP2C19,PharmGKB_CA,3,efficacy
rs4244285,cyclophosphamide,CYP2C19,PharmGKB_CA,3,toxicity
rs4680,antipsychotics,COMT,PharmGKB_CA,3,toxicity
rs4680,antipsychotics,COMT,PharmGKB_CA,3,other
rs1801131,bevacizumab,MTHFR,PharmGKB_CA,3,efficacy
rs1801131,carboplatin,MTHFR,PharmGKB_CA,3,efficacy
rs1801131,cisplatin,MTHFR,PharmGKB_CA,3,efficacy
rs1801131,cyanocobalamin,MTHFR,PharmGKB_CA,3,efficacy
rs1801131,folic acid,MTHFR,PharmGKB_CA,3,efficacy
rs1801131,pemetrexed,MTHFR,PharmGKB_CA,3,efficacy
rs1801131,capecitabine,MTHFR,PharmGKB_CA,3,efficacy
rs1801131,fluorouracil,MTHFR,PharmGKB_CA,3,efficacy
rs1801131,leucovorin,MTHFR,PharmGKB_CA,3,efficacy
rs1801131,oxaliplatin,MTHFR,PharmGKB_CA,3,efficacy
rs16969968,bupropion,CHRNA5,PharmGKB_CA,3,efficacy
rs16969968,drugs used in nicotine dependence,CHRNA5,PharmGKB_CA,3,efficacy
rs16969968,nicotine,CHRNA5,PharmGKB_CA,3,efficacy
rs16969968,varenicline,CHRNA5,PharmGKB_CA,3,efficacy
rs1805087,methotrexate,MTR,PharmGKB_CA,4,toxicity
rs2032582,doxorubicin,ABCB1,PharmGKB_CA,3,other
rs2032582,antiepileptics,ABCB1,PharmGKB_CA,3,dosage;efficacy
rs2032582,carbamazepine,ABCB1,PharmGKB_CA,3,dosage;efficacy
rs2032582,digoxin,ABCB1,PharmGKB_CA,3,other
rs11322783,peginterferon alfa-2a,IFNL4,PharmGKB_CA,3,efficacy
rs11322783,peginterferon alfa-2b,IFNL4,PharmGKB_CA,3,efficacy
rs11322783,ribavirin,IFNL4,PharmGKB_CA,3,efficacy
rs11322783,simeprevir,IFNL4,PharmGKB_CA,3,efficacy
rs11280056,fluorouracil,TYMS,PharmGKB_CA,3,toxicity
rs11280056,folfox,TYMS,PharmGKB_CA,3,toxicity
rs1051266,methotrexate,SLC19A1,PharmGKB_CA,4,metabolism/pk
rs5219,metformin,KCNJ11,PharmGKB_CA,3,efficacy
rs5219,"sulfonamides, urea derivatives",KCNJ11,PharmGKB_CA,3,efficacy
rs113993960,lumacaftor,CFTR,PharmGKB_CA,3,efficacy
rs25487,fluorouracil,XRCC1,PharmGKB_CA,3,efficacy
rs25487,cyclophosphamide,XRCC1,PharmGKB_CA,4,efficacy;toxicity
rs1057910,"antiinflammatory agents, non-steroids",CYP2C9,PharmGKB_CA,3,toxicity
rs1057910,celecoxib,CYP2C9,PharmGKB_CA,3,toxicity
rs1057910,diclofenac,CYP2C9,PharmGKB_CA,3,toxicity
rs553202,cotinine,OPRM1,PharmGKB_CA,3,metabolism/pk
rs553202,nicotine,OPRM1,PharmGKB_CA,3,metabolism/pk
rs7748401,cotinine,OPRM1,PharmGKB_CA,3,metabolism/pk
rs7748401,nicotine,OPRM1,PharmGKB_CA,3,metabolism/pk
rs495491,cotinine,OPRM1,PharmGKB_CA,3,metabolism/pk
rs495491,nicotine,OPRM1,PharmGKB_CA,3,metabolism/pk
rs10457090,cotinine,OPRM1,PharmGKB_CA,3,metabolism/pk
rs10457090,nicotine,OPRM1,PharmGKB_CA,3,metabolism/pk
rs3778152,cotinine,OPRM1,PharmGKB_CA,3,metabolism/pk
rs3778152,nicotine,OPRM1,PharmGKB_CA,3,metabolism/pk
rs4149056,mercaptopurine,SLCO1B1,PharmGKB_CA,3,dosage
rs4149056,methotrexate,SLCO1B1,PharmGKB_CA,3,dosage
rs11065987,hydrochlorothiazide,,PharmGKB_CA,3,efficacy
rs10817464,platinum compounds,SLC31A1,PharmGKB_CA,3,toxicity
rs1045642,warfarin,ABCB1,PharmGKB_CA,4,dosage
rs35123024,atenolol,,PharmGKB_CA,3,efficacy
rs35123024,hydrochlorothiazide,,PharmGKB_CA,3,efficacy
rs3857532,hmg coa reductase inhibitors,EYS,PharmGKB_CA,3,toxicity
rs3828743,abiraterone,DSE;TSPYL1,PharmGKB_CA,3,efficacy
rs3828743,prednisolone,DSE;TSPYL1,PharmGKB_CA,3,efficacy
rs2070096,carboplatin,BARD1,PharmGKB_CA,3,efficacy
rs2070096,docetaxel,BARD1,PharmGKB_CA,3,efficacy
rs2070096,trastuzumab,BARD1,PharmGKB_CA,3,efficacy
rs2284922,carboplatin,RNF8,PharmGKB_CA,3,efficacy
rs2284922,docetaxel,RNF8,PharmGKB_CA,3,efficacy
rs2284922,trastuzumab,RNF8,PharmGKB_CA,3,efficacy
rs2229046,carboplatin,ERBB3,PharmGKB_CA,3,efficacy
rs2229046,docetaxel,ERBB3,PharmGKB_CA,3,efficacy
rs2229046,trastuzumab,ERBB3,PharmGKB_CA,3,efficacy
rs773123,carboplatin,ERBB3,PharmGKB_CA,3,efficacy
rs773123,docetaxel,ERBB3,PharmGKB_CA,3,efficacy
rs773123,trastuzumab,ERBB3,PharmGKB_CA,3,efficacy
rs6961071,fentanyl,,PharmGKB_CA,3,efficacy
rs12248560,cyclophosphamide,CYP2C19,PharmGKB_CA,3,toxicity
rs12248560,doxorubicin,CYP2C19,PharmGKB_CA,3,toxicity
rs12248560,fluorouracil,CYP2C19,PharmGKB_CA,3,toxicity
rs20455,simvastatin,KIF6,PharmGKB_CA,3,efficacy
rs73208473,atazanavir,SORCS2,PharmGKB_CA,3,metabolism/pk
rs1143634,morphine,IL1B,PharmGKB_CA,3,dosage;efficacy
rs78769542,ivacaftor,CFTR,PharmGKB_CA,1A,efficacy
rs141033578,ivacaftor,CFTR,PharmGKB_CA,1A,efficacy
rs2273697,cisplatin,ABCC2,PharmGKB_CA,3,efficacy
rs2273697,pemetrexed,ABCC2,PharmGKB_CA,3,efficacy
rs13181,cisplatin,ERCC2;KLC3,PharmGKB_CA,3,efficacy
rs13181,gemcitabine,ERCC2;KLC3,PharmGKB_CA,3,efficacy
rs3212986,cisplatin,ERCC1;POLR1G;PPP1R13L,PharmGKB_CA,3,efficacy
rs3212986,gemcitabine,ERCC1;POLR1G;PPP1R13L,PharmGKB_CA,3,efficacy
rs776746,lumefantrine,CYP3A5;ZSCAN25,PharmGKB_CA,3,metabolism/pk
rs2740574,lumefantrine,CYP3A4,PharmGKB_CA,3,efficacy;metabolism/pk
rs762151655,acetaminophen,SULT1A3,PharmGKB_CA,3,metabolism/pk
rs762151655,morphine,SULT1A3,PharmGKB_CA,3,metabolism/pk
rs762151655,tapentadol,SULT1A3,PharmGKB_CA,3,metabolism/pk
rs762151655,o-desmethyltramadol,SULT1A3,PharmGKB_CA,3,metabolism/pk
rs762151655,tramadol,SULT1A3,PharmGKB_CA,3,metabolism/pk
rs750575779,acetaminophen,SULT1A3,PharmGKB_CA,3,metabolism/pk
rs750575779,tapentadol,SULT1A3,PharmGKB_CA,3,metabolism/pk
rs750575779,o-desmethyltramadol,SULT1A3,PharmGKB_CA,3,metabolism/pk
rs750575779,tramadol,SULT1A3,PharmGKB_CA,3,metabolism/pk
rs553050853,acetaminophen,SULT1A3,PharmGKB_CA,3,metabolism/pk
rs553050853,morphine,SULT1A3,PharmGKB_CA,3,metabolism/pk
rs553050853,tapentadol,SULT1A3,PharmGKB_CA,3,metabolism/pk
rs553050853,o-desmethyltramadol,SULT1A3,PharmGKB_CA,3,metabolism/pk
rs553050853,tramadol,SULT1A3,PharmGKB_CA,3,metabolism/pk
rs751527244,acetaminophen,SULT1A3,PharmGKB_CA,3,metabolism/pk
rs751527244,morphine,SULT1A3,PharmGKB_CA,3,metabolism/pk
rs751527244,tapentadol,SULT1A3,PharmGKB_CA,3,metabolism/pk
rs751527244,o-desmethyltramadol,SULT1A3,PharmGKB_CA,3,metabolism/pk
rs751527244,tramadol,SULT1A3,PharmGKB_CA,3,metabolism/pk
rs1293732453,acetaminophen,SULT1A3,PharmGKB_CA,3,metabolism/pk
rs1293732453,morphine,SULT1A3,PharmGKB_CA,3,metabolism/pk
rs1136201,carboplatin,ERBB2,PharmGKB_CA,3,efficacy
rs1136201,docetaxel,ERBB2,PharmGKB_CA,3,efficacy
rs1136201,trastuzumab,ERBB2,PharmGKB_CA,3,efficacy
rs1056836,cyclophosphamide,CYP1B1,PharmGKB_CA,3,toxicity
rs1056836,doxorubicin,CYP1B1,PharmGKB_CA,3,toxicity
rs1056836,fluorouracil,CYP1B1,PharmGKB_CA,3,toxicity
rs2231142,cyclophosphamide,ABCG2,PharmGKB_CA,3,toxicity
rs2231142,doxorubicin,ABCG2,PharmGKB_CA,3,toxicity
rs2231142,fluorouracil,ABCG2,PharmGKB_CA,3,toxicity
rs714368,cyclophosphamide,SLC22A16,PharmGKB_CA,3,efficacy;toxicity
rs714368,doxorubicin,SLC22A16,PharmGKB_CA,3,efficacy;toxicity
rs714368,fluorouracil,SLC22A16,PharmGKB_CA,3,efficacy;toxicity
rs628031,imatinib,SLC22A1,PharmGKB_CA,3,efficacy;toxicity;metabolism/pk
rs1202283,imatinib,ABCB4,PharmGKB_CA,3,efficacy
rs2273697,imatinib,ABCC2,PharmGKB_CA,3,efficacy
rs1050565,bleomycin,BLMH,PharmGKB_CA,3,toxicity
rs1050565,cisplatin,BLMH,PharmGKB_CA,3,toxicity
rs1050565,etoposide,BLMH,PharmGKB_CA,3,toxicity
rs4659982,allopurinol,GREM2,PharmGKB_CA,3,efficacy
rs78239784,phenytoin,CFHR4,PharmGKB_CA,3,toxicity
rs202179988,ivacaftor,CFTR,PharmGKB_CA,1A,efficacy
rs4072879,warfarin,VKORC1L1,PharmGKB_CA,3,dosage
rs6090041,opioids,OPRL1;RGS19,PharmGKB_CA,3,toxicity
rs6090043,opioids,LKAAEAR1;OPRL1,PharmGKB_CA,3,toxicity
rs1061115,methylphenidate,PYROXD2,PharmGKB_CA,3,efficacy
rs4437856,duloxetine,,PharmGKB_CA,3,efficacy
rs2419128,duloxetine,,PharmGKB_CA,3,efficacy
rs61908410,duloxetine,ANO2,PharmGKB_CA,3,efficacy
rs61816456,allopurinol,NTNG1,PharmGKB_CA,3,efficacy
rs77567654,allopurinol,GREM2,PharmGKB_CA,3,efficacy
rs10802887,allopurinol,GREM2,PharmGKB_CA,3,efficacy
rs795484,morphine,TAOK3,PharmGKB_CA,3,dosage;efficacy
rs1799930,isoniazid,NAT2,PharmGKB_CA,3,toxicity
rs1799930,phenytoin,NAT2,PharmGKB_CA,3,toxicity
rs3778156,cocaine,OPRM1,PharmGKB_CA,3,toxicity
rs671,ethanol,ALDH2,PharmGKB_CA,2B,toxicity
rs694066,heroin,GAL,PharmGKB_CA,3,toxicity
rs3758987,heroin,HTR3B,PharmGKB_CA,3,toxicity
rs3758987,nicotine,HTR3B,PharmGKB_CA,3,toxicity
rs2236256,cocaine,OPRM1,PharmGKB_CA,3,toxicity
rs363225,bupropion,SLC18A2,PharmGKB_CA,3,efficacy
rs363226,bupropion,SLC18A2,PharmGKB_CA,3,efficacy
rs717620,pitavastatin,ABCC2,PharmGKB_CA,3,metabolism/pk
rs1801282,pioglitazone,PPARG,PharmGKB_CA,3,efficacy
rs2636697,risperidone,PPA2,PharmGKB_CA,3,efficacy
rs8050896,risperidone,,PharmGKB_CA,3,efficacy
rs17742120,quetiapine,MIR582;PDE4D,PharmGKB_CA,3,efficacy
rs7395555,risperidone,,PharmGKB_CA,3,efficacy
rs1800497,opioids,ANKK1;DRD2,PharmGKB_CA,3,toxicity
rs2514218,aripiprazole,DRD2,PharmGKB_CA,3,toxicity
rs6088638,ethanol,ACSS2,PharmGKB_CA,3,toxicity
rs16917234,heroin,BDNF;BDNF-AS,PharmGKB_CA,3,other
rs1948,nicotine,CHRNB4,PharmGKB_CA,3,toxicity
rs6311,citalopram,HTR2A,PharmGKB_CA,3,toxicity
rs2242480,fentanyl,CYP3A4,PharmGKB_CA,3,efficacy
rs28656907,imatinib,ABCB1;RUNDC3B,PharmGKB_CA,3,dosage
rs1567817380,mexiletine,SCN4A,PharmGKB_CA,3,efficacy
rs121908560,mexiletine,SCN4A,PharmGKB_CA,3,efficacy
rs762081829,tolbutamide,CYP2C9,PharmGKB_CA,3,metabolism/pk
rs771237265,tolbutamide,CYP2C9,PharmGKB_CA,3,metabolism/pk
rs761895497,tolbutamide,CYP2C9,PharmGKB_CA,3,metabolism/pk
rs183701923,mephenytoin,CYP2C19,PharmGKB_CA,3,metabolism/pk
rs887829,risperidone,UGT1A1,PharmGKB_CA,3,toxicity
rs2273697,ceftriaxone,ABCC2,PharmGKB_CA,3,metabolism/pk
rs4148324,methotrexate,UGT1A1;UGT1A10;UGT1A3;UGT1A4;UGT1A5;UGT1A6;UGT1A7;UGT1A8;UGT1A9,PharmGKB_CA,3,metabolism/pk
rs12505410,methotrexate,ABCG2,PharmGKB_CA,3,metabolism/pk
rs13120400,methotrexate,ABCG2,PharmGKB_CA,3,metabolism/pk
rs3787138,nicotine,CHRNA4,PharmGKB_CA,3,toxicity
rs2036527,bupropion,CHRNA5,PharmGKB_CA,3,efficacy
rs72547527,desmethylnaproxen,SULT1A1,PharmGKB_CA,3,metabolism/pk
rs72547527,tapentadol,SULT1A1,PharmGKB_CA,3,metabolism/pk
rs1042008,acetaminophen,SULT1A1,PharmGKB_CA,3,metabolism/pk
rs1042008,desmethylnaproxen,SULT1A1,PharmGKB_CA,3,metabolism/pk
rs767487725,acetaminophen,SULT1A1,PharmGKB_CA,3,metabolism/pk
rs767487725,desmethylnaproxen,SULT1A1,PharmGKB_CA,3,metabolism/pk
rs758145522,tapentadol,SULT1A1,PharmGKB_CA,3,metabolism/pk
rs758145522,acetaminophen,SULT1A1,PharmGKB_CA,3,metabolism/pk
rs544820732,acetaminophen,SULT1A1,PharmGKB_CA,3,metabolism/pk
rs552524124,desmethylnaproxen,SULT1A1,PharmGKB_CA,3,metabolism/pk
rs28362731,cisplatin,AQP1,PharmGKB_CA,3,toxicity
rs1049305,cisplatin,AQP1,PharmGKB_CA,3,toxicity
rs11615,cisplatin,ERCC1,PharmGKB_CA,3,toxicity
rs11615,cisplatin,ERCC1,PharmGKB_CA,3,efficacy
rs778068631,clopidogrel,CES1,PharmGKB_CA,3,metabolism/pk
rs9679162,cisplatin,GALNT14,PharmGKB_CA,3,efficacy
rs9679162,fluorouracil,GALNT14,PharmGKB_CA,3,efficacy
rs9679162,sorafenib,GALNT14,PharmGKB_CA,3,efficacy
rs2233980,carboplatin,C6orf15,PharmGKB_CA,3,toxicity
rs2233980,gemcitabine,C6orf15,PharmGKB_CA,3,toxicity
rs5877,carboplatin,SERPINC1,PharmGKB_CA,3,toxicity
rs5877,gemcitabine,SERPINC1,PharmGKB_CA,3,toxicity
rs11854484,tenofovir disoproxil fumarate,SLC28A2,PharmGKB_CA,3,toxicity
rs2248359,tenofovir disoproxil fumarate,CYP24A1,PharmGKB_CA,3,toxicity
rs4646536,tenofovir disoproxil fumarate,CYP27B1,PharmGKB_CA,3,toxicity
rs2229109,temozolomide,ABCB1,PharmGKB_CA,3,efficacy
rs1402398,ethanol,,PharmGKB_CA,3,toxicity
rs75967634,ethanol,ADH1B,PharmGKB_CA,3,toxicity
rs61974485,ethanol,ARID4A,PharmGKB_CA,3,toxicity
rs1801133,methotrexate,MTHFR,PharmGKB_CA,3,efficacy
rs4680,buprenorphine,COMT,PharmGKB_CA,3,toxicity
rs4680,buprenorphine,COMT,PharmGKB_CA,3,toxicity
rs4680,methadone,COMT,PharmGKB_CA,3,toxicity
rs4680,methadone,COMT,PharmGKB_CA,3,toxicity
rs4732636,buprenorphine,PNOC,PharmGKB_CA,3,toxicity
rs4732636,methadone,PNOC,PharmGKB_CA,3,toxicity
rs740603,buprenorphine,COMT,PharmGKB_CA,3,toxicity
rs740603,methadone,COMT,PharmGKB_CA,3,toxicity
rs7905446,antidepressants,HTR7;RPP30,PharmGKB_CA,3,efficacy
rs7905446,paroxetine,HTR7;RPP30,PharmGKB_CA,3,efficacy
rs7905446,escitalopram,HTR7;RPP30,PharmGKB_CA,3,efficacy
rs495491,heroin,OPRM1,PharmGKB_CA,3,toxicity
rs13181,fluorouracil,ERCC2,PharmGKB_CA,3,efficacy;toxicity
rs13181,leucovorin,ERCC2,PharmGKB_CA,3,efficacy;toxicity
rs13181,oxaliplatin,ERCC2,PharmGKB_CA,3,efficacy;toxicity
rs10919035,amiodarone,NOS1AP,PharmGKB_CA,3,toxicity
rs4587017,fentanyl,UGT2B7,PharmGKB_CA,3,efficacy
rs5219,tacrolimus,KCNJ11,PharmGKB_CA,3,toxicity
rs2234918,buprenorphine,OPRD1,PharmGKB_CA,3,toxicity
rs2234918,fentanyl,OPRD1,PharmGKB_CA,3,toxicity
rs2234918,tramadol,OPRD1,PharmGKB_CA,3,toxicity
rs28935195,migalastat,GLA,PharmGKB_CA,3,efficacy
rs1569304898,migalastat,GLA,PharmGKB_CA,3,efficacy
rs104894827,migalastat,GLA,PharmGKB_CA,3,efficacy
rs727505292,migalastat,GLA,PharmGKB_CA,3,efficacy
rs145119820,mephenytoin,CYP2C19,PharmGKB_CA,3,metabolism/pk
rs1042008,tapentadol,SULT1A1,PharmGKB_CA,3,metabolism/pk
rs1229976,acetaldehyde,ADH1A,PharmGKB_CA,3,metabolism/pk
rs4680,buprenorphine,COMT,PharmGKB_CA,3,toxicity
rs4680,fentanyl,COMT,PharmGKB_CA,3,toxicity
rs4680,tramadol,COMT,PharmGKB_CA,3,toxicity
rs2228001,cisplatin,TMEM43;XPC,PharmGKB_CA,3,toxicity
rs2228001,cisplatin,TMEM43;XPC,PharmGKB_CA,3,toxicity
rs9923231,acenocoumarol,VKORC1,PharmGKB_CA,3,toxicity
rs4149056,lovastatin acid,SLCO1B1,PharmGKB_CA,3,metabolism/pk
rs4149056,fluvastatin,SLCO1B1,PharmGKB_CA,1A,metabolism/pk
rs4149056,fluvastatin,SLCO1B1,PharmGKB_CA,1A,toxicity
rs4149056,pravastatin,SLCO1B1,PharmGKB_CA,1A,toxicity
rs4149056,atorvastatin,SLCO1B1,PharmGKB_CA,1A,metabolism/pk
rs4680,fentanyl,COMT,PharmGKB_CA,3,efficacy
rs4680,remifentanil,COMT,PharmGKB_CA,3,efficacy
rs4680,sufentanil,COMT,PharmGKB_CA,3,dosage
rs4680,oxycodone,COMT,PharmGKB_CA,3,efficacy
rs4680,opioids,COMT,PharmGKB_CA,3,dosage
rs4680,opioids,COMT,PharmGKB_CA,3,efficacy
rs4680,morphine,COMT,PharmGKB_CA,3,efficacy
rs1051266,methotrexate,SLC19A1,PharmGKB_CA,2A,efficacy
rs1042713,salbutamol,ADRB2,PharmGKB_CA,3,efficacy
rs10455872,rosuvastatin,LPA,PharmGKB_CA,3,efficacy
rs4680,nicotine,COMT,PharmGKB_CA,3,toxicity
rs1051740,carbamazepine,EPHX1,PharmGKB_CA,3,dosage
rs11045879,methotrexate,SLCO1B1,PharmGKB_CA,3,metabolism/pk
rs1051266,methotrexate,SLC19A1,PharmGKB_CA,4,toxicity
rs1051266,methotrexate,SLC19A1,PharmGKB_CA,4,efficacy
rs1057868,tacrolimus,POR,PharmGKB_CA,3,metabolism/pk
rs78132896,warfarin,EPHA7,PharmGKB_CA,3,toxicity
rs1414334,risperidone,HTR2C,PharmGKB_CA,3,toxicity
rs1801160,fluorouracil,DPYD,PharmGKB_CA,1A,toxicity
rs1801158,capecitabine,DPYD,PharmGKB_CA,1A,toxicity
rs1801265,capecitabine,DPYD,PharmGKB_CA,1A,toxicity
rs17376848,capecitabine,DPYD,PharmGKB_CA,1A,toxicity
rs746071566,azathioprine,NUDT15,PharmGKB_CA,3,toxicity
rs746071566,mercaptopurine,NUDT15,PharmGKB_CA,3,toxicity
rs3814637,warfarin,CYP2C19,PharmGKB_CA,3,toxicity
rs5219,gliclazide,KCNJ11,PharmGKB_CA,3,efficacy
rs671,acetaldehyde,ALDH2,PharmGKB_CA,3,metabolism/pk
rs1799971,ethanol,OPRM1,PharmGKB_CA,3,toxicity
rs1801019,tegafur,UMPS,PharmGKB_CA,3,toxicity
rs61311738,mephenytoin,CYP2C19,PharmGKB_CA,3,metabolism/pk
rs1187513719,mephenytoin,CYP2C19,PharmGKB_CA,3,metabolism/pk
rs4430924,drugs for treatment of tuberculosis,XPO1,PharmGKB_CA,3,toxicity
rs1042028,tapentadol,SULT1A1,PharmGKB_CA,3,metabolism/pk
rs767487725,tapentadol,SULT1A1,PharmGKB_CA,3,metabolism/pk
rs544820732,desmethylnaproxen,SULT1A1,PharmGKB_CA,3,metabolism/pk
rs1049305,cisplatin,AQP1,PharmGKB_CA,3,toxicity
rs10455872,hmg coa reductase inhibitors,LPA,PharmGKB_CA,3,toxicity
rs1800629,tumor necrosis factor alpha (tnf-alpha) inhibitors,TNF,PharmGKB_CA,3,efficacy
rs34059508,olanzapine,SLC22A1,PharmGKB_CA,3,metabolism/pk
rs3842,olanzapine,ABCB1,PharmGKB_CA,3,metabolism/pk
rs10248420,olanzapine,ABCB1,PharmGKB_CA,3,toxicity
rs5128,olanzapine,APOC3,PharmGKB_CA,3,metabolism/pk
rs4728709,olanzapine,ABCB1,PharmGKB_CA,3,toxicity
rs3842,olanzapine,ABCB1,PharmGKB_CA,3,toxicity
rs1041983,isoniazid,NAT2,PharmGKB_CA,3,toxicity
rs1041983,pyrazinamide,NAT2,PharmGKB_CA,3,toxicity
rs1041983,rifampin,NAT2,PharmGKB_CA,3,toxicity
rs60140950,telmisartan,SLCO1B3,PharmGKB_CA,3,metabolism/pk
rs74497159,taxanes,,PharmGKB_CA,3,toxicity
rs71647871,methylphenidate,CES1,PharmGKB_CA,3,dosage
rs8187710,tenofovir,ABCC2,PharmGKB_CA,4,toxicity
rs1799971,morphine,OPRM1,PharmGKB_CA,3,toxicity
rs1799971,opioids,OPRM1,PharmGKB_CA,3,toxicity
rs79910351,fentanyl,OPRM1,PharmGKB_CA,3,efficacy
rs79910351,remifentanil,OPRM1,PharmGKB_CA,3,efficacy
rs6517442,opioids,KCNJ6,PharmGKB_CA,3,dosage
rs1045642,opioids,ABCB1,PharmGKB_CA,3,toxicity
rs1799971,sufentanil,OPRM1,PharmGKB_CA,4,toxicity
rs72547529,warfarin,VKORC1,PharmGKB_CA,3,dosage;efficacy
rs806368,methadone,CNR1,PharmGKB_CA,3,dosage
rs1386493,methadone,TPH2,PharmGKB_CA,3,dosage
rs2229205,methadone,OPRL1,PharmGKB_CA,3,dosage
rs16974799,methadone,CYP2B6,PharmGKB_CA,3,dosage
rs28379954,clozapine,NFIB,PharmGKB_CA,3,metabolism/pk
rs11265549,methadone,NECTIN4,PharmGKB_CA,3,toxicity
rs11265549,methadone,NECTIN4,PharmGKB_CA,3,dosage
rs11265549,methadone,NECTIN4,PharmGKB_CA,3,metabolism/pk
rs4149056,simvastatin,SLCO1B1,PharmGKB_CA,3,efficacy
rs9376230,hydroxyurea,MAP3K5,PharmGKB_CA,3,efficacy
rs7439366,valproic acid,UGT2B7,PharmGKB_CA,4,metabolism/pk
rs1801260,lithium,CLOCK,PharmGKB_CA,4,toxicity
rs11676382,acenocoumarol,GGCX,PharmGKB_CA,4,dosage
rs2242480,clopidogrel,CYP3A4,PharmGKB_CA,4,efficacy
rs6265,paroxetine,BDNF,PharmGKB_CA,3,efficacy
rs6065,aspirin,GP1BA,PharmGKB_CA,3,efficacy
rs5186,"ace inhibitors, plain",AGTR1,PharmGKB_CA,3,efficacy;toxicity
rs696,sufentanil,NFKBIA,PharmGKB_CA,3,dosage
rs4149056,rosuvastatin,SLCO1B1,PharmGKB_CA,1A,toxicity
rs1437153,anastrozole,,PharmGKB_CA,3,efficacy
rs6990851,anastrozole,CSMD1,PharmGKB_CA,3,efficacy
rs2449598,anastrozole,DLG2,PharmGKB_CA,3,efficacy
rs6981827,anastrozole,CSMD1,PharmGKB_CA,3,efficacy
rs4149056,rosuvastatin,SLCO1B1,PharmGKB_CA,4,efficacy
rs1611114,heroin,DBH,PharmGKB_CA,3,toxicity
rs4680,propranolol,COMT,PharmGKB_CA,3,efficacy
rs4240803,gabapentin,SLC7A5,PharmGKB_CA,3,toxicity
rs4240803,pregabalin,SLC7A5,PharmGKB_CA,3,toxicity
rs4240803,gabapentin,SLC7A5,PharmGKB_CA,3,efficacy
rs4240803,gabapentin,SLC7A5,PharmGKB_CA,3,dosage
rs4240803,pregabalin,SLC7A5,PharmGKB_CA,3,efficacy
rs4713916,fluoxetine,FKBP5,PharmGKB_CA,3,efficacy
rs4713916,mirtazapine,FKBP5,PharmGKB_CA,3,efficacy
rs489693,amisulpride,MC4R,PharmGKB_CA,3,toxicity
rs1125394,opioids,DRD2,PharmGKB_CA,3,toxicity
rs6928499,opioids,CNR1,PharmGKB_CA,3,toxicity
rs6311,sertraline,HTR2A,PharmGKB_CA,4,toxicity
rs1045642,oseltamivir,ABCB1,PharmGKB_CA,3,toxicity
rs7668258,lamotrigine,UGT2B7,PharmGKB_CA,3,dosage
rs267606617,streptomycin,MT-RNR1,PharmGKB_CA,1A,toxicity
rs4149056,lovastatin,SLCO1B1,PharmGKB_CA,1A,toxicity
rs5030655,antipsychotics,CYP2D6,PharmGKB_CA,3,toxicity
rs2500535,nortriptyline,UST,PharmGKB_CA,3,efficacy
rs1143684,cyclophosphamide,NQO2,PharmGKB_CA,3,efficacy
rs1143684,doxorubicin,NQO2,PharmGKB_CA,3,efficacy
rs776746,lovastatin,CYP3A5,PharmGKB_CA,3,efficacy
rs1922242,fluvastatin,ABCB1,PharmGKB_CA,3,efficacy
rs12041331,aspirin,PEAR1,PharmGKB_CA,3,toxicity
rs1695,doxorubicin,GSTP1,PharmGKB_CA,3,toxicity
rs1560022535,succinylcholine,BCHE,PharmGKB_CA,3,toxicity
rs531738678,succinylcholine,BCHE,PharmGKB_CA,3,toxicity
rs139945292,beta blocking agents,,PharmGKB_CA,3,efficacy
rs139945292,beta blocking agents,,PharmGKB_CA,3,toxicity
rs3758149,methotrexate,GGH,PharmGKB_CA,3,metabolism/pk
rs2304016,oxcarbazepine,SCN2A,PharmGKB_CA,3,efficacy
rs1045642,methotrexate,ABCB1,PharmGKB_CA,4,efficacy
rs77583603,acamprosate,,PharmGKB_CA,3,efficacy
rs5326,methadone,DRD1,PharmGKB_CA,3,dosage
rs10111937,cocaine,OPRK1,PharmGKB_CA,3,toxicity
rs2231142,rosuvastatin,ABCG2,PharmGKB_CA,1A,metabolism/pk
rs4680,oxycodone,COMT,PharmGKB_CA,4,toxicity
rs2231142,rosuvastatin,ABCG2,PharmGKB_CA,1A,toxicity
rs73568641,methadone,,PharmGKB_CA,3,dosage
rs3745274,methadone,CYP2A7P1;CYP2B6,PharmGKB_CA,3,efficacy
rs73568641,methadone,,PharmGKB_CA,4,efficacy
rs55944529,methadone,DAO,PharmGKB_CA,3,efficacy
rs523349,abiraterone,SRD5A2,PharmGKB_CA,3,efficacy
rs2231142,allopurinol,ABCG2,PharmGKB_CA,1A,dosage
rs71647871,sacubitril,CES1,PharmGKB_CA,3,metabolism/pk
rs1799931,sulfamethoxazole,NAT2,PharmGKB_CA,3,toxicity
rs1799931,trimethoprim,NAT2,PharmGKB_CA,3,toxicity
rs13210472,hmg coa reductase inhibitors,,PharmGKB_CA,3,toxicity
rs6311,selective serotonin reuptake inhibitors,HTR2A,PharmGKB_CA,3,toxicity
rs9349256,tenofovir disoproxil fumarate,ABCC10,PharmGKB_CA,3,toxicity
rs3742106,tenofovir disoproxil fumarate,ABCC4,PharmGKB_CA,3,toxicity
rs2242480,sufentanil,CYP3A4,PharmGKB_CA,3,toxicity
rs201441480,aspirin,KRTAP10-4;TSPEAR,PharmGKB_CA,3,efficacy
rs201441480,clopidogrel,KRTAP10-4;TSPEAR,PharmGKB_CA,3,efficacy
rs1799998,benazepril,CYP11B2,PharmGKB_CA,3,efficacy
rs1799998,imidapril,CYP11B2,PharmGKB_CA,3,efficacy
rs12659,carboplatin,SLC19A1,PharmGKB_CA,3,efficacy
rs12659,cisplatin,SLC19A1,PharmGKB_CA,3,efficacy
rs12659,fluorouracil,SLC19A1,PharmGKB_CA,3,efficacy
rs1045642,talinolol,ABCB1,PharmGKB_CA,3,other
rs2282143,metformin,SLC22A1,PharmGKB_CA,3,metabolism/pk
rs316019,metformin,SLC22A2,PharmGKB_CA,3,other
rs2631372,imatinib,SLC22A5,PharmGKB_CA,3,efficacy
rs11600347,hydrochlorothiazide,KCNJ1,PharmGKB_CA,3,toxicity
rs10757274,"antiinflammatory agents, non-steroids",CDKN2B-AS1,PharmGKB_CA,3,toxicity
rs2242480,sufentanil,CYP3A4,PharmGKB_CA,3,dosage
rs2242480,sufentanil,CYP3A4,PharmGKB_CA,3,metabolism/pk
rs2242480,fentanyl,CYP3A4,PharmGKB_CA,3,metabolism/pk
rs2242480,tacrolimus,CYP3A4,PharmGKB_CA,2A,metabolism/pk
rs1806201,sevoflurane,GRIN2B,PharmGKB_CA,3,other
rs2307116,sevoflurane,FASTKD3;MTRR,PharmGKB_CA,3,efficacy
rs6311,paroxetine,HTR2A,PharmGKB_CA,4,efficacy
rs6313,escitalopram,HTR2A,PharmGKB_CA,4,efficacy
rs6311,citalopram,HTR2A,PharmGKB_CA,4,efficacy
rs6313,citalopram,HTR2A,PharmGKB_CA,4,efficacy
rs6311,sertraline,HTR2A,PharmGKB_CA,4,efficacy
rs7997012,paroxetine,HTR2A,PharmGKB_CA,4,efficacy
rs6166,menotropins,FSHR,PharmGKB_CA,3,dosage
rs762551,clopidogrel,CYP1A2,PharmGKB_CA,3,efficacy
rs10036156,antidepressants,GABRP,PharmGKB_CA,3,efficacy
rs10036156,selective serotonin reuptake inhibitors,GABRP,PharmGKB_CA,3,efficacy
rs10036156,venlafaxine,GABRP,PharmGKB_CA,3,efficacy
rs1042713,corticosteroids,ADRB2,PharmGKB_CA,3,efficacy
rs1105525,methotrexate,DHFR,PharmGKB_CA,3,efficacy
rs6265,heroin,BDNF,PharmGKB_CA,4,other
rs6265,methamphetamine,BDNF,PharmGKB_CA,4,other
rs4149081,methotrexate,SLCO1B1,PharmGKB_CA,3,metabolism/pk
rs588765,drugs used in nicotine dependence,CHRNA5,PharmGKB_CA,3,efficacy
rs588765,nicotine,CHRNA5,PharmGKB_CA,3,efficacy
rs588765,varenicline,CHRNA5,PharmGKB_CA,3,efficacy
rs1800532,lithium,TPH1,PharmGKB_CA,3,efficacy
rs7311358,mycophenolate mofetil,SLCO1B3,PharmGKB_CA,3,other
rs3211371,cyclophosphamide,CYP2B6,PharmGKB_CA,3,toxicity
rs3211371,doxorubicin,CYP2B6,PharmGKB_CA,3,toxicity
rs1051685,thalidomide,XRCC5,PharmGKB_CA,3,efficacy
rs61162043,warfarin,VKORC1,PharmGKB_CA,3,dosage
rs1799752,spironolactone,ACE,PharmGKB_CA,3,efficacy
rs61767072,bucindolol,ADRA2C,PharmGKB_CA,3,efficacy
rs4986790,pravastatin,TLR4,PharmGKB_CA,3,efficacy
rs495828,"ace inhibitors, plain",ABO,PharmGKB_CA,3,toxicity
rs11749035,bupropion,DRD1,PharmGKB_CA,3,efficacy
rs11749035,nicotine,DRD1,PharmGKB_CA,3,efficacy
rs1045642,atorvastatin,ABCB1,PharmGKB_CA,3,toxicity
rs2032582,simvastatin,ABCB1,PharmGKB_CA,3,toxicity
rs2244613,dabigatran,CES1,PharmGKB_CA,3,toxicity
rs4783961,fluvastatin,CETP,PharmGKB_CA,3,efficacy
rs428785,pravastatin,ADAMTS1,PharmGKB_CA,3,efficacy
rs1042858,gemcitabine,RRM1,PharmGKB_CA,4,efficacy
rs4253728,simvastatin,PPARA,PharmGKB_CA,3,efficacy
rs1801252,carvedilol,ADRB1,PharmGKB_CA,3,efficacy
rs1801253,carvedilol,ADRB1,PharmGKB_CA,3,dosage
rs1799752,atorvastatin,ACE,PharmGKB_CA,3,efficacy
rs1799752,quinapril,ACE,PharmGKB_CA,3,efficacy
rs6295,paroxetine,HTR1A,PharmGKB_CA,3,efficacy
rs10426377,anthracyclines and related substances,SULT2B1,PharmGKB_CA,4,toxicity
rs2515641,cytarabine,CYP2E1,PharmGKB_CA,3,toxicity
rs2515641,fludarabine,CYP2E1,PharmGKB_CA,3,toxicity
rs2515641,gemtuzumab ozogamicin,CYP2E1,PharmGKB_CA,3,toxicity
rs2515641,idarubicin,CYP2E1,PharmGKB_CA,3,toxicity
rs1799724,tumor necrosis factor alpha (tnf-alpha) inhibitors,TNF,PharmGKB_CA,4,efficacy
rs2740574,sirolimus,CYP3A4,PharmGKB_CA,3,other
rs1594160,didanosine,XDH,PharmGKB_CA,3,toxicity
rs761142,sulfamethoxazole,GCLC,PharmGKB_CA,3,toxicity
rs8187710,lopinavir,ABCC2,PharmGKB_CA,3,efficacy
rs3740066,irinotecan,ABCC2,PharmGKB_CA,3,toxicity
rs3025000,bevacizumab,VEGFA,PharmGKB_CA,3,efficacy
rs3025000,ranibizumab,VEGFA,PharmGKB_CA,3,efficacy
rs2305089,flunisolide,TBXT,PharmGKB_CA,3,efficacy
rs7787082,clozapine,ABCB1,PharmGKB_CA,3,efficacy
rs2245705,bupropion,SACM1L,PharmGKB_CA,3,toxicity
rs2227310,docetaxel,CASP7,PharmGKB_CA,3,efficacy
rs2227310,gemcitabine,CASP7,PharmGKB_CA,3,efficacy
rs2227310,paclitaxel,CASP7,PharmGKB_CA,3,efficacy
rs2227310,platinum compounds,CASP7,PharmGKB_CA,3,efficacy
rs2227310,vinorelbine,CASP7,PharmGKB_CA,3,efficacy
rs2106809,captopril,ACE2,PharmGKB_CA,3,efficacy
rs1801133,disulfiram,MTHFR,PharmGKB_CA,3,efficacy
rs1042640,acetaminophen,UGT1A,PharmGKB_CA,3,other
rs1414334,olanzapine,HTR2C,PharmGKB_CA,3,toxicity
rs2229437,benazepril,PRCP,PharmGKB_CA,3,efficacy
rs1050828,amodiaquine,G6PD,PharmGKB_CA,3,toxicity
rs1050828,pyrimethamine,G6PD,PharmGKB_CA,3,toxicity
rs1050828,sulfadoxine,G6PD,PharmGKB_CA,3,toxicity
rs11960832,olanzapine,SV2C,PharmGKB_CA,3,efficacy
rs1719247,hmg coa reductase inhibitors,,PharmGKB_CA,3,toxicity
rs17574269,cisplatin,DCBLD1,PharmGKB_CA,3,efficacy
rs17574269,irinotecan,DCBLD1,PharmGKB_CA,3,efficacy
rs17060812,nortriptyline,SLC39A14,PharmGKB_CA,3,efficacy
rs1799752,enalapril,ACE,PharmGKB_CA,3,efficacy
rs12819210,peginterferon alfa-2b,OASL,PharmGKB_CA,3,efficacy
rs12819210,ribavirin,OASL,PharmGKB_CA,3,efficacy
rs602950,capecitabine,CDA,PharmGKB_CA,3,toxicity
rs2306283,methotrexate,SLCO1B1,PharmGKB_CA,3,metabolism/pk
rs1695,cyclophosphamide,GSTP1,PharmGKB_CA,3,efficacy
rs1695,epirubicin,GSTP1,PharmGKB_CA,3,efficacy
rs12041331,aspirin,PEAR1,PharmGKB_CA,3,efficacy;toxicity
rs12041331,clopidogrel,PEAR1,PharmGKB_CA,3,efficacy;toxicity
rs28401781,citalopram,ABCB1,PharmGKB_CA,3,efficacy
rs28401781,fluoxetine,ABCB1,PharmGKB_CA,3,efficacy
rs28401781,paroxetine,ABCB1,PharmGKB_CA,3,efficacy
rs28401781,sertraline,ABCB1,PharmGKB_CA,3,efficacy
rs11191561,didanosine,NT5C2,PharmGKB_CA,3,toxicity
rs2304016,antiepileptics,SCN2A,PharmGKB_CA,3,efficacy
rs4124874,irinotecan,UGT1A1,PharmGKB_CA,4,toxicity
rs2494752,carboplatin,AKT1,PharmGKB_CA,3,efficacy
rs2494752,cisplatin,AKT1,PharmGKB_CA,3,efficacy
rs1265138,cladribine,RRM2B,PharmGKB_CA,3,efficacy
rs1265138,cytarabine,RRM2B,PharmGKB_CA,3,efficacy
rs7194667,fluorouracil,ABCC11,PharmGKB_CA,3,toxicity
rs1042713,corticosteroids,ADRB2,PharmGKB_CA,3,efficacy
rs1042713,selective beta-2-adrenoreceptor agonists,ADRB2,PharmGKB_CA,3,efficacy
rs10919563,adalimumab,PTPRC,PharmGKB_CA,3,efficacy
rs10919563,etanercept,PTPRC,PharmGKB_CA,3,efficacy
rs10919563,infliximab,PTPRC,PharmGKB_CA,3,efficacy
rs10919563,tumor necrosis factor alpha (tnf-alpha) inhibitors,PTPRC,PharmGKB_CA,3,efficacy
rs1695,cyclophosphamide,GSTP1,PharmGKB_CA,3,toxicity
rs1695,epirubicin,GSTP1,PharmGKB_CA,3,toxicity
rs71647871,clopidogrel,CES1,PharmGKB_CA,2B,metabolism/pk
rs7787082,amitriptyline,ABCB1,PharmGKB_CA,3,efficacy
rs7787082,citalopram,ABCB1,PharmGKB_CA,3,efficacy
rs7787082,paroxetine,ABCB1,PharmGKB_CA,3,efficacy
rs7787082,venlafaxine,ABCB1,PharmGKB_CA,3,efficacy
rs7118900,methadone,ANKK1,PharmGKB_CA,3,dosage
rs2071427,lithium,NR1D1;THRA,PharmGKB_CA,3,efficacy
rs1137101,simvastatin,LEPR,PharmGKB_CA,3,efficacy
rs5186,captopril,AGTR1,PharmGKB_CA,3,efficacy
rs2228478,desipramine,MC1R,PharmGKB_CA,3,efficacy
rs708272,lovastatin,CETP,PharmGKB_CA,3,efficacy
rs4630,thalidomide,GSTT1,PharmGKB_CA,3,toxicity
rs2266780,olanzapine,FMO3,PharmGKB_CA,3,other
rs735482,thalidomide,ERCC1,PharmGKB_CA,3,efficacy
rs12487736,atorvastatin,SCAP,PharmGKB_CA,4,other
rs4149056,pravastatin,SLCO1B1,PharmGKB_CA,3,efficacy
rs1979277,bevacizumab,SHMT1,PharmGKB_CA,3,efficacy
rs1979277,fluorouracil,SHMT1,PharmGKB_CA,3,efficacy
rs1979277,irinotecan,SHMT1,PharmGKB_CA,3,efficacy
rs1979277,leucovorin,SHMT1,PharmGKB_CA,3,efficacy
rs776746,simvastatin,CYP3A5,PharmGKB_CA,4,other
rs662799,atorvastatin,APOA5,PharmGKB_CA,3,efficacy
rs662799,lovastatin,APOA5,PharmGKB_CA,3,efficacy
rs662799,simvastatin,APOA5,PharmGKB_CA,3,efficacy
rs62205366,dobutamine,GNAS,PharmGKB_CA,3,efficacy
rs2497538,olanzapine,HTR2C,PharmGKB_CA,3,toxicity
rs2230806,fenofibrate,ABCA1,PharmGKB_CA,3,efficacy
rs1128503,sirolimus,ABCB1,PharmGKB_CA,3,toxicity
rs2276302,clozapine,HTR3A,PharmGKB_CA,3,efficacy
rs1800471,rituximab,TGFB1,PharmGKB_CA,3,efficacy
rs3740556,carboplatin,EIF3A,PharmGKB_CA,3,efficacy
rs3740556,cisplatin,EIF3A,PharmGKB_CA,3,efficacy
rs767455,adalimumab,TNFRSF1A,PharmGKB_CA,3,efficacy
rs767455,etanercept,TNFRSF1A,PharmGKB_CA,3,efficacy
rs767455,infliximab,TNFRSF1A,PharmGKB_CA,3,efficacy
rs1695,cyclophosphamide,GSTP1,PharmGKB_CA,3,toxicity
rs1695,epirubicin,GSTP1,PharmGKB_CA,3,toxicity
rs3024530,pitrakinra,IL4R,PharmGKB_CA,3,efficacy
rs3091244,fenofibrate,CRP,PharmGKB_CA,3,efficacy
rs2742435,bupropion,SACM1L,PharmGKB_CA,3,toxicity
rs1805087,benazepril,MTR,PharmGKB_CA,3,efficacy
rs1799998,candesartan,CYP11B2,PharmGKB_CA,3,efficacy
rs669,enzymes,A2M,PharmGKB_CA,3,efficacy
rs2235040,antidepressants,ABCB1,PharmGKB_CA,3,toxicity
rs2235040,citalopram,ABCB1,PharmGKB_CA,3,toxicity
rs2235040,fluvoxamine,ABCB1,PharmGKB_CA,3,toxicity
rs2235040,paroxetine,ABCB1,PharmGKB_CA,3,toxicity
rs2235040,sertraline,ABCB1,PharmGKB_CA,3,toxicity
rs2235040,venlafaxine,ABCB1,PharmGKB_CA,3,toxicity
rs2472304,paroxetine,CYP1A2,PharmGKB_CA,3,efficacy
rs2069521,escitalopram,,PharmGKB_CA,3,toxicity
rs4646425,escitalopram,CYP1A2,PharmGKB_CA,3,toxicity
rs2235067,amitriptyline,ABCB1,PharmGKB_CA,3,efficacy
rs2235067,citalopram,ABCB1,PharmGKB_CA,3,efficacy
rs2235067,paroxetine,ABCB1,PharmGKB_CA,3,efficacy
rs2235067,venlafaxine,ABCB1,PharmGKB_CA,3,efficacy
rs880054,hydrochlorothiazide,WNK1,PharmGKB_CA,3,efficacy
rs10423928,olanzapine,GIPR,PharmGKB_CA,3,toxicity
rs1695,capecitabine,GSTP1,PharmGKB_CA,3,efficacy
rs1695,epirubicin,GSTP1,PharmGKB_CA,3,efficacy
rs1695,platinum,GSTP1,PharmGKB_CA,3,efficacy
rs4148740,amitriptyline,ABCB1,PharmGKB_CA,3,efficacy
rs4148740,citalopram,ABCB1,PharmGKB_CA,3,efficacy
rs4148740,paroxetine,ABCB1,PharmGKB_CA,3,efficacy
rs4148740,venlafaxine,ABCB1,PharmGKB_CA,3,efficacy
rs2302948,cytarabine,SULT2B1,PharmGKB_CA,3,toxicity
rs2302948,fludarabine,SULT2B1,PharmGKB_CA,3,toxicity
rs2302948,gemtuzumab ozogamicin,SULT2B1,PharmGKB_CA,3,toxicity
rs2302948,idarubicin,SULT2B1,PharmGKB_CA,3,toxicity
rs2306283,irinotecan,SLCO1B1,PharmGKB_CA,3,efficacy
rs28371759,cyclosporine,CYP3A4,PharmGKB_CA,3,other
rs5063,bumetanide,NPPA-AS1,PharmGKB_CA,3,efficacy
rs5063,furosemide,NPPA-AS1,PharmGKB_CA,3,efficacy
rs5063,torasemide,NPPA-AS1,PharmGKB_CA,3,efficacy
rs4148323,indinavir,UGT1A1,PharmGKB_CA,3,toxicity
rs1800795,fenofibrate,IL6,PharmGKB_CA,3,efficacy
rs1130609,cladribine,RRM2,PharmGKB_CA,3,efficacy
rs1130609,cytarabine,RRM2,PharmGKB_CA,3,efficacy
rs5030743,cladribine,RRM2,PharmGKB_CA,3,efficacy
rs5030743,cytarabine,RRM2,PharmGKB_CA,3,efficacy
rs2898950,cladribine,RRM1,PharmGKB_CA,3,efficacy
rs2898950,cytarabine,RRM1,PharmGKB_CA,3,efficacy
rs1561876,cladribine,RRM1,PharmGKB_CA,3,efficacy
rs1561876,cytarabine,RRM1,PharmGKB_CA,3,efficacy
rs1042919,cladribine,RRM1,PharmGKB_CA,3,efficacy
rs1042919,cytarabine,RRM1,PharmGKB_CA,3,efficacy
rs1532624,hmg coa reductase inhibitors,CETP,PharmGKB_CA,3,efficacy
rs11189381,bisphosphonates,SFRP5,PharmGKB_CA,3,toxicity
rs1080985,debrisoquine,CYP2D6,PharmGKB_CA,3,other
rs1080985,thioridazine,CYP2D6,PharmGKB_CA,3,other
rs1800566,epirubicin,NQO1,PharmGKB_CA,3,efficacy
rs1800566,fluorouracil,NQO1,PharmGKB_CA,3,efficacy
rs1800566,oxaliplatin,NQO1,PharmGKB_CA,3,efficacy
rs1800566,cyclophosphamide,NQO1,PharmGKB_CA,3,efficacy
rs1800566,epirubicin,NQO1,PharmGKB_CA,3,efficacy
rs1800566,fluorouracil,NQO1,PharmGKB_CA,3,efficacy
rs17782313,quetiapine,MC4R,PharmGKB_CA,3,toxicity
rs502434,antidepressants,GRIA3,PharmGKB_CA,3,efficacy
rs502434,selective serotonin reuptake inhibitors,GRIA3,PharmGKB_CA,3,efficacy
rs502434,venlafaxine,GRIA3,PharmGKB_CA,3,efficacy
rs9483947,hydroxyurea,MAP3K5,PharmGKB_CA,3,efficacy
rs762551,paroxetine,CYP1A2,PharmGKB_CA,3,dosage;toxicity
rs1051730,drugs used in nicotine dependence,CHRNA3,PharmGKB_CA,3,efficacy
rs1051730,nicotine,CHRNA3,PharmGKB_CA,3,efficacy
rs7934165,methadone,BDNF,PharmGKB_CA,3,dosage
rs2289658,methadone,NTRK2,PharmGKB_CA,3,dosage
rs4148416,cisplatin,ABCC3,PharmGKB_CA,3,efficacy
rs4148416,cyclophosphamide,ABCC3,PharmGKB_CA,3,efficacy
rs4148416,doxorubicin,ABCC3,PharmGKB_CA,3,efficacy
rs4148416,methotrexate,ABCC3,PharmGKB_CA,3,efficacy
rs4148416,vincristine,ABCC3,PharmGKB_CA,3,efficacy
rs5918,clopidogrel,ITGB3,PharmGKB_CA,3,efficacy
rs6785930,clopidogrel,P2RY12,PharmGKB_CA,4,efficacy;toxicity
rs2070676,cisplatin,CYP2E1,PharmGKB_CA,3,efficacy;toxicity
rs2070676,cyclophosphamide,CYP2E1,PharmGKB_CA,3,efficacy;toxicity
rs2952768,opioids,,PharmGKB_CA,3,efficacy
rs2231137,irinotecan,ABCG2,PharmGKB_CA,3,toxicity
rs2230808,fenofibrate,ABCA1,PharmGKB_CA,3,efficacy
rs1801253,bucindolol,ADRB1,PharmGKB_CA,3,efficacy
rs17782313,paliperidone,MC4R,PharmGKB_CA,3,toxicity
rs2243250,aspirin,IL4,PharmGKB_CA,3,toxicity
rs10306114,aspirin,PTGS1,PharmGKB_CA,3,efficacy
rs10306114,clopidogrel,PTGS1,PharmGKB_CA,3,efficacy
rs72551330,mycophenolate mofetil,UGT1A9,PharmGKB_CA,3,toxicity
rs12720462,olanzapine,FMO1,PharmGKB_CA,3,other
rs1800566,warfarin,NQO1,PharmGKB_CA,3,dosage
rs1045642,simvastatin,ABCB1,PharmGKB_CA,3,toxicity
rs4713916,corticosteroids,FKBP5,PharmGKB_CA,3,efficacy
rs2032582,atorvastatin,ABCB1,PharmGKB_CA,3,efficacy
rs2231142,simvastatin,ABCG2,PharmGKB_CA,3,metabolism/pk
rs8187710,calcein,ABCC2,PharmGKB_CA,3,other
rs8187710,lopinavir,ABCC2,PharmGKB_CA,3,other
rs7412,atorvastatin,APOE,PharmGKB_CA,2B,efficacy
rs5888,atorvastatin,SCARB1,PharmGKB_CA,3,efficacy
rs5370,atenolol,EDN1,PharmGKB_CA,3,efficacy
rs5370,irbesartan,EDN1,PharmGKB_CA,3,efficacy
rs1801020,enzymes,F12,PharmGKB_CA,3,efficacy
rs1110470,pitrakinra,IL4R,PharmGKB_CA,3,efficacy
rs4646427,paroxetine,CYP1A2,PharmGKB_CA,3,efficacy
rs11983225,amitriptyline,ABCB1,PharmGKB_CA,3,efficacy
rs11983225,citalopram,ABCB1,PharmGKB_CA,3,efficacy
rs11983225,paroxetine,ABCB1,PharmGKB_CA,3,efficacy
rs11983225,venlafaxine,ABCB1,PharmGKB_CA,3,efficacy
rs3737224,prasugrel,PEAR1,PharmGKB_CA,3,efficacy
rs1051640,cisplatin,ABCC3,PharmGKB_CA,3,toxicity
rs1806201,risperidone,GRIN2B,PharmGKB_CA,3,toxicity
rs544093,carboplatin,OPRM1,PharmGKB_CA,3,toxicity
rs544093,docetaxel,OPRM1,PharmGKB_CA,3,toxicity
rs544093,paclitaxel,OPRM1,PharmGKB_CA,3,toxicity
rs4483927,risperidone,HRH4,PharmGKB_CA,3,efficacy
rs9552679,salbutamol,,PharmGKB_CA,3,efficacy
rs17626122,fluorouracil,PARD3B,PharmGKB_CA,3,toxicity
rs17626122,oxaliplatin,PARD3B,PharmGKB_CA,3,toxicity
rs489693,haloperidol,MC4R,PharmGKB_CA,3,toxicity
rs489693,quetiapine,MC4R,PharmGKB_CA,3,toxicity
rs16960228,hydrochlorothiazide,PRKCA,PharmGKB_CA,3,efficacy
rs17583889,anthracyclines and related substances,HNMT,PharmGKB_CA,4,toxicity
rs17024608,bisphosphonates,RBMS3,PharmGKB_CA,3,efficacy
rs16950650,cisplatin,ABCC4,PharmGKB_CA,3,efficacy
rs16950650,irinotecan,ABCC4,PharmGKB_CA,3,efficacy
rs13266634,repaglinide,SLC30A8,PharmGKB_CA,3,efficacy
rs2070673,cytarabine,CYP2E1,PharmGKB_CA,3,toxicity
rs2070673,fludarabine,CYP2E1,PharmGKB_CA,3,toxicity
rs2070673,gemtuzumab ozogamicin,CYP2E1,PharmGKB_CA,3,toxicity
rs2070673,idarubicin,CYP2E1,PharmGKB_CA,3,toxicity
rs4149056,cytarabine,SLCO1B1,PharmGKB_CA,3,toxicity
rs4149056,fludarabine,SLCO1B1,PharmGKB_CA,3,toxicity
rs4149056,gemtuzumab ozogamicin,SLCO1B1,PharmGKB_CA,3,toxicity
rs4149056,idarubicin,SLCO1B1,PharmGKB_CA,3,toxicity
rs1429376,didanosine,XDH,PharmGKB_CA,3,toxicity
rs11598702,didanosine,NT5C2,PharmGKB_CA,3,toxicity
rs11872992,clozapine,MC4R,PharmGKB_CA,3,toxicity
rs489693,paliperidone,MC4R,PharmGKB_CA,3,efficacy
rs2826494,lithium,,PharmGKB_CA,3,efficacy
rs2769605,lithium,,PharmGKB_CA,3,efficacy
rs2769605,valproic acid,,PharmGKB_CA,3,efficacy
rs1128503,cisplatin,ABCB1,PharmGKB_CA,3,efficacy
rs1128503,cyclophosphamide,ABCB1,PharmGKB_CA,3,efficacy
rs1128503,doxorubicin,ABCB1,PharmGKB_CA,3,efficacy
rs1128503,methotrexate,ABCB1,PharmGKB_CA,3,efficacy
rs1128503,vincristine,ABCB1,PharmGKB_CA,3,efficacy
rs1137101,simvastatin,LEPR,PharmGKB_CA,3,efficacy
rs7997012,venlafaxine,HTR2A,PharmGKB_CA,3,efficacy
rs9934438,fluindione,VKORC1,PharmGKB_CA,3,efficacy
rs1800532,antidepressants,TPH1,PharmGKB_CA,4,efficacy
rs1800532,citalopram,TPH1,PharmGKB_CA,4,efficacy
rs1800532,escitalopram,TPH1,PharmGKB_CA,4,efficacy
rs1800532,fluoxetine,TPH1,PharmGKB_CA,4,efficacy
rs1800532,paroxetine,TPH1,PharmGKB_CA,4,efficacy
rs1143627,aspirin,IL1B,PharmGKB_CA,3,toxicity
rs9332096,warfarin,CYP2C9,PharmGKB_CA,3,dosage
rs12979860,boceprevir,IFNL3;IFNL4,PharmGKB_CA,1A,efficacy
rs12979860,peginterferon alfa-2a,IFNL3;IFNL4,PharmGKB_CA,1A,efficacy
rs12979860,peginterferon alfa-2b,IFNL3;IFNL4,PharmGKB_CA,1A,efficacy
rs12979860,ribavirin,IFNL3;IFNL4,PharmGKB_CA,1A,efficacy
rs1045642,highly active antiretroviral therapy (haart),ABCB1,PharmGKB_CA,3,efficacy
rs1934969,losartan,CYP2C9,PharmGKB_CA,3,other
rs1051266,irinotecan,SLC19A1,PharmGKB_CA,3,efficacy
rs1045642,tamoxifen,ABCB1,PharmGKB_CA,3,efficacy
rs1801131,methotrexate,MTHFR,PharmGKB_CA,4,efficacy
rs833069,ranibizumab,VEGFA,PharmGKB_CA,4,efficacy
rs1050152,imatinib,SLC22A4,PharmGKB_CA,3,efficacy
rs17782313,risperidone,MC4R,PharmGKB_CA,3,toxicity
rs489693,risperidone,MC4R,PharmGKB_CA,3,toxicity
rs11030096,opioids,BDNF-AS,PharmGKB_CA,3,toxicity
rs4906902,opioids,GABRB3,PharmGKB_CA,3,toxicity
rs1079596,opioids,DRD2,PharmGKB_CA,3,toxicity
rs731236,calcium,VDR,PharmGKB_CA,3,efficacy
rs2228479,desipramine,MC1R,PharmGKB_CA,3,efficacy
rs135550,fenofibrate,PPARA,PharmGKB_CA,3,efficacy
rs4680,venlafaxine,COMT,PharmGKB_CA,3,efficacy
rs4459610,"ace inhibitors, plain",,PharmGKB_CA,3,toxicity
rs28365062,zidovudine,UGT2B7,PharmGKB_CA,3,other
rs11568695,zidovudine,ABCC4,PharmGKB_CA,3,other
rs1801368,carboplatin,MAD1L1,PharmGKB_CA,3,efficacy
rs1801368,paclitaxel,MAD1L1,PharmGKB_CA,3,efficacy
rs5882,fluvastatin,CETP,PharmGKB_CA,3,efficacy
rs328,pravastatin,LPL,PharmGKB_CA,3,efficacy
rs2301339,atenolol,GNB3,PharmGKB_CA,3,efficacy
rs4961,bumetanide,ADD1,PharmGKB_CA,3,efficacy
rs4961,furosemide,ADD1,PharmGKB_CA,3,efficacy
rs4961,torasemide,ADD1,PharmGKB_CA,3,efficacy
rs16965962,citalopram,,PharmGKB_CA,3,toxicity
rs153549,citalopram,REEP5,PharmGKB_CA,3,efficacy
rs153549,fluoxetine,REEP5,PharmGKB_CA,3,efficacy
rs153549,paroxetine,REEP5,PharmGKB_CA,3,efficacy
rs153549,sertraline,REEP5,PharmGKB_CA,3,efficacy
rs9561765,imatinib,ABCC4,PharmGKB_CA,3,efficacy
rs10981694,cisplatin,SLC31A1,PharmGKB_CA,3,toxicity
rs4149601,diuretics,NEDD4L,PharmGKB_CA,3,efficacy
rs4149601,hydrochlorothiazide,NEDD4L,PharmGKB_CA,3,efficacy
rs879207,carboplatin,,PharmGKB_CA,3,toxicity
rs879207,docetaxel,,PharmGKB_CA,3,toxicity
rs879207,paclitaxel,,PharmGKB_CA,3,toxicity
rs17751934,bisphosphonates,MEX3C,PharmGKB_CA,3,toxicity
rs11231825,cytarabine,SLC22A12,PharmGKB_CA,3,toxicity
rs11231825,fludarabine,SLC22A12,PharmGKB_CA,3,toxicity
rs11231825,gemtuzumab ozogamicin,SLC22A12,PharmGKB_CA,3,toxicity
rs11231825,idarubicin,SLC22A12,PharmGKB_CA,3,toxicity
rs17782313,amisulpride,MC4R,PharmGKB_CA,3,toxicity
rs489693,aripiprazole,MC4R,PharmGKB_CA,3,toxicity
rs4238001,fenofibrate,SCARB1,PharmGKB_CA,3,efficacy
rs3745274,mitotane,CYP2B6,PharmGKB_CA,3,other
rs1799752,lisinopril,ACE,PharmGKB_CA,4,efficacy
rs4291,amlodipine,ACE,PharmGKB_CA,3,efficacy
rs4291,chlorthalidone,ACE,PharmGKB_CA,3,efficacy
rs4291,lisinopril,ACE,PharmGKB_CA,3,efficacy
rs2440390,olanzapine,DRD2,PharmGKB_CA,3,toxicity
rs11064426,atenolol,GNB3,PharmGKB_CA,3,efficacy
rs11615,fluorouracil,ERCC1,PharmGKB_CA,3,toxicity
rs11615,leucovorin,ERCC1,PharmGKB_CA,3,toxicity
rs11615,oxaliplatin,ERCC1,PharmGKB_CA,3,toxicity
rs2273697,irinotecan,ABCC2,PharmGKB_CA,3,other
rs7668258,lamotrigine,UGT2B7,PharmGKB_CA,3,metabolism/pk
rs6025,hormonal contraceptives for systemic use,F5,PharmGKB_CA,2B,toxicity
rs1124493,olanzapine,DRD2,PharmGKB_CA,3,other
rs776746,nifedipine,CYP3A5,PharmGKB_CA,3,other
rs1042713,methacholine,ADRB2,PharmGKB_CA,3,efficacy
rs4148323,carvedilol,UGT1A1,PharmGKB_CA,3,other
rs9626730,fenofibrate,PPARA,PharmGKB_CA,3,efficacy
rs13273672,drugs used in alcohol dependence,GATA4,PharmGKB_CA,3,efficacy
rs25648,cisplatin,VEGFA,PharmGKB_CA,3,efficacy
rs25648,fluorouracil,VEGFA,PharmGKB_CA,3,efficacy
rs25648,oxaliplatin,VEGFA,PharmGKB_CA,3,efficacy
rs2654754,opioids,DRD3,PharmGKB_CA,3,toxicity
rs9288993,opioids,DRD3,PharmGKB_CA,3,toxicity
rs510769,opioids,OPRM1,PharmGKB_CA,3,toxicity
rs1050828,artesunate,G6PD;IKBKG,PharmGKB_CA,3,toxicity
rs1050828,primaquine,G6PD;IKBKG,PharmGKB_CA,3,toxicity
rs1050828,pyrimethamine,G6PD;IKBKG,PharmGKB_CA,3,toxicity
rs1050828,sulfadoxine,G6PD;IKBKG,PharmGKB_CA,3,toxicity
rs8099917,interferons,IFNL3,PharmGKB_CA,1B,efficacy
rs8099917,peginterferon alfa-2a,IFNL3,PharmGKB_CA,1B,efficacy
rs8099917,peginterferon alfa-2b,IFNL3,PharmGKB_CA,1B,efficacy
rs8099917,ribavirin,IFNL3,PharmGKB_CA,1B,efficacy
rs1137617,calcium channel blockers,KCNH2,PharmGKB_CA,3,efficacy
rs1137617,nitrendipine,KCNH2,PharmGKB_CA,3,efficacy
rs7597593,opioids,ZNF804A,PharmGKB_CA,3,toxicity
rs735668,opioids,TACR1,PharmGKB_CA,3,toxicity
rs3212986,bleomycin,ERCC1,PharmGKB_CA,3,toxicity
rs3212986,cisplatin,ERCC1,PharmGKB_CA,3,toxicity
rs3212986,etoposide,ERCC1,PharmGKB_CA,3,toxicity
rs1051660,heroin,OPRK1,PharmGKB_CA,3,toxicity
rs8192440,lithium,CRY1,PharmGKB_CA,3,efficacy
rs35599367,erythromycin,CYP3A4,PharmGKB_CA,3,other
rs4877900,methadone,NTRK2,PharmGKB_CA,3,dosage
rs558025,methadone,OPRM1,PharmGKB_CA,3,dosage
rs1045642,oxaliplatin,ABCB1,PharmGKB_CA,3,efficacy
rs5918,aspirin,ITGB3,PharmGKB_CA,4,efficacy
rs2270777,somatropin recombinant,CDK4,PharmGKB_CA,3,other
rs717620,erythromycin,ABCC2,PharmGKB_CA,3,other
rs1800629,cyclosporine,TNF,PharmGKB_CA,3,efficacy
rs1800629,mycophenolate mofetil,TNF,PharmGKB_CA,3,efficacy
rs17886199,warfarin,PRSS53;VKORC1,PharmGKB_CA,3,dosage
rs4986790,folic acid,TLR4,PharmGKB_CA,3,toxicity
rs4986790,methotrexate,TLR4,PharmGKB_CA,3,toxicity
rs2306283,pitavastatin,SLCO1B1,PharmGKB_CA,3,other
rs4267385,"ace inhibitors, plain",,PharmGKB_CA,3,toxicity
rs5443,atenolol,GNB3,PharmGKB_CA,3,efficacy
rs55754655,azathioprine,AOX1,PharmGKB_CA,3,efficacy
rs1800591,pravastatin,MTTP,PharmGKB_CA,3,efficacy
rs1045642,simvastatin,ABCB1,PharmGKB_CA,4,efficacy
rs2032582,simvastatin,ABCB1,PharmGKB_CA,3,efficacy
rs11706052,cyclosporine,IMPDH2,PharmGKB_CA,4,efficacy
rs11706052,mycophenolate mofetil,IMPDH2,PharmGKB_CA,4,efficacy
rs2231142,fluvastatin,ABCG2,PharmGKB_CA,3,metabolism/pk
rs702553,diuretics,PDE4D,PharmGKB_CA,3,efficacy
rs7412,pravastatin,APOE,PharmGKB_CA,3,efficacy
rs12777823,warfarin,,PharmGKB_CA,1A,dosage
rs4358872,methadone,NTRK2,PharmGKB_CA,3,dosage
rs1128503,oxaliplatin,ABCB1,PharmGKB_CA,3,efficacy
rs708272,pravastatin,CETP,PharmGKB_CA,3,efficacy
rs2032582,cyclosporine,ABCB1,PharmGKB_CA,3,efficacy
rs2032582,mycophenolate mofetil,ABCB1,PharmGKB_CA,3,efficacy
rs17868320,mycophenolate mofetil,UGT1A9,PharmGKB_CA,4,efficacy
rs10030044,raloxifene,,PharmGKB_CA,3,efficacy
rs10030044,tamoxifen,,PharmGKB_CA,3,efficacy
rs4523,aspirin,TBXA2R,PharmGKB_CA,3,efficacy
rs6318,escitalopram,HTR2C,PharmGKB_CA,3,efficacy
rs12903202,bisphosphonates,ALDH1A2,PharmGKB_CA,3,efficacy
rs4680,fluvoxamine,COMT,PharmGKB_CA,3,efficacy
rs4917639,warfarin,CYP2C9,PharmGKB_CA,3,dosage
rs12487736,simvastatin,SCAP,PharmGKB_CA,3,efficacy
rs1150226,clozapine,HTR3A,PharmGKB_CA,3,efficacy
rs1800566,platinum compounds,NQO1,PharmGKB_CA,3,efficacy
rs35167514,tramadol,SLC22A1,PharmGKB_CA,3,other
rs2023239,opioids,CNR1,PharmGKB_CA,3,toxicity
rs5051,atenolol,AGT,PharmGKB_CA,3,efficacy
rs4253778,fenofibrate,PPARA,PharmGKB_CA,3,efficacy
rs6787801,cangrelor,P2RY12,PharmGKB_CA,3,efficacy
rs11887534,atorvastatin,ABCG8,PharmGKB_CA,3,efficacy
rs1042173,ondansetron,SLC6A4,PharmGKB_CA,3,efficacy
rs1801133,folic acid,MTHFR,PharmGKB_CA,3,efficacy
rs1801133,"vitamin b-complex, plain",MTHFR,PharmGKB_CA,3,efficacy
rs5882,simvastatin,CETP,PharmGKB_CA,3,efficacy
rs2740574,amlodipine,CYP3A4,PharmGKB_CA,4,efficacy
rs2742423,bupropion,SACM1L,PharmGKB_CA,3,toxicity
rs2251954,bupropion,SACM1L,PharmGKB_CA,3,toxicity
rs1344706,antipsychotics,ZNF804A,PharmGKB_CA,3,efficacy
rs6313,efavirenz,HTR2A,PharmGKB_CA,3,toxicity
rs1042640,acetaminophen,UGT1A,PharmGKB_CA,3,toxicity
rs717620,fluorouracil,ABCC2,PharmGKB_CA,3,toxicity
rs717620,leucovorin,ABCC2,PharmGKB_CA,3,toxicity
rs717620,oxaliplatin,ABCC2,PharmGKB_CA,3,toxicity
rs3832043,irinotecan,UGT1A9,PharmGKB_CA,4,toxicity
rs11615,fluorouracil,ERCC1,PharmGKB_CA,3,efficacy
rs11615,leucovorin,ERCC1,PharmGKB_CA,3,efficacy
rs11615,oxaliplatin,ERCC1,PharmGKB_CA,3,efficacy
rs822442,prasugrel,PEAR1,PharmGKB_CA,3,efficacy
rs4646427,escitalopram,CYP1A2,PharmGKB_CA,3,toxicity
rs4148739,amitriptyline,ABCB1,PharmGKB_CA,3,efficacy
rs4148739,citalopram,ABCB1,PharmGKB_CA,3,efficacy
rs4148739,fluoxetine,ABCB1,PharmGKB_CA,3,efficacy
rs4148739,paroxetine,ABCB1,PharmGKB_CA,3,efficacy
rs4148739,sertraline,ABCB1,PharmGKB_CA,3,efficacy
rs4148739,venlafaxine,ABCB1,PharmGKB_CA,3,efficacy
rs1806201,quetiapine,GRIN2B,PharmGKB_CA,3,toxicity
rs6280,opioids,DRD3,PharmGKB_CA,3,toxicity
rs1065852,opioids,CYP2D6,PharmGKB_CA,3,toxicity
rs1384401,opioids,TACR3,PharmGKB_CA,3,toxicity
rs57098334,antidepressants,SLC6A4,PharmGKB_CA,3,toxicity
rs6265,fluoxetine,BDNF,PharmGKB_CA,4,toxicity
rs4149015,irinotecan,SLCO1B1,PharmGKB_CA,3,toxicity
rs4353229,docetaxel,CASP7,PharmGKB_CA,3,efficacy
rs4353229,gemcitabine,CASP7,PharmGKB_CA,3,efficacy
rs4353229,paclitaxel,CASP7,PharmGKB_CA,3,efficacy
rs4353229,platinum compounds,CASP7,PharmGKB_CA,3,efficacy
rs4353229,vinorelbine,CASP7,PharmGKB_CA,3,efficacy
rs1127687,paclitaxel,CASP7,PharmGKB_CA,3,efficacy
rs1127687,platinum compounds,CASP7,PharmGKB_CA,3,efficacy
rs66878317,gemcitabine,DCK,PharmGKB_CA,3,other
rs1523130,memantine,NR1I2,PharmGKB_CA,3,other
rs915120,citalopram,GRK5,PharmGKB_CA,3,efficacy
rs915120,escitalopram,GRK5,PharmGKB_CA,3,efficacy
rs238,hydrochlorothiazide,,PharmGKB_CA,3,efficacy
rs1045642,anthracyclines and related substances,ABCB1,PharmGKB_CA,3,efficacy
rs1045642,taxanes,ABCB1,PharmGKB_CA,3,efficacy
rs7588295,bisphosphonates,CSRNP3,PharmGKB_CA,3,toxicity
rs1760217,antineoplastic agents,DPYD,PharmGKB_CA,3,efficacy
rs17091162,antineoplastic agents,SERPINA3,PharmGKB_CA,3,efficacy
rs1678387,bisphosphonates,ABCC4,PharmGKB_CA,3,toxicity
rs16944,lansoprazole,IL1B,PharmGKB_CA,3,efficacy
rs16944,omeprazole,IL1B,PharmGKB_CA,3,efficacy
rs16944,rabeprazole,IL1B,PharmGKB_CA,3,efficacy
rs1423515,salbutamol,,PharmGKB_CA,3,efficacy
rs1517114,irinotecan,C8orf34,PharmGKB_CA,3,toxicity
rs13306278,selective serotonin reuptake inhibitors,COMT,PharmGKB_CA,3,efficacy
rs12946454,diltiazem,PLCD3,PharmGKB_CA,3,efficacy
rs12943590,metformin,SLC47A2,PharmGKB_CA,3,efficacy
rs12943590,metformin,SLC47A2,PharmGKB_CA,3,metabolism/pk
rs12210538,cyclophosphamide,SLC22A16,PharmGKB_CA,3,toxicity
rs12210538,doxorubicin,SLC22A16,PharmGKB_CA,3,toxicity
rs4253728,tacrolimus,PPARA,PharmGKB_CA,3,toxicity
rs290487,tacrolimus,TCF7L2,PharmGKB_CA,3,toxicity
rs8075924,bupropion,ACE,PharmGKB_CA,3,efficacy
rs2770296,bupropion,HTR2A,PharmGKB_CA,3,efficacy
rs1799971,heroin,OPRM1,PharmGKB_CA,3,toxicity
rs3745274,opioids,CYP2A7P1;CYP2B6,PharmGKB_CA,3,toxicity
rs718656,opioids,EXOC4,PharmGKB_CA,3,toxicity
rs324029,opioids,DRD3,PharmGKB_CA,3,toxicity
rs35599367,midazolam,CYP3A4,PharmGKB_CA,3,other
rs352428,citalopram,,PharmGKB_CA,3,efficacy
rs352428,escitalopram,,PharmGKB_CA,3,efficacy
rs2120266,methadone,NTRK2,PharmGKB_CA,3,dosage
rs1948308,methadone,NTRK2,PharmGKB_CA,3,dosage
rs2239622,methadone,NGF,PharmGKB_CA,3,dosage
rs2301149,verapamil,KCNIP1;KCNMB1,PharmGKB_CA,3,efficacy
rs11252394,salbutamol,,PharmGKB_CA,3,efficacy
rs2228079,aspirin,ADORA1,PharmGKB_CA,3,toxicity
rs11587213,aspirin,FCER1G,PharmGKB_CA,3,toxicity
rs2768759,aspirin,NTRK1,PharmGKB_CA,3,efficacy
rs833061,sunitinib,VEGFA,PharmGKB_CA,3,toxicity
rs1364043,fluvoxamine,HTR1A,PharmGKB_CA,3,efficacy
rs1364043,milnacipran,HTR1A,PharmGKB_CA,3,efficacy
rs1364043,paroxetine,HTR1A,PharmGKB_CA,3,efficacy
rs12795437,hydrochlorothiazide,KCNJ1,PharmGKB_CA,3,toxicity
rs1799752,acetylcholine,ACE,PharmGKB_CA,3,efficacy
rs12782374,phenytoin,CYP2C9,PharmGKB_CA,3,dosage
rs12721655,cyclophosphamide,CYP2B6,PharmGKB_CA,3,efficacy
rs12721655,doxorubicin,CYP2B6,PharmGKB_CA,3,efficacy
rs4606,antipsychotics,RGS2,PharmGKB_CA,3,toxicity
rs324420,aripiprazole,FAAH,PharmGKB_CA,3,toxicity
rs324420,clozapine,FAAH,PharmGKB_CA,3,toxicity
rs324420,haloperidol,FAAH,PharmGKB_CA,3,toxicity
rs324420,olanzapine,FAAH,PharmGKB_CA,3,toxicity
rs324420,quetiapine,FAAH,PharmGKB_CA,3,toxicity
rs324420,risperidone,FAAH,PharmGKB_CA,3,toxicity
rs2306283,hmg coa reductase inhibitors,SLCO1B1,PharmGKB_CA,3,toxicity
rs6714486,mycophenolate mofetil,UGT1A9,PharmGKB_CA,4,efficacy
rs9922316,dexmedetomidine,PRKCB,PharmGKB_CA,3,other
rs4530637,opioids,,PharmGKB_CA,3,toxicity
rs352046,hmg coa reductase inhibitors,CXCL5,PharmGKB_CA,3,efficacy
rs3917643,simvastatin,F3,PharmGKB_CA,3,efficacy
rs61764370,cetuximab,KRAS,PharmGKB_CA,3,efficacy
rs61764370,panitumumab,KRAS,PharmGKB_CA,3,efficacy
rs8330,acetaminophen,UGT1A;UGT1A9,PharmGKB_CA,3,toxicity
rs2239347,pitrakinra,IL4R,PharmGKB_CA,3,efficacy
rs2237895,repaglinide,KCNQ1,PharmGKB_CA,3,efficacy
rs2237892,repaglinide,KCNQ1,PharmGKB_CA,3,efficacy
rs17135437,citalopram,COL26A1,PharmGKB_CA,3,toxicity
rs2231142,efavirenz,ABCG2,PharmGKB_CA,3,toxicity
rs10929303,acetaminophen,UGT1A,PharmGKB_CA,3,other
rs10929303,acetaminophen,UGT1A,PharmGKB_CA,3,toxicity
rs1065852,iloperidone,CYP2D6,PharmGKB_CA,3,toxicity
rs1048943,capecitabine,CYP1A1,PharmGKB_CA,3,efficacy
rs1048943,docetaxel,CYP1A1,PharmGKB_CA,3,efficacy
rs10248420,clozapine,ABCB1,PharmGKB_CA,3,efficacy
rs822441,prasugrel,PEAR1,PharmGKB_CA,3,efficacy
rs6313,risperidone,HTR2A,PharmGKB_CA,3,toxicity
rs2297480,zoledronate,FDPS,PharmGKB_CA,3,toxicity
rs3761555,antidepressants,GRIA3,PharmGKB_CA,3,efficacy
rs3761555,selective serotonin reuptake inhibitors,GRIA3,PharmGKB_CA,3,efficacy
rs3761555,venlafaxine,GRIA3,PharmGKB_CA,3,efficacy
rs3761554,antidepressants,GRIA3,PharmGKB_CA,3,efficacy
rs3761554,selective serotonin reuptake inhibitors,GRIA3,PharmGKB_CA,3,efficacy
rs3761554,venlafaxine,GRIA3,PharmGKB_CA,3,efficacy
rs3794271,tumor necrosis factor alpha (tnf-alpha) inhibitors,SLCO1C1,PharmGKB_CA,3,efficacy
rs1799971,morphine,OPRM1,PharmGKB_CA,3,dosage
rs17782313,antipsychotics,MC4R,PharmGKB_CA,3,toxicity
rs316019,l-tryptophan,SLC22A2,PharmGKB_CA,3,other
rs9806699,hmg coa reductase inhibitors,GATM,PharmGKB_CA,4,toxicity
rs9806699,simvastatin,GATM,PharmGKB_CA,4,toxicity
rs13306673,"thiazides, plain",SLC12A3,PharmGKB_CA,3,efficacy
rs1954787,antidepressants,GRIK4,PharmGKB_CA,3,efficacy
rs1491850,methadone,BDNF,PharmGKB_CA,3,dosage
rs1799752,nitroprusside,ACE,PharmGKB_CA,3,efficacy
rs2884737,warfarin,VKORC1,PharmGKB_CA,2A,dosage
rs9344,fluorouracil,CCND1,PharmGKB_CA,3,efficacy
rs1801262,repaglinide,NEUROD1,PharmGKB_CA,3,efficacy
rs1131882,aspirin,TBXA2R,PharmGKB_CA,3,toxicity
rs7903146,"sulfonamides, urea derivatives",TCF7L2,PharmGKB_CA,3,efficacy
rs1800872,cyclosporine,IL10,PharmGKB_CA,3,efficacy
rs1800872,mycophenolate mofetil,IL10,PharmGKB_CA,3,efficacy
rs1042597,cyclosporine,UGT1A8,PharmGKB_CA,3,toxicity
rs1042597,mycophenolate mofetil,UGT1A8,PharmGKB_CA,3,toxicity
rs1042597,sirolimus,UGT1A8,PharmGKB_CA,3,toxicity
rs1042597,tacrolimus,UGT1A8,PharmGKB_CA,3,toxicity
rs708272,simvastatin,CETP,PharmGKB_CA,4,efficacy
rs1800591,atorvastatin,MTTP,PharmGKB_CA,3,efficacy
rs1045642,atorvastatin,ABCB1,PharmGKB_CA,3,efficacy
rs4149081,rosuvastatin,SLCO1B1,PharmGKB_CA,3,efficacy
rs1057868,midazolam,POR,PharmGKB_CA,3,other
rs4673,simvastatin,CYBA,PharmGKB_CA,3,other
rs1800629,atorvastatin,TNF,PharmGKB_CA,3,other
rs12003906,atorvastatin,ABCA1,PharmGKB_CA,3,efficacy
rs12003906,pravastatin,ABCA1,PharmGKB_CA,3,efficacy
rs12003906,simvastatin,ABCA1,PharmGKB_CA,3,efficacy
rs2470890,paroxetine,CYP1A2,PharmGKB_CA,3,efficacy
rs4646425,paroxetine,CYP1A2,PharmGKB_CA,3,efficacy
rs8330,acetaminophen,UGT1A,PharmGKB_CA,3,other
rs2742417,bupropion,SACM1L,PharmGKB_CA,3,toxicity
rs1805010,pitrakinra,IL4R,PharmGKB_CA,3,efficacy
rs1042713,benazepril,ADRB2,PharmGKB_CA,4,efficacy
rs10248420,amitriptyline,ABCB1,PharmGKB_CA,3,efficacy
rs10248420,citalopram,ABCB1,PharmGKB_CA,3,efficacy
rs10248420,paroxetine,ABCB1,PharmGKB_CA,3,efficacy
rs10248420,venlafaxine,ABCB1,PharmGKB_CA,3,efficacy
rs45445694,irinotecan,TYMS,PharmGKB_CA,3,toxicity
rs45445694,raltitrexed,TYMS,PharmGKB_CA,3,toxicity
rs10280101,amitriptyline,ABCB1,PharmGKB_CA,3,efficacy
rs10280101,citalopram,ABCB1,PharmGKB_CA,3,efficacy
rs10280101,paroxetine,ABCB1,PharmGKB_CA,3,efficacy
rs10280101,venlafaxine,ABCB1,PharmGKB_CA,3,efficacy
rs12720067,amitriptyline,ABCB1,PharmGKB_CA,3,efficacy
rs12720067,citalopram,ABCB1,PharmGKB_CA,3,efficacy
rs12720067,paroxetine,ABCB1,PharmGKB_CA,3,efficacy
rs12720067,venlafaxine,ABCB1,PharmGKB_CA,3,efficacy
rs4815273,hydrochlorothiazide,,PharmGKB_CA,3,efficacy
rs1043620,carbamazepine,HSPA1A;HSPA1L,PharmGKB_CA,3,toxicity
rs17602729,methotrexate,AMPD1,PharmGKB_CA,4,efficacy;toxicity
rs1800497,nicotine,ANKK1,PharmGKB_CA,3,efficacy
rs11045585,docetaxel,SLCO1B3,PharmGKB_CA,3,toxicity
rs11615,cisplatin,ERCC1,PharmGKB_CA,3,toxicity
rs11615,cyclophosphamide,ERCC1,PharmGKB_CA,3,toxicity
rs1127354,methotrexate,ITPA,PharmGKB_CA,3,efficacy;toxicity
rs1051740,carbamazepine,EPHX1,PharmGKB_CA,3,metabolism/pk
rs1128503,digoxin,ABCB1,PharmGKB_CA,3,other
rs1736557,anthracyclines and related substances,FMO3,PharmGKB_CA,4,toxicity
rs1522113,salbutamol,CLOCK,PharmGKB_CA,3,efficacy
rs2242446,"3,4-methylenedioxymethamphetamine",SLC6A2,PharmGKB_CA,3,other
rs2205986,interferon beta-1a,IRF6,PharmGKB_CA,3,toxicity
rs2205986,interferon beta-1b,IRF6,PharmGKB_CA,3,toxicity
rs701829,dapsone,HLA-DRB1,PharmGKB_CA,3,toxicity
rs1799752,hydrochlorothiazide,ACE,PharmGKB_CA,3,efficacy
rs104894539,warfarin,VKORC1,PharmGKB_CA,3,dosage
rs104894541,warfarin,VKORC1,PharmGKB_CA,3,dosage
rs1143634,morphine,IL1B,PharmGKB_CA,3,dosage;efficacy
rs305968,imatinib,CYP2F1,PharmGKB_CA,3,toxicity
rs7967354,rocuronium,SLCO1A2,PharmGKB_CA,3,dosage
rs11045995,rocuronium,IAPP;SLCO1A2,PharmGKB_CA,3,dosage
rs11188072,mephenytoin,CYP2C19,PharmGKB_CA,3,dosage
rs16969968,nicotine,CHRNA5,PharmGKB_CA,2B,toxicity
rs118192172,hmg coa reductase inhibitors,RYR1,PharmGKB_CA,3,toxicity
rs2819742,cerivastatin,RYR2,PharmGKB_CA,3,toxicity
rs10800397,amiodarone,NOS1AP,PharmGKB_CA,3,toxicity
rs4902333,methylphenidate,CHURC1,PharmGKB_CA,3,efficacy
rs9032,methylphenidate,STRBP,PharmGKB_CA,3,efficacy
rs2933304,duloxetine,,PharmGKB_CA,3,efficacy
rs9873889,duloxetine,ZNF385D,PharmGKB_CA,3,efficacy
rs699947,ranibizumab,VEGFA,PharmGKB_CA,4,efficacy
rs324420,methamphetamine,FAAH,PharmGKB_CA,3,other
rs1992647,antidepressants,GABRA6,PharmGKB_CA,3,efficacy
rs1992647,selective serotonin reuptake inhibitors,GABRA6,PharmGKB_CA,3,efficacy
rs1992647,venlafaxine,GABRA6,PharmGKB_CA,3,efficacy
rs948854,antidepressants,GAL,PharmGKB_CA,3,efficacy
rs948854,benzodiazepine derivatives,GAL,PharmGKB_CA,3,efficacy
rs948854,mirtazapine,GAL,PharmGKB_CA,3,efficacy
rs948854,selective serotonin reuptake inhibitors,GAL,PharmGKB_CA,3,efficacy
rs9859552,cangrelor,P2RY12,PharmGKB_CA,3,efficacy
rs6809699,clopidogrel,P2RY12,PharmGKB_CA,3,efficacy
rs4532,lithium,DRD1,PharmGKB_CA,3,efficacy
rs2499984,lithium,OR52J2P;OR52J3,PharmGKB_CA,3,efficacy
rs2314339,lithium,NR1D1;THRA,PharmGKB_CA,3,efficacy
rs2284018,lithium,CACNG2,PharmGKB_CA,3,efficacy
rs568408,mycophenolate mofetil,IL12A,PharmGKB_CA,3,toxicity
rs10835210,methadone,BDNF,PharmGKB_CA,3,dosage
rs2283265,methadone,DRD2,PharmGKB_CA,3,dosage
rs17880887,warfarin,VKORC1,PharmGKB_CA,3,dosage
rs1045642,verapamil,ABCB1,PharmGKB_CA,3,other
rs1126643,aspirin,ITGA2,PharmGKB_CA,3,efficacy
rs1126643,clopidogrel,ITGA2,PharmGKB_CA,3,efficacy
rs2069502,somatropin recombinant,CDK4,PharmGKB_CA,3,other
rs2032582,clomipramine,ABCB1,PharmGKB_CA,3,toxicity
rs2032582,lithium,ABCB1,PharmGKB_CA,3,toxicity
rs2032582,nefazodone,ABCB1,PharmGKB_CA,3,toxicity
rs2032582,paroxetine,ABCB1,PharmGKB_CA,3,toxicity
rs2032582,venlafaxine,ABCB1,PharmGKB_CA,3,toxicity
rs6988229,salbutamol,COL22A1,PharmGKB_CA,3,efficacy
rs6265,antidepressants,BDNF,PharmGKB_CA,3,efficacy
rs6265,citalopram,BDNF,PharmGKB_CA,3,efficacy
rs6265,paroxetine,BDNF,PharmGKB_CA,3,efficacy
rs7179742,aspirin,FSIP1,PharmGKB_CA,3,toxicity
rs3856806,aspirin,PPARG,PharmGKB_CA,3,toxicity
rs16851030,aspirin,ADORA1,PharmGKB_CA,3,toxicity
rs8060157,raloxifene,ZNF423,PharmGKB_CA,3,efficacy
rs8060157,tamoxifen,ZNF423,PharmGKB_CA,3,efficacy
rs10306114,aspirin,PTGS1,PharmGKB_CA,3,efficacy
rs9380524,citalopram,FKBP5,PharmGKB_CA,3,efficacy
rs9380524,escitalopram,FKBP5,PharmGKB_CA,3,efficacy
rs1799971,tramadol,OPRM1,PharmGKB_CA,3,efficacy
rs3810651,venlafaxine,GABRQ,PharmGKB_CA,3,efficacy
rs114202595,repaglinide,PAX4,PharmGKB_CA,3,efficacy
rs6787801,clopidogrel,P2RY12,PharmGKB_CA,3,efficacy
rs135543,fenofibrate,PPARA,PharmGKB_CA,3,efficacy
rs708272,atorvastatin,CETP,PharmGKB_CA,4,efficacy;toxicity
rs35068180,pravastatin,MMP3,PharmGKB_CA,3,efficacy
rs35068180,chlorthalidone,MMP3,PharmGKB_CA,3,efficacy
rs35068180,lisinopril,MMP3,PharmGKB_CA,3,efficacy
rs1799752,fluvastatin,ACE,PharmGKB_CA,3,efficacy
rs7877,olanzapine,FMO1,PharmGKB_CA,3,other
rs1799752,pravastatin,ACE,PharmGKB_CA,3,efficacy
rs10509680,warfarin,CYP2C9,PharmGKB_CA,3,dosage
rs11150606,warfarin,VKORC1,PharmGKB_CA,3,dosage
rs60282872,fluvastatin,SREBF1,PharmGKB_CA,3,efficacy
rs8016905,"ace inhibitors, plain",BDKRB2,PharmGKB_CA,3,toxicity
rs2281617,amphetamine,OPRM1,PharmGKB_CA,3,other
rs4149056,atorvastatin,SLCO1B1,PharmGKB_CA,1A,toxicity
rs3808607,atorvastatin,CYP7A1,PharmGKB_CA,3,efficacy
rs2168631,bupropion,DRD1,PharmGKB_CA,3,efficacy
rs2168631,nicotine,DRD1,PharmGKB_CA,3,efficacy
rs16944,pravastatin,IL1B,PharmGKB_CA,3,efficacy
rs11746641,bupropion,DRD1,PharmGKB_CA,3,efficacy
rs11746641,nicotine,DRD1,PharmGKB_CA,3,efficacy
rs334558,lithium,GSK3B,PharmGKB_CA,3,efficacy
rs2378676,methadone,NTRK2,PharmGKB_CA,3,dosage
rs6438552,lithium,GSK3B,PharmGKB_CA,3,efficacy
rs6280,paroxetine,DRD3,PharmGKB_CA,3,efficacy
rs5443,antidepressants,GNB3,PharmGKB_CA,4,efficacy
rs7572857,aspirin,CEP68,PharmGKB_CA,3,toxicity
rs1613662,aspirin,GP6,PharmGKB_CA,3,efficacy
rs57098334,fluoxetine,SLC6A4,PharmGKB_CA,3,efficacy
rs1062535,aspirin,ITGA2,PharmGKB_CA,3,efficacy
rs7089580,warfarin,CYP2C9,PharmGKB_CA,3,dosage
rs430397,platinum compounds,HSPA5,PharmGKB_CA,3,efficacy
rs964184,fenofibrate,APOA1,PharmGKB_CA,3,efficacy
rs776746,ondansetron,CYP3A5,PharmGKB_CA,3,other
rs2032582,verapamil,ABCB1,PharmGKB_CA,3,other
rs5985,aspirin,F13A1,PharmGKB_CA,3,efficacy
rs1062535,aspirin,ITGA2,PharmGKB_CA,3,efficacy
rs1062535,clopidogrel,ITGA2,PharmGKB_CA,3,efficacy
rs861539,platinum compounds,XRCC3,PharmGKB_CA,3,efficacy
rs242941,fluoxetine,CRHR1,PharmGKB_CA,3,efficacy
rs6755571,abt-751,UGT1A4,PharmGKB_CA,3,other
rs510769,amphetamine,OPRM1,PharmGKB_CA,3,efficacy
rs11039149,atenolol,NR1H3,PharmGKB_CA,3,toxicity
rs11039149,verapamil,NR1H3,PharmGKB_CA,3,toxicity
rs4553808,bortezomib,CTLA4,PharmGKB_CA,3,toxicity
rs4553808,dexamethasone,CTLA4,PharmGKB_CA,3,toxicity
rs4553808,melphalan,CTLA4,PharmGKB_CA,3,toxicity
rs4553808,prednisone,CTLA4,PharmGKB_CA,3,toxicity
rs12721226,losartan,AGTR1,PharmGKB_CA,3,efficacy
rs1800544,dexmedetomidine,ADRA2A,PharmGKB_CA,3,other
rs17655652,pravastatin,NPC1L1,PharmGKB_CA,3,efficacy
rs12654264,hmg coa reductase inhibitors,HMGCR,PharmGKB_CA,3,other
rs2290732,carbamazepine,GABRA1,PharmGKB_CA,3,efficacy
rs2742390,bupropion,SACM1L,PharmGKB_CA,3,toxicity
rs16952570,azathioprine,FTO,PharmGKB_CA,3,toxicity
rs1799983,aspirin,NOS3,PharmGKB_CA,3,toxicity
rs1799983,beta blocking agents,NOS3,PharmGKB_CA,3,toxicity
rs1799983,clopidogrel,NOS3,PharmGKB_CA,3,toxicity
rs1799983,hmg coa reductase inhibitors,NOS3,PharmGKB_CA,3,toxicity
rs8832,pitrakinra,IL4R,PharmGKB_CA,3,efficacy
rs1799752,bumetanide,ACE,PharmGKB_CA,3,efficacy
rs1799752,furosemide,ACE,PharmGKB_CA,3,efficacy
rs1799752,torasemide,ACE,PharmGKB_CA,3,efficacy
rs4148737,cisplatin,ABCB1,PharmGKB_CA,3,efficacy
rs4148737,cyclophosphamide,ABCB1,PharmGKB_CA,3,efficacy
rs4148737,doxorubicin,ABCB1,PharmGKB_CA,3,efficacy
rs4148737,methotrexate,ABCB1,PharmGKB_CA,3,efficacy
rs4148737,vincristine,ABCB1,PharmGKB_CA,3,efficacy
rs11706052,mycophenolate mofetil,IMPDH2,PharmGKB_CA,4,efficacy;toxicity
rs11706052,mycophenolic acid,IMPDH2,PharmGKB_CA,4,efficacy;toxicity
rs5186,candesartan,AGTR1,PharmGKB_CA,3,efficacy
rs1801253,dobutamine,ADRB1,PharmGKB_CA,3,efficacy
rs1800545,atenolol,ADRA2A,PharmGKB_CA,3,efficacy
rs12082710,antidepressants,TGFBR3,PharmGKB_CA,3,efficacy
rs1042714,enalapril,ADRB2,PharmGKB_CA,3,efficacy
rs1799752,benazepril,ACE,PharmGKB_CA,3,efficacy
rs1799752,perindopril,ACE,PharmGKB_CA,3,efficacy
rs10042486,amisulpride,HTR1A,PharmGKB_CA,3,efficacy
rs10042486,antipsychotics,HTR1A,PharmGKB_CA,3,efficacy
rs10042486,olanzapine,HTR1A,PharmGKB_CA,3,efficacy
rs10042486,quetiapine,HTR1A,PharmGKB_CA,3,efficacy
rs10042486,risperidone,HTR1A,PharmGKB_CA,3,efficacy
rs7079,benazepril,AGT,PharmGKB_CA,3,efficacy
rs1801133,benazepril,MTHFR,PharmGKB_CA,3,efficacy
rs60369023,cytarabine,CDA,PharmGKB_CA,3,other
rs767455,tumor necrosis factor alpha (tnf-alpha) inhibitors,TNFRSF1A,PharmGKB_CA,3,efficacy
rs699,atenolol,AGT,PharmGKB_CA,3,efficacy
rs16952570,mercaptopurine,FTO,PharmGKB_CA,3,toxicity
rs962369,escitalopram,BDNF,PharmGKB_CA,3,toxicity
rs962369,nortriptyline,BDNF,PharmGKB_CA,3,toxicity
rs4244285,prasugrel,CYP2C19,PharmGKB_CA,3,efficacy
rs1065776,aspirin,P2RY1,PharmGKB_CA,3,efficacy
rs1050891,aspirin,HNMT,PharmGKB_CA,3,toxicity
rs4149056,sn-38,SLCO1B1,PharmGKB_CA,3,dosage
rs3832043,mycophenolate mofetil,UGT1A9,PharmGKB_CA,3,other
rs2241883,fenofibrate,FABP1,PharmGKB_CA,4,efficacy
rs7921977,docetaxel,CASP7,PharmGKB_CA,3,efficacy
rs7921977,gemcitabine,CASP7,PharmGKB_CA,3,efficacy
rs7921977,paclitaxel,CASP7,PharmGKB_CA,3,efficacy
rs7921977,platinum compounds,CASP7,PharmGKB_CA,3,efficacy
rs7921977,vinorelbine,CASP7,PharmGKB_CA,3,efficacy
rs2742421,bupropion,SACM1L,PharmGKB_CA,3,toxicity
rs1969624,bupropion,SACM1L,PharmGKB_CA,3,toxicity
rs1417938,fenofibrate,CRP,PharmGKB_CA,3,efficacy
rs1127687,gemcitabine,CASP7,PharmGKB_CA,3,efficacy
rs1127687,platinum compounds,CASP7,PharmGKB_CA,3,efficacy
rs1045642,sirolimus,ABCB1,PharmGKB_CA,3,toxicity
rs1029489,pitrakinra,IL4R,PharmGKB_CA,3,efficacy
rs7412,fenofibrate,APOE,PharmGKB_CA,3,efficacy
rs717620,fluorouracil,ABCC2,PharmGKB_CA,3,toxicity
rs717620,leucovorin,ABCC2,PharmGKB_CA,3,toxicity
rs717620,oxaliplatin,ABCC2,PharmGKB_CA,3,toxicity
rs4149056,irinotecan,SLCO1B1,PharmGKB_CA,3,toxicity
rs3832043,sn-38,UGT1A9,PharmGKB_CA,3,metabolism/pk
rs1062613,clozapine,HTR3A,PharmGKB_CA,3,efficacy
rs2066844,tacrolimus,NOD2,PharmGKB_CA,3,efficacy
rs2235040,amitriptyline,ABCB1,PharmGKB_CA,3,efficacy
rs2235040,citalopram,ABCB1,PharmGKB_CA,3,efficacy
rs2235040,paroxetine,ABCB1,PharmGKB_CA,3,efficacy
rs2235040,venlafaxine,ABCB1,PharmGKB_CA,3,efficacy
rs4823613,simvastatin,PPARA,PharmGKB_CA,3,efficacy
rs2849380,carboplatin,BCL2,PharmGKB_CA,3,toxicity
rs2849380,docetaxel,BCL2,PharmGKB_CA,3,toxicity
rs2849380,paclitaxel,BCL2,PharmGKB_CA,3,toxicity
rs139887,carboplatin,SOX10,PharmGKB_CA,3,toxicity
rs139887,docetaxel,SOX10,PharmGKB_CA,3,toxicity
rs139887,paclitaxel,SOX10,PharmGKB_CA,3,toxicity
rs2776546,hydrochlorothiazide,,PharmGKB_CA,3,efficacy
rs878949,antipsychotics,HSPG2,PharmGKB_CA,3,toxicity
rs2445142,antipsychotics,HSPG2,PharmGKB_CA,3,toxicity
rs1042713,risperidone,ADRB2,PharmGKB_CA,3,toxicity
rs885004,anthracyclines and related substances,SLC28A3,PharmGKB_CA,3,toxicity
rs10515074,everolimus,PIK3R1,PharmGKB_CA,3,toxicity
rs11269124,clonidine,ADRA2C,PharmGKB_CA,3,efficacy
rs6313,sertraline,HTR2A,PharmGKB_CA,4,toxicity
rs6313,citalopram,HTR2A,PharmGKB_CA,3,toxicity
rs652888,antithyroid preparations,EHMT2,PharmGKB_CA,3,toxicity
rs11125883,isoniazid,XPO1,PharmGKB_CA,3,toxicity
rs1800888,salbutamol,ADRB2,PharmGKB_CA,3,other
rs1801274,cetuximab,FCGR2A,PharmGKB_CA,3,efficacy
rs17211071,dapsone,HLA-DRB1,PharmGKB_CA,3,toxicity
rs702764,butorphanol,OPRK1,PharmGKB_CA,3,efficacy
rs511435,heroin,OPRM1,PharmGKB_CA,3,toxicity
rs511435,opioids,OPRM1,PharmGKB_CA,3,toxicity
rs4807493,ethanol,PIP5K1C,PharmGKB_CA,3,toxicity
rs6269,morphine,COMT,PharmGKB_CA,3,efficacy
rs6269,morphine,COMT,PharmGKB_CA,4,dosage
rs2275913,opioids,IL17A,PharmGKB_CA,3,dosage
rs9397685,fentanyl,OPRM1,PharmGKB_CA,3,toxicity
rs3778156,ethanol,OPRM1,PharmGKB_CA,3,toxicity
rs495491,cocaine,OPRM1,PharmGKB_CA,3,toxicity
rs1461773,ethanol,OPRM1,PharmGKB_CA,3,efficacy
rs397508328,ivacaftor,CFTR,PharmGKB_CA,3,efficacy
rs4968187,cyclophosphamide,TP53,PharmGKB_CA,3,toxicity
rs4968187,epirubicin,TP53,PharmGKB_CA,3,toxicity
rs4968187,fluorouracil,TP53,PharmGKB_CA,3,toxicity
rs13093031,fentanyl,,PharmGKB_CA,3,efficacy
rs2236947,cetuximab,RASSF1,PharmGKB_CA,3,efficacy
rs4261893,duloxetine,ZNF385D,PharmGKB_CA,3,efficacy
rs117986340,duloxetine,KMT2E,PharmGKB_CA,3,efficacy
rs2303377,duloxetine,NCAM1,PharmGKB_CA,3,efficacy
rs121908751,elexacaftor,CFTR,PharmGKB_CA,1A,efficacy
rs121908751,tezacaftor,CFTR,PharmGKB_CA,1A,efficacy
rs121908751,ivacaftor,CFTR,PharmGKB_CA,1A,efficacy
rs397508537,ivacaftor,CFTR,PharmGKB_CA,1A,efficacy
rs113993958,ivacaftor,CFTR,PharmGKB_CA,1A,efficacy
rs77834169,ivacaftor,CFTR,PharmGKB_CA,1A,efficacy
rs368505753,ivacaftor,CFTR,PharmGKB_CA,1A,efficacy
rs115545701,ivacaftor,CFTR,PharmGKB_CA,1A,efficacy
rs397508759,ivacaftor,CFTR,PharmGKB_CA,1A,efficacy
rs121908752,ivacaftor,CFTR,PharmGKB_CA,1A,efficacy
rs7668258,valproic acid,UGT2B7,PharmGKB_CA,3,metabolism/pk
rs11568732,clopidogrel,CYP2C19,PharmGKB_CA,3,toxicity
rs1105879,aspirin,UGT1A6,PharmGKB_CA,3,efficacy
rs4633,butorphanol,COMT,PharmGKB_CA,3,efficacy
rs7270101,mercaptopurine,ITPA,PharmGKB_CA,3,dosage;toxicity
rs7270101,methotrexate,ITPA,PharmGKB_CA,3,dosage;toxicity
rs4979223,platinum compounds,SLC31A1,PharmGKB_CA,3,efficacy;toxicity
rs4978536,platinum compounds,SLC31A1,PharmGKB_CA,3,toxicity
rs2233914,platinum compounds,SLC31A1,PharmGKB_CA,3,efficacy;toxicity
rs13120400,ceftriaxone,ABCG2,PharmGKB_CA,3,metabolism/pk
rs1800497,nicotine,ANKK1;DRD2,PharmGKB_CA,3,toxicity
rs2036527,nicotine,CHRNA5,PharmGKB_CA,3,efficacy
rs1277441,opioids,TAOK3,PharmGKB_CA,3,efficacy
rs1277441,opioids,TAOK3,PharmGKB_CA,3,dosage
rs1045642,tramadol,ABCB1,PharmGKB_CA,3,efficacy
rs7606603,atenolol,XIRP2,PharmGKB_CA,3,efficacy
rs6269,butorphanol,COMT,PharmGKB_CA,3,efficacy
rs3888190,amisulpride,SH2B1,PharmGKB_CA,3,toxicity
rs3888190,aripiprazole,SH2B1,PharmGKB_CA,3,toxicity
rs3888190,clozapine,SH2B1,PharmGKB_CA,3,toxicity
rs3888190,lithium,SH2B1,PharmGKB_CA,3,toxicity
rs3888190,mirtazapine,SH2B1,PharmGKB_CA,3,toxicity
rs3888190,olanzapine,SH2B1,PharmGKB_CA,3,toxicity
rs3888190,paliperidone,SH2B1,PharmGKB_CA,3,toxicity
rs3888190,quetiapine,SH2B1,PharmGKB_CA,3,toxicity
rs3888190,risperidone,SH2B1,PharmGKB_CA,3,toxicity
rs3888190,valproic acid,SH2B1,PharmGKB_CA,3,toxicity
rs2231142,tenofovir,ABCG2,PharmGKB_CA,3,metabolism/pk
rs1801278,drugs used in diabetes,IRS1,PharmGKB_CA,3,efficacy
rs8192709,methadone,CYP2B6,PharmGKB_CA,3,metabolism/pk
rs3211371,methadone,CYP2B6,PharmGKB_CA,3,metabolism/pk
rs121909047,lumacaftor,CFTR,PharmGKB_CA,3,efficacy
rs2228100,cyclophosphamide,ALDH3A1,PharmGKB_CA,3,toxicity
rs2228100,doxorubicin,ALDH3A1,PharmGKB_CA,3,toxicity
rs2228100,fluorouracil,ALDH3A1,PharmGKB_CA,3,toxicity
rs3890011,spironolactone,CYP4A11,PharmGKB_CA,3,efficacy
rs362267,risperidone,HTT;MSANTD1,PharmGKB_CA,3,efficacy
rs2231142,dolutegravir,ABCG2,PharmGKB_CA,3,metabolism/pk
rs3131003,allopurinol,PSORS1C1,PharmGKB_CA,3,toxicity
rs1800497,prochlorperazine,ANKK1;DRD2,PharmGKB_CA,3,efficacy
rs1079597,prochlorperazine,DRD2,PharmGKB_CA,3,efficacy
rs6090378,nicotine,CHRNA4,PharmGKB_CA,3,toxicity
rs9479757,heroin,OPRM1,PharmGKB_CA,3,toxicity
rs2230806,atorvastatin,ABCA1,PharmGKB_CA,3,efficacy
rs2230806,rosuvastatin,ABCA1,PharmGKB_CA,3,efficacy
rs2230806,simvastatin,ABCA1,PharmGKB_CA,3,efficacy
rs17712523,methylphenidate,CDH23,PharmGKB_CA,3,efficacy
rs2799018,methylphenidate,ARHGAP12,PharmGKB_CA,3,efficacy
rs12409352,methylphenidate,PIGM,PharmGKB_CA,3,efficacy
rs2295490,methylphenidate,TRIB3,PharmGKB_CA,3,efficacy
rs4627790,methylphenidate,CMTM8,PharmGKB_CA,3,efficacy
rs1048786,methylphenidate,PDIA2,PharmGKB_CA,3,efficacy
rs751655,methylphenidate,OPCML,PharmGKB_CA,3,efficacy
rs11559290,methylphenidate,ETFDH,PharmGKB_CA,3,efficacy
rs7858,methylphenidate,NFIB,PharmGKB_CA,3,efficacy
rs929740,methylphenidate,ARHGEF28,PharmGKB_CA,3,efficacy
rs12630569,duloxetine,ZNF385D,PharmGKB_CA,3,efficacy
rs9824595,duloxetine,ZNF385D,PharmGKB_CA,3,efficacy
rs4334661,duloxetine,ZNF385D,PharmGKB_CA,3,efficacy
rs7625956,duloxetine,,PharmGKB_CA,3,efficacy
rs4858478,duloxetine,,PharmGKB_CA,3,efficacy
rs12502866,duloxetine,,PharmGKB_CA,3,efficacy
rs61692318,duloxetine,,PharmGKB_CA,3,efficacy
rs10007051,duloxetine,,PharmGKB_CA,3,efficacy
rs11933890,duloxetine,,PharmGKB_CA,3,efficacy
rs62319299,duloxetine,,PharmGKB_CA,3,efficacy
rs56229625,duloxetine,,PharmGKB_CA,3,efficacy
rs55881666,duloxetine,,PharmGKB_CA,3,efficacy
rs12657120,duloxetine,SKIC3,PharmGKB_CA,3,efficacy
rs708272,rosuvastatin,CETP,PharmGKB_CA,3,efficacy
rs5882,rosuvastatin,CETP,PharmGKB_CA,3,efficacy
rs10132552,platinum compounds,MEG3,PharmGKB_CA,3,toxicity
rs10132552,radiotherapy,MEG3,PharmGKB_CA,3,toxicity
rs503464,bupropion,CHRNA5,PharmGKB_CA,3,efficacy;toxicity
rs503464,nicotine,CHRNA5,PharmGKB_CA,3,efficacy;toxicity
rs503464,varenicline,CHRNA5,PharmGKB_CA,3,efficacy;toxicity
rs55781567,nicotine,CHRNA5,PharmGKB_CA,3,toxicity
rs1801280,isoniazid,NAT2,PharmGKB_CA,3,toxicity
rs1801280,phenytoin,NAT2,PharmGKB_CA,3,toxicity
rs524731,cocaine,OPRM1,PharmGKB_CA,3,toxicity
rs4654327,heroin,OPRD1,PharmGKB_CA,3,toxicity
rs397515870,migalastat,GLA,PharmGKB_CA,3,efficacy
rs104894828,migalastat,GLA,PharmGKB_CA,3,efficacy
rs190347120,migalastat,GLA,PharmGKB_CA,3,efficacy
rs4149117,sunitinib,SLCO1B3,PharmGKB_CA,3,efficacy
rs4680,nicotine,COMT,PharmGKB_CA,3,toxicity
rs2239050,nimodipine,CACNA1C,PharmGKB_CA,3,efficacy
rs77769901,cyclophosphamide,CCNK,PharmGKB_CA,3,toxicity
rs77769901,epirubicin,CCNK,PharmGKB_CA,3,toxicity
rs77769901,fluorouracil,CCNK,PharmGKB_CA,3,toxicity
rs869312399,migalastat,GLA,PharmGKB_CA,3,efficacy
rs113993960,ivacaftor,CFTR,PharmGKB_CA,1A,efficacy
rs113993960,tezacaftor,CFTR,PharmGKB_CA,1A,efficacy
rs6517442,morphine,KCNJ6,PharmGKB_CA,3,efficacy
rs12471326,cotinine glucuronide,UGT1A9,PharmGKB_CA,3,metabolism/pk
rs10771999,duloxetine,,PharmGKB_CA,3,efficacy
rs5746136,heroin,SOD2,PharmGKB_CA,3,toxicity
rs2758339,heroin,SOD2,PharmGKB_CA,3,toxicity
rs145623321,cyclophosphamide,PIK3R2,PharmGKB_CA,3,toxicity
rs145623321,epirubicin,PIK3R2,PharmGKB_CA,3,toxicity
rs145623321,fluorouracil,PIK3R2,PharmGKB_CA,3,toxicity
rs362306,risperidone,HTT;MSANTD1,PharmGKB_CA,3,efficacy
rs2515641,risperidone,CYP2E1,PharmGKB_CA,3,efficacy
rs4633,risperidone,COMT,PharmGKB_CA,4,efficacy
rs1799971,buprenorphine,OPRM1,PharmGKB_CA,3,toxicity
rs1799971,fentanyl,OPRM1,PharmGKB_CA,3,toxicity
rs1799971,tramadol,OPRM1,PharmGKB_CA,3,toxicity
rs731236,deferasirox,VDR,PharmGKB_CA,3,efficacy
rs145014075,nicotine,CYP2A6,PharmGKB_CA,3,metabolism/pk
rs1061622,etanercept,TNFRSF1B,PharmGKB_CA,3,efficacy
rs2231142,opioid anesthetics,ABCG2,PharmGKB_CA,3,efficacy
rs2231142,other general anesthetics,ABCG2,PharmGKB_CA,3,efficacy
rs2231142,volatile anesthetics,ABCG2,PharmGKB_CA,3,efficacy
rs1045642,risperidone,ABCB1,PharmGKB_CA,4,metabolism/pk
rs11969064,azathioprine,,PharmGKB_CA,3,toxicity
rs11969064,mercaptopurine,,PharmGKB_CA,3,toxicity
rs11969064,thioguanine,,PharmGKB_CA,3,toxicity
rs9200,tacrolimus,C6,PharmGKB_CA,3,metabolism/pk
rs10052999,tacrolimus,C6,PharmGKB_CA,3,metabolism/pk
rs2266780,nicotine,FMO3,PharmGKB_CA,3,metabolism/pk
rs762551,caffeine,CYP1A2,PharmGKB_CA,3,toxicity
rs2162145,metformin,CPA6,PharmGKB_CA,3,efficacy
rs780668,gemcitabine,SLC29A3,PharmGKB_CA,4,efficacy
rs7164594,varenicline,HYKK,PharmGKB_CA,3,efficacy
rs4680,modafinil,COMT,PharmGKB_CA,3,efficacy
rs4149056,methotrexate,SLCO1B1,PharmGKB_CA,3,efficacy
rs1128503,methotrexate,ABCB1,PharmGKB_CA,4,toxicity
rs2273697,methotrexate,ABCC2,PharmGKB_CA,4,toxicity
rs57081354,metformin,NBEA,PharmGKB_CA,3,efficacy
rs254271,metformin,PRPF31,PharmGKB_CA,3,efficacy
rs2231142,gemcitabine,ABCG2,PharmGKB_CA,3,efficacy;toxicity
rs1976391,oxazepam,,PharmGKB_CA,3,metabolism/pk
rs511435,ethanol,OPRM1,PharmGKB_CA,3,toxicity
rs3823010,ethanol,OPRM1,PharmGKB_CA,3,toxicity
rs609148,opioids,OPRM1,PharmGKB_CA,3,toxicity
rs548646,opioids,OPRM1,PharmGKB_CA,3,toxicity
rs3778150,ethanol,OPRM1,PharmGKB_CA,3,dosage
rs28935490,migalastat,GLA,PharmGKB_CA,3,efficacy
rs10028494,fentanyl,UGT2B7,PharmGKB_CA,3,efficacy
rs1799971,alfentanil,OPRM1,PharmGKB_CA,3,toxicity
rs2024627,everolimus,MTOR,PharmGKB_CA,3,efficacy
rs2070401,isoniazid,BACH1,PharmGKB_CA,3,toxicity
rs231775,"antiinflammatory agents, non-steroids",CTLA4,PharmGKB_CA,3,toxicity
rs9933632,acetaminophen,,PharmGKB_CA,3,toxicity
rs9933632,ibuprofen,,PharmGKB_CA,3,toxicity
rs9933632,loxoprofen,,PharmGKB_CA,3,toxicity
rs9933632,salicylamide,,PharmGKB_CA,3,toxicity
rs6500265,acetaminophen,,PharmGKB_CA,3,toxicity
rs6500265,ibuprofen,,PharmGKB_CA,3,toxicity
rs6500265,loxoprofen,,PharmGKB_CA,3,toxicity
rs6500265,salicylamide,,PharmGKB_CA,3,toxicity
rs3192723,methadone,OPRM1,PharmGKB_CA,3,efficacy
rs1902023,acetaminophen,UGT2B15,PharmGKB_CA,3,efficacy
rs1799793,bleomycin,ERCC2,PharmGKB_CA,3,toxicity
rs1799793,cisplatin,ERCC2,PharmGKB_CA,3,toxicity
rs1799793,etoposide,ERCC2,PharmGKB_CA,3,toxicity
rs4148157,allopurinol,ABCG2,PharmGKB_CA,3,efficacy
rs1476592,ethanol,PIP5K1C,PharmGKB_CA,3,toxicity
rs1799971,fentanyl,OPRM1,PharmGKB_CA,3,toxicity
rs10516440,ethanol,,PharmGKB_CA,3,toxicity
rs1045280,buprenorphine,ARRB2,PharmGKB_CA,3,toxicity
rs1045280,fentanyl,ARRB2,PharmGKB_CA,3,toxicity
rs1045280,tramadol,ARRB2,PharmGKB_CA,3,toxicity
rs887829,deferasirox,UGT1A1,PharmGKB_CA,3,efficacy
rs79663562,allopurinol,MYT1L,PharmGKB_CA,3,efficacy
rs6265,methamphetamine,BDNF,PharmGKB_CA,3,toxicity
rs795484,opioids,TAOK3,PharmGKB_CA,3,efficacy
rs762551,imatinib,CYP1A2,PharmGKB_CA,3,dosage
rs3219489,cisplatin,MUTYH,PharmGKB_CA,3,efficacy
rs3219489,fluorouracil,MUTYH,PharmGKB_CA,3,efficacy
rs3219489,radiotherapy,MUTYH,PharmGKB_CA,3,efficacy
rs10759637,platinum compounds,SLC31A1,PharmGKB_CA,3,efficacy
rs4244285,cyclophosphamide,CYP2C19,PharmGKB_CA,3,toxicity
rs4244285,doxorubicin,CYP2C19,PharmGKB_CA,3,toxicity
rs4244285,fluorouracil,CYP2C19,PharmGKB_CA,3,toxicity
rs1976391,risperidone,UGT1A1,PharmGKB_CA,3,toxicity
rs1567817380,flecainide,SCN4A,PharmGKB_CA,3,efficacy
rs398123212,migalastat,GLA,PharmGKB_CA,3,efficacy
rs372966991,migalastat,GLA,PharmGKB_CA,3,efficacy
rs2273697,cyclophosphamide,ABCC2,PharmGKB_CA,3,toxicity
rs2273697,doxorubicin,ABCC2,PharmGKB_CA,3,toxicity
rs2273697,fluorouracil,ABCC2,PharmGKB_CA,3,toxicity
rs3740066,cyclophosphamide,ABCC2,PharmGKB_CA,3,toxicity
rs3740066,doxorubicin,ABCC2,PharmGKB_CA,3,toxicity
rs3740066,fluorouracil,ABCC2,PharmGKB_CA,3,toxicity
rs1801516,cyclophosphamide,ATM,PharmGKB_CA,3,toxicity
rs1801516,doxorubicin,ATM,PharmGKB_CA,3,toxicity
rs1801516,fluorouracil,ATM,PharmGKB_CA,3,toxicity
rs3212986,cyclophosphamide,ERCC1,PharmGKB_CA,3,toxicity
rs3212986,doxorubicin,ERCC1,PharmGKB_CA,3,toxicity
rs3212986,fluorouracil,ERCC1,PharmGKB_CA,3,toxicity
rs11615,cyclophosphamide,ERCC1,PharmGKB_CA,3,toxicity
rs11615,doxorubicin,ERCC1,PharmGKB_CA,3,toxicity
rs11615,fluorouracil,ERCC1,PharmGKB_CA,3,toxicity
rs20572,cyclophosphamide,CBR1,PharmGKB_CA,3,toxicity
rs20572,doxorubicin,CBR1,PharmGKB_CA,3,toxicity
rs20572,fluorouracil,CBR1,PharmGKB_CA,3,toxicity
rs25487,cyclophosphamide,XRCC1,PharmGKB_CA,3,toxicity
rs25487,doxorubicin,XRCC1,PharmGKB_CA,3,toxicity
rs25487,fluorouracil,XRCC1,PharmGKB_CA,3,toxicity
rs1695,cyclophosphamide,GSTP1,PharmGKB_CA,3,toxicity
rs1695,doxorubicin,GSTP1,PharmGKB_CA,3,toxicity
rs1695,fluorouracil,GSTP1,PharmGKB_CA,3,toxicity
rs1045642,cyclophosphamide,ABCB1,PharmGKB_CA,3,toxicity
rs1045642,doxorubicin,ABCB1,PharmGKB_CA,3,toxicity
rs1045642,fluorouracil,ABCB1,PharmGKB_CA,3,toxicity
rs224534,acetaminophen,TRPV1,PharmGKB_CA,3,efficacy
rs2283265,methylphenidate,DRD2,PharmGKB_CA,3,toxicity
rs1695,bleomycin,GSTP1,PharmGKB_CA,3,toxicity
rs1695,cisplatin,GSTP1,PharmGKB_CA,3,toxicity
rs1695,etoposide,GSTP1,PharmGKB_CA,3,toxicity
rs11615,bleomycin,ERCC1,PharmGKB_CA,3,toxicity
rs11615,cisplatin,ERCC1,PharmGKB_CA,3,toxicity
rs11615,etoposide,ERCC1,PharmGKB_CA,3,toxicity
rs4148155,allopurinol,ABCG2,PharmGKB_CA,3,efficacy
rs1277441,morphine,TAOK3,PharmGKB_CA,3,dosage;efficacy
rs1051792,tumor necrosis factor alpha (tnf-alpha) inhibitors,MICA,PharmGKB_CA,3,efficacy
rs1799782,cisplatin,XRCC1,PharmGKB_CA,3,efficacy
rs1799782,fluorouracil,XRCC1,PharmGKB_CA,3,efficacy
rs1799782,radiotherapy,XRCC1,PharmGKB_CA,3,efficacy
rs121908547,flecainide,SCN4A,PharmGKB_CA,3,efficacy
rs869312146,migalastat,GLA,PharmGKB_CA,3,efficacy
rs398123223,migalastat,GLA,PharmGKB_CA,3,efficacy
rs1760944,cisplatin,APEX1;OSGEP,PharmGKB_CA,3,efficacy
rs1760944,fluorouracil,APEX1;OSGEP,PharmGKB_CA,3,efficacy
rs1760944,radiotherapy,APEX1;OSGEP,PharmGKB_CA,3,efficacy
rs2253201,"ace inhibitors, plain",KCNMA1,PharmGKB_CA,3,toxicity
rs9342288,"hmg coa reductase inhibitors, other combinations",EYS,PharmGKB_CA,3,toxicity
rs1337512,hmg coa reductase inhibitors,EYS,PharmGKB_CA,3,toxicity
rs1799971,opioid anesthetics,OPRM1,PharmGKB_CA,3,efficacy
rs1799971,other general anesthetics,OPRM1,PharmGKB_CA,3,efficacy
rs1799971,volatile anesthetics,OPRM1,PharmGKB_CA,3,efficacy
rs193922762,desflurane,RYR1,PharmGKB_CA,1A,toxicity
rs193922762,enflurane,RYR1,PharmGKB_CA,1A,toxicity
rs193922762,halothane,RYR1,PharmGKB_CA,1A,toxicity
rs193922762,isoflurane,RYR1,PharmGKB_CA,1A,toxicity
rs193922762,methoxyflurane,RYR1,PharmGKB_CA,1A,toxicity
rs193922762,sevoflurane,RYR1,PharmGKB_CA,1A,toxicity
rs193922762,succinylcholine,RYR1,PharmGKB_CA,1A,toxicity
rs193922748,desflurane,RYR1,PharmGKB_CA,1A,toxicity
rs193922748,enflurane,RYR1,PharmGKB_CA,1A,toxicity
rs193922748,halothane,RYR1,PharmGKB_CA,1A,toxicity
rs193922748,isoflurane,RYR1,PharmGKB_CA,1A,toxicity
rs193922748,methoxyflurane,RYR1,PharmGKB_CA,1A,toxicity
rs193922748,sevoflurane,RYR1,PharmGKB_CA,1A,toxicity
rs193922748,succinylcholine,RYR1,PharmGKB_CA,1A,toxicity
rs3781727,voriconazole,SLCO2B1,PharmGKB_CA,3,metabolism/pk
rs10494366,glyburide,NOS1AP,PharmGKB_CA,3,toxicity
rs11249454,imatinib,UGT2A1,PharmGKB_CA,3,toxicity
rs471760,gemcitabine,CDA,PharmGKB_CA,3,toxicity
rs2229109,dexamethasone,ABCB1,PharmGKB_CA,3,efficacy
rs2229109,lenalidomide,ABCB1,PharmGKB_CA,3,efficacy
rs890293,tacrolimus,CYP2J2,PharmGKB_CA,3,toxicity
rs3740066,tacrolimus,ABCC2,PharmGKB_CA,3,metabolism/pk
rs2231142,apixaban,ABCG2,PharmGKB_CA,3,metabolism/pk
rs776746,apixaban,CYP3A5,PharmGKB_CA,3,metabolism/pk
rs10494366,glipizide,NOS1AP,PharmGKB_CA,3,toxicity
rs429358,acenocoumarol,APOE,PharmGKB_CA,3,toxicity
rs429358,warfarin,APOE,PharmGKB_CA,3,toxicity
rs2108622,vitamin k and analogues,CYP4F2,PharmGKB_CA,3,metabolism/pk
rs10494366,glimepiride,NOS1AP,PharmGKB_CA,3,toxicity
rs17004921,methotrexate,ADORA2A-AS1,PharmGKB_CA,3,efficacy
rs1057868,sunitinib,POR,PharmGKB_CA,3,efficacy
rs148013902,cyclophosphamide,PIK3R2,PharmGKB_CA,3,toxicity
rs148013902,epirubicin,PIK3R2,PharmGKB_CA,3,toxicity
rs148013902,fluorouracil,PIK3R2,PharmGKB_CA,3,toxicity
rs1799972,cocaine,OPRM1,PharmGKB_CA,3,toxicity
rs1799972,ethanol,OPRM1,PharmGKB_CA,3,toxicity
rs1799972,nicotine,OPRM1,PharmGKB_CA,3,toxicity
rs1044394,ethanol,CHRNA4,PharmGKB_CA,3,toxicity
rs2337980,nicotine,CHRNA7,PharmGKB_CA,3,efficacy
rs1043550,acenocoumarol,CALU,PharmGKB_CA,3,dosage
rs7294,acenocoumarol,VKORC1,PharmGKB_CA,3,other
rs1074287,cotinine,OPRM1,PharmGKB_CA,3,metabolism/pk
rs1074287,nicotine,OPRM1,PharmGKB_CA,3,metabolism/pk
rs510769,cotinine,OPRM1,PharmGKB_CA,3,metabolism/pk
rs510769,nicotine,OPRM1,PharmGKB_CA,3,metabolism/pk
rs3798676,cotinine,OPRM1,PharmGKB_CA,3,metabolism/pk
rs3798676,nicotine,OPRM1,PharmGKB_CA,3,metabolism/pk
rs2276307,atorvastatin,HTR3B,PharmGKB_CA,3,toxicity
rs2276307,pravastatin,HTR3B,PharmGKB_CA,3,toxicity
rs2276307,simvastatin,HTR3B,PharmGKB_CA,3,toxicity
rs5443,hmg coa reductase inhibitors,GNB3,PharmGKB_CA,3,efficacy
rs762551,caffeine,CYP1A2,PharmGKB_CA,3,toxicity
rs9934438,warfarin,VKORC1,PharmGKB_CA,1B,dosage
rs688,atenolol,LDLR,PharmGKB_CA,3,efficacy
rs165599,bupropion,COMT,PharmGKB_CA,3,efficacy
rs1935349,atorvastatin,HTR7,PharmGKB_CA,3,toxicity
rs1935349,hmg coa reductase inhibitors,HTR7,PharmGKB_CA,3,toxicity
rs1935349,pravastatin,HTR7,PharmGKB_CA,3,toxicity
rs1935349,simvastatin,HTR7,PharmGKB_CA,3,toxicity
rs1045642,methotrexate,ABCB1,PharmGKB_CA,3,efficacy;toxicity
rs7992226,methotrexate,NALCN,PharmGKB_CA,3,other
rs10821936,methotrexate,ARID5B,PharmGKB_CA,3,other
rs4846051,methotrexate,MTHFR,PharmGKB_CA,3,toxicity
rs1800909,methotrexate,GGH,PharmGKB_CA,3,efficacy
rs1079598,antipsychotics,DRD2,PharmGKB_CA,3,toxicity
rs1079598,clozapine,DRD2,PharmGKB_CA,3,toxicity
rs1079598,olanzapine,DRD2,PharmGKB_CA,3,toxicity
rs6277,antipsychotics,DRD2,PharmGKB_CA,3,toxicity
rs6277,clozapine,DRD2,PharmGKB_CA,3,toxicity
rs6277,olanzapine,DRD2,PharmGKB_CA,3,toxicity
rs1800497,risperidone,ANKK1;DRD2,PharmGKB_CA,3,toxicity
rs2070744,antihypertensives and diuretics in combination,NOS3,PharmGKB_CA,3,efficacy
rs762551,olanzapine,CYP1A2,PharmGKB_CA,3,efficacy
rs7997012,olanzapine,HTR2A,PharmGKB_CA,3,toxicity
rs1414334,clozapine,HTR2C,PharmGKB_CA,3,toxicity
rs1045642,efavirenz,ABCB1,PharmGKB_CA,3,efficacy;toxicity
rs1045642,nelfinavir,ABCB1,PharmGKB_CA,3,efficacy;toxicity
rs61888800,antidepressants,BDNF,PharmGKB_CA,3,efficacy
rs61888800,desipramine,BDNF,PharmGKB_CA,3,efficacy
rs61888800,fluoxetine,BDNF,PharmGKB_CA,3,efficacy
rs12721627,midazolam,CYP3A4,PharmGKB_CA,3,other
rs290487,repaglinide,TCF7L2,PharmGKB_CA,3,efficacy
rs6539870,etoposide,,PharmGKB_CA,3,toxicity
rs1045642,fexofenadine,ABCB1,PharmGKB_CA,3,dosage
rs9024,doxorubicin,CBR1,PharmGKB_CA,3,dosage;metabolism/pk
rs8187710,doxorubicin,ABCC2,PharmGKB_CA,3,toxicity
rs714368,doxorubicin,SLC22A16,PharmGKB_CA,3,other
rs714368,doxorubicinol,SLC22A16,PharmGKB_CA,3,other
rs20572,doxorubicin,CBR1,PharmGKB_CA,3,metabolism/pk
rs20572,doxorubicinol,CBR1,PharmGKB_CA,3,metabolism/pk
rs7769719,docetaxel,PPARD,PharmGKB_CA,3,efficacy
rs7769719,thalidomide,PPARD,PharmGKB_CA,3,efficacy
rs730720,docetaxel,CHST3,PharmGKB_CA,3,efficacy
rs730720,thalidomide,CHST3,PharmGKB_CA,3,efficacy
rs6922548,docetaxel,PPARD,PharmGKB_CA,3,efficacy
rs6922548,thalidomide,PPARD,PharmGKB_CA,3,efficacy
rs4646487,docetaxel,CYP4B1,PharmGKB_CA,3,toxicity
rs4646487,thalidomide,CYP4B1,PharmGKB_CA,3,toxicity
rs4148950,docetaxel,CHST3,PharmGKB_CA,3,efficacy;toxicity
rs4148950,thalidomide,CHST3,PharmGKB_CA,3,efficacy;toxicity
rs4148947,docetaxel,CHST3,PharmGKB_CA,3,efficacy
rs4148947,thalidomide,CHST3,PharmGKB_CA,3,efficacy
rs4148945,docetaxel,CHST3,PharmGKB_CA,3,efficacy;toxicity
rs4148945,thalidomide,CHST3,PharmGKB_CA,3,efficacy;toxicity
rs4148943,docetaxel,CHST3,PharmGKB_CA,3,efficacy
rs4148943,thalidomide,CHST3,PharmGKB_CA,3,efficacy
rs3734254,docetaxel,PPARD,PharmGKB_CA,3,efficacy
rs3734254,thalidomide,PPARD,PharmGKB_CA,3,efficacy
rs2301159,docetaxel,SLC10A2,PharmGKB_CA,3,toxicity
rs2301159,thalidomide,SLC10A2,PharmGKB_CA,3,toxicity
rs1799735,cisplatin,GSTM3,PharmGKB_CA,3,toxicity
rs1799735,cyclophosphamide,GSTM3,PharmGKB_CA,3,toxicity
rs2292954,docetaxel,SPG7,PharmGKB_CA,3,toxicity
rs2292954,thalidomide,SPG7,PharmGKB_CA,3,toxicity
rs2238472,docetaxel,ABCC6,PharmGKB_CA,3,toxicity
rs2238472,thalidomide,ABCC6,PharmGKB_CA,3,toxicity
rs2227291,docetaxel,ATP7A,PharmGKB_CA,3,toxicity
rs2227291,thalidomide,ATP7A,PharmGKB_CA,3,toxicity
rs2016520,docetaxel,PPARD,PharmGKB_CA,3,efficacy
rs2016520,thalidomide,PPARD,PharmGKB_CA,3,efficacy
rs1883322,docetaxel,PPARD,PharmGKB_CA,3,efficacy
rs1883322,thalidomide,PPARD,PharmGKB_CA,3,efficacy
rs7793837,salbutamol,CRHR2,PharmGKB_CA,3,efficacy
rs2298383,methotrexate,ADORA2A,PharmGKB_CA,3,toxicity
rs2236624,methotrexate,ADORA2A,PharmGKB_CA,3,toxicity
rs2279343,cyclophosphamide,CYP2B6,PharmGKB_CA,3,toxicity
rs2740574,cyclophosphamide,CYP3A4,PharmGKB_CA,3,toxicity
rs8192709,cyclophosphamide,CYP2B6,PharmGKB_CA,3,toxicity
rs9561778,cyclophosphamide,ABCC4,PharmGKB_CA,3,toxicity
rs1799983,cyclophosphamide,NOS3,PharmGKB_CA,3,efficacy
rs1799983,doxorubicin,NOS3,PharmGKB_CA,3,efficacy
rs1799983,fluorouracil,NOS3,PharmGKB_CA,3,efficacy
rs1799983,methotrexate,NOS3,PharmGKB_CA,3,efficacy
rs2070744,cyclophosphamide,NOS3,PharmGKB_CA,3,efficacy
rs2070744,doxorubicin,NOS3,PharmGKB_CA,3,efficacy
rs2070744,fluorouracil,NOS3,PharmGKB_CA,3,efficacy
rs2070744,methotrexate,NOS3,PharmGKB_CA,3,efficacy
rs2072671,cytarabine,CDA,PharmGKB_CA,3,toxicity
rs532545,cytarabine,CDA,PharmGKB_CA,3,efficacy
rs6280,risperidone,DRD3,PharmGKB_CA,3,efficacy
rs70991108,methotrexate,DHFR,PharmGKB_CA,3,toxicity
rs1128503,risperidone,ABCB1,PharmGKB_CA,3,efficacy
rs6311,risperidone,HTR2A,PharmGKB_CA,3,efficacy
rs3813928,risperidone,HTR2C,PharmGKB_CA,3,efficacy
rs7799039,antipsychotics,LEP,PharmGKB_CA,3,toxicity
rs7799039,risperidone,LEP,PharmGKB_CA,3,toxicity
rs2234922,carbamazepine,EPHX1,PharmGKB_CA,3,dosage
rs750332,carbamazepine,BAG6;PRRC2A,PharmGKB_CA,3,toxicity
rs2227956,carbamazepine,HSPA1L,PharmGKB_CA,3,toxicity
rs2236196,nicotine,CHRNA4,PharmGKB_CA,3,other
rs3812718,phenytoin,SCN1A,PharmGKB_CA,3,dosage
rs1042714,carvedilol,ADRB2,PharmGKB_CA,3,efficacy
rs5443,sumatriptan,GNB3,PharmGKB_CA,3,efficacy
rs730012,aspirin,LTC4S,PharmGKB_CA,3,toxicity
rs2236196,nicotine,CHRNA4,PharmGKB_CA,3,other
rs12720441,amiodarone,KCNH2,PharmGKB_CA,3,toxicity
rs2297480,bisphosphonates,FDPS,PharmGKB_CA,3,efficacy
rs9937,gemcitabine,RRM1,PharmGKB_CA,3,efficacy;toxicity
rs2032583,amitriptyline,ABCB1,PharmGKB_CA,3,efficacy
rs2032583,antidepressants,ABCB1,PharmGKB_CA,3,efficacy
rs2032583,citalopram,ABCB1,PharmGKB_CA,3,efficacy
rs2032583,fluvoxamine,ABCB1,PharmGKB_CA,3,efficacy
rs2032583,paroxetine,ABCB1,PharmGKB_CA,3,efficacy
rs2032583,sertraline,ABCB1,PharmGKB_CA,3,efficacy
rs2032583,venlafaxine,ABCB1,PharmGKB_CA,3,efficacy
rs2235015,amitriptyline,ABCB1,PharmGKB_CA,3,efficacy
rs2235015,antidepressants,ABCB1,PharmGKB_CA,3,efficacy
rs2235015,citalopram,ABCB1,PharmGKB_CA,3,efficacy
rs2235015,paroxetine,ABCB1,PharmGKB_CA,3,efficacy
rs2235015,venlafaxine,ABCB1,PharmGKB_CA,3,efficacy
rs11572080,amodiaquine,CYP2C8,PharmGKB_CA,3,toxicity
rs10509681,amodiaquine,CYP2C8,PharmGKB_CA,3,toxicity
rs25531,fluoxetine,SLC6A4,PharmGKB_CA,4,efficacy
rs1127354,azathioprine,ITPA,PharmGKB_CA,3,efficacy
rs1127354,purine analogues,ITPA,PharmGKB_CA,3,efficacy
rs1131873,warfarin,EPHX1,PharmGKB_CA,4,dosage
rs5760410,methotrexate,ADORA2A;SPECC1L,PharmGKB_CA,3,toxicity
rs11545078,methotrexate,GGH,PharmGKB_CA,3,toxicity
rs2814707,tumor necrosis factor alpha (tnf-alpha) inhibitors,MOB3B,PharmGKB_CA,3,efficacy
rs3849942,tumor necrosis factor alpha (tnf-alpha) inhibitors,C9orf72,PharmGKB_CA,3,efficacy
rs437943,tumor necrosis factor alpha (tnf-alpha) inhibitors,ARAP2,PharmGKB_CA,3,efficacy
rs6138150,tumor necrosis factor alpha (tnf-alpha) inhibitors,CST5,PharmGKB_CA,3,efficacy
rs854555,tumor necrosis factor alpha (tnf-alpha) inhibitors,PON1,PharmGKB_CA,3,efficacy
rs854548,tumor necrosis factor alpha (tnf-alpha) inhibitors,PON1,PharmGKB_CA,3,efficacy
rs854547,tumor necrosis factor alpha (tnf-alpha) inhibitors,PON1,PharmGKB_CA,3,efficacy
rs6028945,tumor necrosis factor alpha (tnf-alpha) inhibitors,MAFB,PharmGKB_CA,3,efficacy
rs6071980,tumor necrosis factor alpha (tnf-alpha) inhibitors,MAFB,PharmGKB_CA,3,efficacy
rs983332,tumor necrosis factor alpha (tnf-alpha) inhibitors,CSRP3,PharmGKB_CA,3,efficacy
rs928655,tumor necrosis factor alpha (tnf-alpha) inhibitors,GBP6,PharmGKB_CA,3,efficacy
rs2032582,platinum compounds,ABCB1,PharmGKB_CA,3,toxicity
rs2032582,taxanes,ABCB1,PharmGKB_CA,3,toxicity
rs1695,cisplatin,GSTP1,PharmGKB_CA,3,toxicity
rs1695,oxaliplatin,GSTP1,PharmGKB_CA,3,toxicity
rs1695,platinum compounds,GSTP1,PharmGKB_CA,3,toxicity
rs1695,platinum compounds,GSTP1,PharmGKB_CA,3,efficacy
rs712829,erlotinib,EGFR,PharmGKB_CA,3,efficacy
rs7997012,citalopram,HTR2A,PharmGKB_CA,3,efficacy
rs4149056,simvastatin,SLCO1B1,PharmGKB_CA,1A,toxicity
rs2075252,cisplatin,LRP2,PharmGKB_CA,4,toxicity
rs1695,platinum compounds,GSTP1,PharmGKB_CA,3,toxicity
rs712829,topoisomerase i inhibitors,EGFR,PharmGKB_CA,3,efficacy
rs712829,geldanamycin,EGFR,PharmGKB_CA,3,efficacy
rs712829,alkylating agents,EGFR,PharmGKB_CA,3,efficacy
rs712829,gefitinib,EGFR,PharmGKB_CA,3,efficacy
rs2229109,paclitaxel,ABCB1,PharmGKB_CA,3,other
rs9282564,paclitaxel,ABCB1,PharmGKB_CA,3,other
rs72552784,paclitaxel,ABCB1,PharmGKB_CA,3,other
rs12050217,perindopril,BDKRB1,PharmGKB_CA,3,efficacy
rs275651,perindopril,AGTR1,PharmGKB_CA,3,efficacy
rs5182,perindopril,AGTR1,PharmGKB_CA,3,efficacy
rs10836235,anthracyclines and related substances,CAT,PharmGKB_CA,3,toxicity
rs1056892,anthracyclines and related substances,CBR3,PharmGKB_CA,3,toxicity
rs8133052,doxorubicin,CBR3,PharmGKB_CA,3,efficacy;toxicity
rs2032582,platinum compounds,ABCB1,PharmGKB_CA,3,toxicity
rs2032582,taxanes,ABCB1,PharmGKB_CA,3,toxicity
rs9344,cetuximab,CCND1,PharmGKB_CA,3,efficacy
rs7569963,antidepressants,CREB1;METTL21A,PharmGKB_CA,3,efficacy;toxicity
rs7569963,citalopram,CREB1;METTL21A,PharmGKB_CA,3,efficacy;toxicity
rs742105,clozapine,DTNBP1,PharmGKB_CA,3,efficacy
rs4880,cyclophosphamide,SOD2,PharmGKB_CA,3,efficacy
rs2032582,cyclosporine,ABCB1,PharmGKB_CA,3,efficacy
rs1128503,cyclosporine,ABCB1,PharmGKB_CA,3,dosage
rs3800373,antidepressants,FKBP5,PharmGKB_CA,3,efficacy
rs1360780,antidepressants,FKBP5,PharmGKB_CA,3,efficacy
rs1360780,citalopram,FKBP5,PharmGKB_CA,3,efficacy
rs1360780,clomipramine,FKBP5,PharmGKB_CA,3,efficacy
rs1360780,lithium,FKBP5,PharmGKB_CA,3,efficacy
rs1360780,nefazodone,FKBP5,PharmGKB_CA,3,efficacy
rs1360780,paroxetine,FKBP5,PharmGKB_CA,3,efficacy
rs1360780,venlafaxine,FKBP5,PharmGKB_CA,3,efficacy
rs11045819,fluvastatin,SLCO1B1,PharmGKB_CA,3,efficacy
rs11572103,paclitaxel,CYP2C8,PharmGKB_CA,4,dosage
rs12721627,paclitaxel,CYP3A4,PharmGKB_CA,3,dosage
rs1934951,bisphosphonates,CYP2C8,PharmGKB_CA,4,toxicity
rs1934951,pamidronate,CYP2C8,PharmGKB_CA,4,toxicity
rs1934951,zoledronate,CYP2C8,PharmGKB_CA,4,toxicity
rs11572080,paclitaxel,CYP2C8,PharmGKB_CA,3,other
rs10509681,paclitaxel,CYP2C8,PharmGKB_CA,3,other
rs11572080,paclitaxel,CYP2C8,PharmGKB_CA,3,toxicity
rs1045642,nortriptyline,ABCB1,PharmGKB_CA,3,toxicity
rs1045642,lansoprazole,ABCB1,PharmGKB_CA,3,metabolism/pk
rs1045642,tacrolimus,ABCB1,PharmGKB_CA,3,metabolism/pk
rs2740574,indinavir,CYP3A4,PharmGKB_CA,3,other
rs10042486,fluvoxamine,HTR1A,PharmGKB_CA,3,efficacy
rs10042486,milnacipran,HTR1A,PharmGKB_CA,3,efficacy
rs10042486,paroxetine,HTR1A,PharmGKB_CA,3,efficacy
rs909706,haloperidol,DTNBP1,PharmGKB_CA,3,efficacy
rs4933824,iloperidone,NRG3,PharmGKB_CA,3,toxicity
rs7142881,iloperidone,NUBPL,PharmGKB_CA,3,toxicity
rs4799915,iloperidone,CELF4,PharmGKB_CA,3,toxicity
rs993648,iloperidone,CERKL,PharmGKB_CA,3,toxicity
rs10918594,verapamil,NOS1AP,PharmGKB_CA,3,toxicity
rs762551,leflunomide,CYP1A2,PharmGKB_CA,4,toxicity
rs3213422,leflunomide,DHODH,PharmGKB_CA,3,efficacy
rs3775291,measles vaccines,TLR3,PharmGKB_CA,3,efficacy
rs2076369,methamphetamine,PICK1,PharmGKB_CA,3,toxicity
rs3213207,methamphetamine,DTNBP1,PharmGKB_CA,3,toxicity
rs2619538,methamphetamine,DTNBP1,PharmGKB_CA,3,toxicity
rs2115819,montelukast,ALOX5,PharmGKB_CA,3,efficacy
rs2660845,montelukast,LTA4H,PharmGKB_CA,3,efficacy
rs730012,montelukast,LTC4S,PharmGKB_CA,3,efficacy
rs5443,olanzapine,GNB3,PharmGKB_CA,3,toxicity
rs6313,olanzapine,HTR2A,PharmGKB_CA,3,toxicity
rs6313,olanzapine,HTR2A,PharmGKB_CA,3,efficacy
rs6313,risperidone,HTR2A,PharmGKB_CA,3,efficacy
rs6318,risperidone,HTR2C,PharmGKB_CA,3,toxicity
rs4994,olanzapine,ADRB3,PharmGKB_CA,3,toxicity
rs6280,olanzapine,DRD3,PharmGKB_CA,3,efficacy
rs2284220,salbutamol,CRHR2,PharmGKB_CA,4,efficacy
rs2284220,selective beta-2-adrenoreceptor agonists,CRHR2,PharmGKB_CA,4,efficacy
rs255100,salbutamol,CRHR2,PharmGKB_CA,4,efficacy
rs255100,selective beta-2-adrenoreceptor agonists,CRHR2,PharmGKB_CA,4,efficacy
rs45445694,methotrexate,C18orf56;TYMS,PharmGKB_CA,3,efficacy
rs5443,sildenafil,GNB3,PharmGKB_CA,3,efficacy
rs4680,morphine,COMT,PharmGKB_CA,3,dosage
rs2278293,mycophenolate mofetil,IMPDH1,PharmGKB_CA,4,toxicity
rs1799971,naloxone,OPRM1,PharmGKB_CA,3,efficacy
rs17731538,methotrexate,ABCG2,PharmGKB_CA,3,efficacy
rs246240,methotrexate,ABCC1,PharmGKB_CA,3,toxicity
rs13120400,methotrexate,ABCG2,PharmGKB_CA,3,efficacy
rs9345389,methotrexate,,PharmGKB_CA,3,toxicity
rs4888024,methotrexate,,PharmGKB_CA,3,toxicity
rs5030655,metoprolol,CYP2D6,PharmGKB_CA,3,efficacy
rs3892097,metoprolol,CYP2D6,PharmGKB_CA,3,efficacy
rs1044396,nicotine,CHRNA4,PharmGKB_CA,3,other
rs1367117,irbesartan,APOB,PharmGKB_CA,3,efficacy
rs188052243,fluorouracil,DPYD,PharmGKB_CA,3,other
rs59086055,fluorouracil,DPYD,PharmGKB_CA,1A,other
rs148994843,fluorouracil,DPYD,PharmGKB_CA,1A,other
rs748620513,fluorouracil,DPYD,PharmGKB_CA,3,other
rs143879757,fluorouracil,DPYD,PharmGKB_CA,3,other
rs1212037891,fluorouracil,DPYD,PharmGKB_CA,3,other
rs1128503,tacrolimus,ABCB1,PharmGKB_CA,3,efficacy
rs1801274,rituximab,FCGR2A,PharmGKB_CA,3,efficacy
rs7905446,selective serotonin reuptake inhibitors,HTR7,PharmGKB_CA,3,efficacy
rs12659,imatinib,SLC19A1,PharmGKB_CA,3,toxicity
rs1051266,imatinib,SLC19A1,PharmGKB_CA,3,toxicity
rs1934341,allopurinol,GREM2,PharmGKB_CA,3,efficacy
rs1057910,losartan,CYP2C9,PharmGKB_CA,3,efficacy
rs1800497,ethanol,ANKK1;DRD2,PharmGKB_CA,3,toxicity
rs1128503,phenytoin,ABCB1,PharmGKB_CA,3,other
rs1695,cisplatin,GSTP1,PharmGKB_CA,3,efficacy
rs1695,cyclophosphamide,GSTP1,PharmGKB_CA,3,efficacy
rs4149056,cerivastatin,SLCO1B1,PharmGKB_CA,3,toxicity
rs1050828,artesunate,G6PD,PharmGKB_CA,4,toxicity
rs1050828,chlorproguanil,G6PD,PharmGKB_CA,4,toxicity
rs1050828,dapsone,G6PD,PharmGKB_CA,4,toxicity
rs1127354,azathioprine,DDRGK1;ITPA,PharmGKB_CA,3,efficacy
rs532545,cytarabine,CDA,PharmGKB_CA,3,toxicity
rs712829,erlotinib,EGFR,PharmGKB_CA,3,toxicity
rs45445694,methotrexate,TYMS,PharmGKB_CA,3,efficacy
rs3212986,platinum compounds,ERCC1,PharmGKB_CA,4,efficacy
rs2032582,cyclosporine,ABCB1,PharmGKB_CA,3,dosage
rs9679162,cisplatin,GALNT14,PharmGKB_CA,3,efficacy
rs9679162,fluorouracil,GALNT14,PharmGKB_CA,3,efficacy
rs9679162,mitoxantrone,GALNT14,PharmGKB_CA,3,efficacy
rs9657182,"interferon alfa-2a, recombinant",IDO1,PharmGKB_CA,3,toxicity
rs9657182,peginterferon alfa-2b,IDO1,PharmGKB_CA,3,toxicity
rs9597,cisplatin,UBE2I,PharmGKB_CA,3,efficacy
rs9597,irinotecan,UBE2I,PharmGKB_CA,3,efficacy
rs1695,oxaliplatin,GSTP1,PharmGKB_CA,4,efficacy
rs9561778,cyclophosphamide,ABCC4,PharmGKB_CA,3,toxicity
rs9561778,doxorubicin,ABCC4,PharmGKB_CA,3,toxicity
rs9561778,fluorouracil,ABCC4,PharmGKB_CA,3,toxicity
rs9514091,anthracyclines and related substances,SLC10A2,PharmGKB_CA,4,toxicity
rs943580,"antiinflammatory agents, non-steroids",AGT,PharmGKB_CA,3,toxicity
rs9349256,tenofovir,ABCC10,PharmGKB_CA,3,toxicity
rs1042028,conjugated estrogens,SULT1A1,PharmGKB_CA,3,toxicity
rs3745274,nevirapine,CYP2B6,PharmGKB_CA,2A,metabolism/pk
rs113993960,ivacaftor,CFTR,PharmGKB_CA,4,efficacy
rs1799971,naltrexone,OPRM1,PharmGKB_CA,4,efficacy
rs1127354,"interferon alfa-2b, recombinant",ITPA,PharmGKB_CA,3,dosage
rs1127354,ribavirin,ITPA,PharmGKB_CA,3,dosage
rs745364489,succinylcholine,BCHE,PharmGKB_CA,3,toxicity
rs1979277,methotrexate,SHMT1,PharmGKB_CA,3,toxicity
rs6311,antidepressants,HTR2A,PharmGKB_CA,3,toxicity
rs6311,antidepressants,HTR2A,PharmGKB_CA,4,efficacy
rs6313,antidepressants,HTR2A,PharmGKB_CA,3,toxicity
rs7997012,antidepressants,HTR2A,PharmGKB_CA,3,efficacy
rs2032582,cyclophosphamide,ABCB1,PharmGKB_CA,3,efficacy
rs2032582,doxorubicin,ABCB1,PharmGKB_CA,3,efficacy
rs5219,"sulfonamides, urea derivatives",KCNJ11,PharmGKB_CA,3,efficacy
rs2072671,gemcitabine,CDA,PharmGKB_CA,3,toxicity
rs2072671,paclitaxel,CDA,PharmGKB_CA,3,toxicity
rs35516286,elexacaftor,CFTR,PharmGKB_CA,1A,efficacy
rs35516286,tezacaftor,CFTR,PharmGKB_CA,1A,efficacy
rs35516286,ivacaftor,CFTR,PharmGKB_CA,1A,efficacy
rs35516286,ivacaftor,CFTR,PharmGKB_CA,1A,efficacy
rs397508573,elexacaftor,CFTR,PharmGKB_CA,1A,efficacy
rs397508573,tezacaftor,CFTR,PharmGKB_CA,1A,efficacy
rs397508573,ivacaftor,CFTR,PharmGKB_CA,1A,efficacy
rs397508573,ivacaftor,CFTR,PharmGKB_CA,1A,efficacy
rs1800076,elexacaftor,CFTR,PharmGKB_CA,1A,efficacy
rs1800076,tezacaftor,CFTR,PharmGKB_CA,1A,efficacy
rs1800076,ivacaftor,CFTR,PharmGKB_CA,1A,efficacy
rs1800076,ivacaftor,CFTR,PharmGKB_CA,1A,efficacy
rs80224560,elexacaftor,CFTR,PharmGKB_CA,1A,efficacy
rs80224560,tezacaftor,CFTR,PharmGKB_CA,1A,efficacy
rs80224560,ivacaftor,CFTR,PharmGKB_CA,1A,efficacy
rs80224560,ivacaftor,CFTR,PharmGKB_CA,1A,efficacy
rs1128503,temozolomide,ABCB1,PharmGKB_CA,3,metabolism/pk
rs186089140,elexacaftor,CFTR,PharmGKB_CA,1A,efficacy
rs186089140,tezacaftor,CFTR,PharmGKB_CA,1A,efficacy
rs186089140,ivacaftor,CFTR,PharmGKB_CA,1A,efficacy
rs186089140,ivacaftor,CFTR,PharmGKB_CA,1A,efficacy
rs397508572,elexacaftor,CFTR,PharmGKB_CA,1A,efficacy
rs397508572,tezacaftor,CFTR,PharmGKB_CA,1A,efficacy
rs397508572,ivacaftor,CFTR,PharmGKB_CA,1A,efficacy
rs397508572,ivacaftor,CFTR,PharmGKB_CA,1A,efficacy
rs75039782,elexacaftor,CFTR,PharmGKB_CA,1A,efficacy
rs75039782,tezacaftor,CFTR,PharmGKB_CA,1A,efficacy
rs75039782,ivacaftor,CFTR,PharmGKB_CA,1A,efficacy
rs75039782,ivacaftor,CFTR,PharmGKB_CA,1A,efficacy
rs36210737,elexacaftor,CFTR,PharmGKB_CA,1A,efficacy
rs36210737,tezacaftor,CFTR,PharmGKB_CA,1A,efficacy
rs36210737,ivacaftor,CFTR,PharmGKB_CA,1A,efficacy
rs77932196,elexacaftor,CFTR,PharmGKB_CA,1A,efficacy
rs77932196,tezacaftor,CFTR,PharmGKB_CA,1A,efficacy
rs77932196,ivacaftor,CFTR,PharmGKB_CA,1A,efficacy
rs1801394,methotrexate,MTRR,PharmGKB_CA,3,toxicity
rs4680,nicotine,COMT,PharmGKB_CA,3,efficacy
rs11568315,gefitinib,EGFR,PharmGKB_CA,3,efficacy
rs1801133,cisplatin,MTHFR,PharmGKB_CA,3,toxicity
rs1801133,oxaliplatin,MTHFR,PharmGKB_CA,3,toxicity
rs1801133,platinum compounds,MTHFR,PharmGKB_CA,3,toxicity
rs104894540,warfarin,VKORC1,PharmGKB_CA,3,dosage
rs115232898,fluorouracil,DPYD,PharmGKB_CA,1A,other
rs1801160,capecitabine,DPYD,PharmGKB_CA,1A,toxicity
rs1801159,capecitabine,DPYD,PharmGKB_CA,1A,toxicity
rs2297595,capecitabine,DPYD,PharmGKB_CA,1A,toxicity
rs56038477,capecitabine,DPYD,PharmGKB_CA,1A,toxicity
rs75017182,fluorouracil,DPYD,PharmGKB_CA,1A,other
rs116855232,mercaptopurine,NUDT15,PharmGKB_CA,1A,dosage
rs4961,diuretics,ADD1,PharmGKB_CA,3,efficacy
rs4961,furosemide,ADD1,PharmGKB_CA,3,efficacy
rs4961,spironolactone,ADD1,PharmGKB_CA,3,efficacy
rs5751876,caffeine,ADORA2A,PharmGKB_CA,3,toxicity
rs6280,clozapine,DRD3,PharmGKB_CA,3,efficacy
rs67376798,fluorouracil,DPYD,PharmGKB_CA,1A,toxicity
rs6759892,valproic acid,UGT1A10;UGT1A6;UGT1A7;UGT1A8;UGT1A9,PharmGKB_CA,3,dosage
rs717620,antiepileptics,ABCC2,PharmGKB_CA,4,efficacy
rs7412,"antivirals for treatment of hiv infections, combinations",APOE,PharmGKB_CA,3,toxicity
rs7412,ritonavir,APOE,PharmGKB_CA,3,toxicity
rs776746,tacrolimus,CYP3A5,PharmGKB_CA,3,toxicity
rs776746,nevirapine,CYP3A5,PharmGKB_CA,4,other
rs7439366,efavirenz,UGT2B7,PharmGKB_CA,4,other
rs9977268,methotrexate,SLC19A1,PharmGKB_CA,3,efficacy
rs6275,methadone,DRD2,PharmGKB_CA,3,dosage
rs776746,efavirenz,CYP3A5,PharmGKB_CA,4,other
rs20417,aspirin,PTGS2,PharmGKB_CA,3,efficacy
rs2032582,antiepileptics,ABCB1,PharmGKB_CA,4,efficacy
rs1045642,paclitaxel,ABCB1,PharmGKB_CA,4,efficacy
rs1045642,cyclosporine,ABCB1,PharmGKB_CA,3,metabolism/pk
rs1045642,phenytoin,ABCB1,PharmGKB_CA,3,efficacy
rs1045642,phenytoin,ABCB1,PharmGKB_CA,3,dosage
rs1045642,clopidogrel,ABCB1,PharmGKB_CA,3,efficacy;toxicity;metabolism/pk
rs1045642,digoxin,ABCB1,PharmGKB_CA,3,metabolism/pk
rs1045642,cisplatin,ABCB1,PharmGKB_CA,4,efficacy
rs1045642,fluorouracil,ABCB1,PharmGKB_CA,4,efficacy
rs1045642,fluorouracil,ABCB1,PharmGKB_CA,4,toxicity
rs1045642,dicloxacillin,ABCB1,PharmGKB_CA,3,other
rs1801133,mercaptopurine,MTHFR,PharmGKB_CA,4,toxicity
rs4149056,rosuvastatin,SLCO1B1,PharmGKB_CA,1A,metabolism/pk
rs71647871,clopidogrel,CES1,PharmGKB_CA,2B,efficacy
rs3788853,"ace inhibitors, plain",XPNPEP2,PharmGKB_CA,3,toxicity
rs67376798,fluorouracil,DPYD,PharmGKB_CA,1A,other
rs67376798,capecitabine,DPYD,PharmGKB_CA,1A,toxicity
rs75017182,capecitabine,DPYD,PharmGKB_CA,1A,toxicity
rs78060119,fluorouracil,DPYD,PharmGKB_CA,1A,other
rs3918290,capecitabine,DPYD,PharmGKB_CA,1A,toxicity
rs3918290,fluorouracil,DPYD,PharmGKB_CA,1A,other
rs55886062,fluorouracil,DPYD,PharmGKB_CA,1A,other
rs55886062,capecitabine,DPYD,PharmGKB_CA,1A,toxicity
rs1695,cyclophosphamide,GSTP1,PharmGKB_CA,3,efficacy
rs6535454,atorvastatin,COQ2,PharmGKB_CA,3,toxicity
rs6535454,hmg coa reductase inhibitors,COQ2,PharmGKB_CA,3,toxicity
rs6535454,rosuvastatin,COQ2,PharmGKB_CA,3,toxicity
rs7858836,fentanyl,ASTN2,PharmGKB_CA,3,dosage
rs267606619,streptomycin,MT-RNR1,PharmGKB_CA,1A,toxicity
rs267606619,gentamicin,MT-RNR1,PharmGKB_CA,1A,toxicity
rs267606619,micronomicin,MT-ND1;MT-RNR1,PharmGKB_CA,3,toxicity
rs958804,fentanyl,ASTN2,PharmGKB_CA,3,dosage
rs1695,mercaptopurine,GSTP1,PharmGKB_CA,3,toxicity
rs1695,methotrexate,GSTP1,PharmGKB_CA,3,toxicity
rs267606619,tobramycin,MT-RNR1,PharmGKB_CA,1A,toxicity
rs267606618,gentamicin,MT-RNR1,PharmGKB_CA,1A,toxicity
rs267606618,kanamycin,MT-RNR1,PharmGKB_CA,1A,toxicity
rs1556422499,aminoglycoside antibacterials,MT-RNR1,PharmGKB_CA,3,toxicity
rs267606617,gentamicin,MT-RNR1,PharmGKB_CA,1A,toxicity
rs1603218569,aminoglycoside antibacterials,MT-ND1;MT-RNR1,PharmGKB_CA,3,toxicity
rs2307240,clopidogrel,CES1,PharmGKB_CA,3,efficacy
rs28358572,aminoglycoside antibacterials,,PharmGKB_CA,3,toxicity
rs2304016,carbamazepine,SCN2A,PharmGKB_CA,3,efficacy
rs28898617,valproic acid,UGT1A10;UGT1A3;UGT1A4;UGT1A5;UGT1A6;UGT1A7;UGT1A8;UGT1A9,PharmGKB_CA,3,metabolism/pk
rs2298771,carbamazepine,SCN1A,PharmGKB_CA,4,efficacy
rs2298771,clobazam,SCN1A,PharmGKB_CA,4,efficacy
rs2298771,ethosuximide,SCN1A,PharmGKB_CA,4,efficacy
rs2298771,lamotrigine,SCN1A,PharmGKB_CA,4,efficacy
rs2298771,levetiracetam,SCN1A,PharmGKB_CA,4,efficacy
rs2298771,oxcarbazepine,SCN1A,PharmGKB_CA,4,efficacy
rs2298771,valproic acid,SCN1A,PharmGKB_CA,4,efficacy
rs1829346,platinum compounds,,PharmGKB_CA,3,toxicity
rs1829346,radiotherapy,,PharmGKB_CA,3,toxicity
rs36080650,platinum compounds,,PharmGKB_CA,3,toxicity
rs36080650,radiotherapy,,PharmGKB_CA,3,toxicity
rs73594404,platinum compounds,,PharmGKB_CA,3,toxicity
rs73594404,radiotherapy,,PharmGKB_CA,3,toxicity
rs2027701,platinum compounds,,PharmGKB_CA,3,toxicity
rs2027701,radiotherapy,,PharmGKB_CA,3,toxicity
rs1045642,oxcarbazepine,ABCB1,PharmGKB_CA,3,efficacy;metabolism/pk
rs2740574,cyclosporine,CYP3A4,PharmGKB_CA,3,toxicity
rs2740574,tacrolimus,CYP3A4,PharmGKB_CA,3,toxicity
rs3814055,sirolimus,NR1I2,PharmGKB_CA,3,toxicity;metabolism/pk
rs3814055,temsirolimus,NR1I2,PharmGKB_CA,3,toxicity;metabolism/pk
rs2075685,fluorouracil,TMEM167A;XRCC4,PharmGKB_CA,3,efficacy
rs2075685,platinum compounds,TMEM167A;XRCC4,PharmGKB_CA,3,efficacy
rs2075685,radiotherapy,TMEM167A;XRCC4,PharmGKB_CA,3,efficacy
rs324899,lithium,,PharmGKB_CA,3,efficacy
rs6942227,lithium,,PharmGKB_CA,3,efficacy
rs1611259,lithium,,PharmGKB_CA,3,efficacy
rs59724122,lithium,EPHX2,PharmGKB_CA,3,efficacy
rs61123830,lithium,GRAMD1B,PharmGKB_CA,3,efficacy
rs7959663,lithium,MYO1H,PharmGKB_CA,3,efficacy
rs66486766,lithium,,PharmGKB_CA,3,efficacy
rs7405404,lithium,,PharmGKB_CA,3,efficacy
rs6728642,lithium,FAM178B,PharmGKB_CA,3,efficacy
rs62200793,lithium,ZNF804A,PharmGKB_CA,3,efficacy
rs7588746,lithium,,PharmGKB_CA,3,efficacy
rs2304016,lamotrigine,SCN2A,PharmGKB_CA,3,efficacy
rs3734704,bevacizumab,HSP90AB1,PharmGKB_CA,3,toxicity
rs6929249,bevacizumab,HSP90AB1,PharmGKB_CA,3,toxicity
rs834576,bevacizumab,HSP90AB1,PharmGKB_CA,3,toxicity
rs9381299,bevacizumab,PRKCA,PharmGKB_CA,3,toxicity
rs13137622,methotrexate,ABCG2,PharmGKB_CA,3,metabolism/pk
rs2304016,phenytoin,SCN2A,PharmGKB_CA,3,efficacy
rs2304016,topiramate,SCN2A,PharmGKB_CA,3,efficacy
rs1556422499,streptomycin,MT-RNR1,PharmGKB_CA,3,toxicity
rs1556422499,dihydrostreptomycin,MT-RNR1,PharmGKB_CA,3,toxicity
rs4680,buprenorphine,COMT,PharmGKB_CA,3,toxicity
rs4680,fentanyl,COMT,PharmGKB_CA,3,toxicity
rs4680,tramadol,COMT,PharmGKB_CA,3,toxicity
rs267606617,kanamycin,MT-RNR1,PharmGKB_CA,1A,toxicity
rs267606617,amikacin,MT-RNR1,PharmGKB_CA,1A,toxicity
rs267606617,tobramycin,MT-RNR1,PharmGKB_CA,1A,toxicity
rs2069514,caffeine,CYP1A2,PharmGKB_CA,3,metabolism/pk
rs1045642,tramadol,ABCB1,PharmGKB_CA,3,metabolism/pk
rs2032582,tramadol,ABCB1,PharmGKB_CA,3,metabolism/pk
rs1128503,tramadol,ABCB1,PharmGKB_CA,3,metabolism/pk
rs724710,corticosteroids,BCL2L11,PharmGKB_CA,3,toxicity
rs2241843,corticosteroids,BCL2L11,PharmGKB_CA,3,toxicity
rs13058338,idarubicin,RAC2,PharmGKB_CA,3,efficacy
rs274558,imatinib,SLC22A5,PharmGKB_CA,3,toxicity
rs683369,imatinib,SLC22A1,PharmGKB_CA,3,toxicity
rs36029,"3,4-methylenedioxymethamphetamine",SLC6A2,PharmGKB_CA,3,other
rs1861647,"3,4-methylenedioxymethamphetamine",SLC6A2,PharmGKB_CA,3,other
rs2231142,methotrexate,ABCG2,PharmGKB_CA,3,toxicity
rs589046,cotinine,OPRM1,PharmGKB_CA,3,metabolism/pk
rs589046,nicotine,OPRM1,PharmGKB_CA,3,metabolism/pk
rs7668282,morphine,UGT2B7,PharmGKB_CA,3,metabolism/pk
rs5186,atorvastatin,AGTR1,PharmGKB_CA,3,metabolism/pk
rs2070959,aspirin,UGT1A6,PharmGKB_CA,3,efficacy
rs2734583,allopurinol,,PharmGKB_CA,3,toxicity
rs2233678,oxaliplatin,PIN1,PharmGKB_CA,3,efficacy
rs11606194,nicotine,HTR3B,PharmGKB_CA,3,toxicity
rs2873804,bupropion,DBH,PharmGKB_CA,3,efficacy
rs6706232,risperidone,UGT1A10;UGT1A3;UGT1A4;UGT1A5;UGT1A6;UGT1A7;UGT1A8;UGT1A9,PharmGKB_CA,3,efficacy
rs10012,risperidone,CYP1B1,PharmGKB_CA,3,efficacy
rs6280,risperidone,DRD3,PharmGKB_CA,3,efficacy
rs2298897,heroin,OPRD1,PharmGKB_CA,3,toxicity
rs1799971,antidepressants,OPRM1,PharmGKB_CA,3,toxicity
rs1799971,antipsychotics,OPRM1,PharmGKB_CA,3,toxicity
rs1799971,benzodiazepine derivatives,OPRM1,PharmGKB_CA,3,toxicity
rs1799971,opioids,OPRM1,PharmGKB_CA,3,toxicity
rs1799971,sympathomimetics,OPRM1,PharmGKB_CA,3,toxicity
rs3852209,nicotine,HINT1,PharmGKB_CA,3,other
rs1051730,drugs used in nicotine dependence,CHRNA3,PharmGKB_CA,3,dosage
rs1051730,nicotine,CHRNA3,PharmGKB_CA,3,dosage
rs2514218,aripiprazole,DRD2,PharmGKB_CA,3,efficacy
rs2514218,risperidone,DRD2,PharmGKB_CA,3,efficacy
rs2768759,aspirin,NTRK1;PEAR1,PharmGKB_CA,3,efficacy
rs2768759,prasugrel,NTRK1;PEAR1,PharmGKB_CA,3,efficacy
rs351855,everolimus,FGFR4,PharmGKB_CA,3,efficacy
rs6277,nicotine,DRD2,PharmGKB_CA,3,efficacy
rs10055255,ethanol,CRHBP,PharmGKB_CA,3,toxicity
rs3787140,nicotine,CHRNA4,PharmGKB_CA,3,toxicity
rs2228130,gemcitabine,POLR2A,PharmGKB_CA,3,toxicity
rs2032582,tacrolimus,ABCB1,PharmGKB_CA,3,efficacy
rs524731,heroin,OPRM1,PharmGKB_CA,3,toxicity
rs524731,opioids,OPRM1,PharmGKB_CA,3,toxicity
rs1799971,nicotine,OPRM1,PharmGKB_CA,3,toxicity
rs3778150,heroin,OPRM1,PharmGKB_CA,3,toxicity
rs10485057,nicotine,OPRM1,PharmGKB_CA,3,toxicity
rs28358569,streptomycin,MT-RNR1,PharmGKB_CA,3,toxicity
rs28358569,gentamicin,MT-RNR1,PharmGKB_CA,3,toxicity
rs1800497,ethanol,DRD2,PharmGKB_CA,3,dosage
rs17614642,bupropion,FKBP5,PharmGKB_CA,3,efficacy
rs17584499,pioglitazone,PTPRD,PharmGKB_CA,3,efficacy
rs738409,ethanol,PNPLA3,PharmGKB_CA,3,toxicity
rs1042028,desmethylnaproxen,SULT1A1,PharmGKB_CA,3,metabolism/pk
rs7439366,oxycodone,UGT2B7,PharmGKB_CA,3,efficacy
rs9923231,warfarin,VKORC1,PharmGKB_CA,2A,toxicity
rs2032582,pravastatin,ABCB1,PharmGKB_CA,3,efficacy
rs11872992,olanzapine,MC4R,PharmGKB_CA,3,toxicity
rs2268639,olanzapine,GLP1R,PharmGKB_CA,3,toxicity
rs1208,isoniazid,NAT2,PharmGKB_CA,3,toxicity
rs1208,phenytoin,NAT2,PharmGKB_CA,3,toxicity
rs1800566,warfarin,NQO1,PharmGKB_CA,3,efficacy
rs150688309,cyclophosphamide,PIK3R2,PharmGKB_CA,3,toxicity
rs150688309,epirubicin,PIK3R2,PharmGKB_CA,3,toxicity
rs150688309,fluorouracil,PIK3R2,PharmGKB_CA,3,toxicity
rs79430272,cyclophosphamide,PIK3R2,PharmGKB_CA,3,toxicity
rs79430272,epirubicin,PIK3R2,PharmGKB_CA,3,toxicity
rs79430272,fluorouracil,PIK3R2,PharmGKB_CA,3,toxicity
rs58695150,cyclophosphamide,PIK3R2,PharmGKB_CA,3,toxicity
rs58695150,epirubicin,PIK3R2,PharmGKB_CA,3,toxicity
rs58695150,fluorouracil,PIK3R2,PharmGKB_CA,3,toxicity
rs8110364,cyclophosphamide,PIK3R2,PharmGKB_CA,3,toxicity
rs8110364,epirubicin,PIK3R2,PharmGKB_CA,3,toxicity
rs8110364,fluorouracil,PIK3R2,PharmGKB_CA,3,toxicity
rs74743371,cyclophosphamide,CBR3,PharmGKB_CA,3,toxicity
rs74743371,epirubicin,CBR3,PharmGKB_CA,3,toxicity
rs74743371,fluorouracil,CBR3,PharmGKB_CA,3,toxicity
rs267606619,kanamycin,MT-RNR1,PharmGKB_CA,1A,toxicity
rs12208357,metformin,SLC22A1,PharmGKB_CA,3,metabolism/pk
rs267606618,streptomycin,MT-RNR1,PharmGKB_CA,1A,toxicity
rs237025,tacrolimus,SUMO4,PharmGKB_CA,3,metabolism/pk
rs9906827,everolimus,RPTOR,PharmGKB_CA,3,efficacy;toxicity
rs2032582,everolimus,ABCB1,PharmGKB_CA,3,toxicity
rs1045642,everolimus,ABCB1,PharmGKB_CA,3,toxicity
rs10877012,deferasirox,CYP27B1,PharmGKB_CA,3,efficacy
rs1937840,doxorubicin,AKR1C3,PharmGKB_CA,3,other
rs9943291,chlorothiazide,HMGCS2,PharmGKB_CA,3,toxicity
rs9943291,hydrochlorothiazide,HMGCS2,PharmGKB_CA,3,toxicity
rs28358571,streptomycin,,PharmGKB_CA,3,toxicity
rs28358571,kanamycin,,PharmGKB_CA,3,toxicity
rs2032582,methylphenidate,ABCB1,PharmGKB_CA,3,toxicity
rs1045642,bleomycin,ABCB1,PharmGKB_CA,3,toxicity
rs1045642,cisplatin,ABCB1,PharmGKB_CA,3,toxicity
rs1045642,etoposide,ABCB1,PharmGKB_CA,3,toxicity
rs2740574,bleomycin,CYP3A4,PharmGKB_CA,3,toxicity
rs2740574,cisplatin,CYP3A4,PharmGKB_CA,3,toxicity
rs2740574,etoposide,CYP3A4,PharmGKB_CA,3,toxicity
rs6912029,cotinine,OPRM1,PharmGKB_CA,3,metabolism/pk
rs6912029,nicotine,OPRM1,PharmGKB_CA,3,metabolism/pk
rs4149056,simvastatin,SLCO1B1,PharmGKB_CA,1A,metabolism/pk
rs4149056,simvastatin acid,SLCO1B1,PharmGKB_CA,1A,metabolism/pk
rs11574077,irinotecan,VDR,PharmGKB_CA,3,metabolism/pk
rs115457081,cyclophosphamide,IRS1,PharmGKB_CA,3,toxicity
rs115457081,epirubicin,IRS1,PharmGKB_CA,3,toxicity
rs115457081,fluorouracil,IRS1,PharmGKB_CA,3,toxicity
rs112242273,cyclophosphamide,GNL3,PharmGKB_CA,3,toxicity
rs112242273,epirubicin,GNL3,PharmGKB_CA,3,toxicity
rs112242273,fluorouracil,GNL3,PharmGKB_CA,3,toxicity
rs299293,cyclophosphamide,HMMR,PharmGKB_CA,3,toxicity
rs299293,epirubicin,HMMR,PharmGKB_CA,3,toxicity
rs299293,fluorouracil,HMMR,PharmGKB_CA,3,toxicity
rs299314,cyclophosphamide,HMMR,PharmGKB_CA,3,toxicity
rs299314,epirubicin,HMMR,PharmGKB_CA,3,toxicity
rs299314,fluorouracil,HMMR,PharmGKB_CA,3,toxicity
rs3805945,cyclophosphamide,PPP2R5D,PharmGKB_CA,3,toxicity
rs3805945,epirubicin,PPP2R5D,PharmGKB_CA,3,toxicity
rs3805945,fluorouracil,PPP2R5D,PharmGKB_CA,3,toxicity
rs78428806,cyclophosphamide,PERP,PharmGKB_CA,3,toxicity
rs78428806,epirubicin,PERP,PharmGKB_CA,3,toxicity
rs78428806,fluorouracil,PERP,PharmGKB_CA,3,toxicity
rs117101815,cyclophosphamide,PERP,PharmGKB_CA,3,toxicity
rs117101815,epirubicin,PERP,PharmGKB_CA,3,toxicity
rs117101815,fluorouracil,PERP,PharmGKB_CA,3,toxicity
rs9402944,cyclophosphamide,PERP,PharmGKB_CA,3,toxicity
rs9402944,epirubicin,PERP,PharmGKB_CA,3,toxicity
rs9402944,fluorouracil,PERP,PharmGKB_CA,3,toxicity
rs9389568,cyclophosphamide,PERP,PharmGKB_CA,3,toxicity
rs9389568,epirubicin,PERP,PharmGKB_CA,3,toxicity
rs9389568,fluorouracil,PERP,PharmGKB_CA,3,toxicity
rs117458836,cyclophosphamide,CYP2C8,PharmGKB_CA,3,toxicity
rs117458836,epirubicin,CYP2C8,PharmGKB_CA,3,toxicity
rs117458836,fluorouracil,CYP2C8,PharmGKB_CA,3,toxicity
rs118088833,cyclophosphamide,TP53AIP1,PharmGKB_CA,3,toxicity
rs118088833,epirubicin,TP53AIP1,PharmGKB_CA,3,toxicity
rs118088833,fluorouracil,TP53AIP1,PharmGKB_CA,3,toxicity
rs149212925,cyclophosphamide,NOS1,PharmGKB_CA,3,toxicity
rs149212925,epirubicin,NOS1,PharmGKB_CA,3,toxicity
rs149212925,fluorouracil,NOS1,PharmGKB_CA,3,toxicity
rs144991623,cyclophosphamide,FOXO1,PharmGKB_CA,3,toxicity
rs144991623,epirubicin,FOXO1,PharmGKB_CA,3,toxicity
rs144991623,fluorouracil,FOXO1,PharmGKB_CA,3,toxicity
rs181501757,cyclophosphamide,TOP2A,PharmGKB_CA,3,toxicity
rs181501757,epirubicin,TOP2A,PharmGKB_CA,3,toxicity
rs181501757,fluorouracil,TOP2A,PharmGKB_CA,3,toxicity
rs142244113,cyclophosphamide,INSR,PharmGKB_CA,3,toxicity
rs142244113,epirubicin,INSR,PharmGKB_CA,3,toxicity
rs142244113,fluorouracil,INSR,PharmGKB_CA,3,toxicity
rs5219,"sulfonamides, urea derivatives",KCNJ11,PharmGKB_CA,3,efficacy
rs757110,"sulfonamides, urea derivatives",ABCC8;KCNJ11,PharmGKB_CA,3,efficacy
rs1803274,donepezil,BCHE,PharmGKB_CA,3,efficacy
rs1056827,risperidone,CYP1B1,PharmGKB_CA,3,efficacy
rs200707504,oseltamivir,CES1,PharmGKB_CA,3,metabolism/pk
rs12459996,glatiramer acetate,,PharmGKB_CA,3,toxicity
rs1056854,glatiramer acetate,,PharmGKB_CA,3,toxicity
rs75041078,glatiramer acetate,,PharmGKB_CA,3,toxicity
rs2231142,methotrexate,ABCG2,PharmGKB_CA,4,metabolism/pk
rs4818,risperidone,COMT,PharmGKB_CA,3,efficacy
rs4680,risperidone,COMT,PharmGKB_CA,4,efficacy
rs3740065,methotrexate,ABCC2,PharmGKB_CA,4,metabolism/pk
rs11568626,adefovir dipivoxil,SLC22A6,PharmGKB_CA,4,other
rs11568626,cidofovir,SLC22A6,PharmGKB_CA,4,other
rs11568626,tenofovir,SLC22A6,PharmGKB_CA,4,other
rs11568634,adefovir dipivoxil,SLC22A6,PharmGKB_CA,4,other
rs9787901,imatinib,CHST1,PharmGKB_CA,3,toxicity
rs10517,imatinib,NQO1,PharmGKB_CA,3,efficacy
rs1041983,isoniazid,NAT2,PharmGKB_CA,3,toxicity
rs1041983,phenytoin,NAT2,PharmGKB_CA,3,toxicity
rs1799929,isoniazid,NAT2,PharmGKB_CA,3,toxicity
rs1799929,phenytoin,NAT2,PharmGKB_CA,3,toxicity
rs10485057,nicotine,OPRM1,PharmGKB_CA,3,dosage
rs1799971,nicotine,OPRM1,PharmGKB_CA,4,toxicity
rs1799971,cocaine,OPRM1,PharmGKB_CA,4,toxicity
rs10432303,ethanol,PIP5K1C,PharmGKB_CA,3,toxicity
rs8109485,ethanol,PIP5K1C,PharmGKB_CA,3,toxicity
rs10405681,ethanol,PIP5K1C,PharmGKB_CA,3,toxicity
rs1042718,fentanyl,ADRB2,PharmGKB_CA,3,other
rs4680,fentanyl,COMT,PharmGKB_CA,3,toxicity
rs367398,allopurinol,NOTCH4,PharmGKB_CA,3,toxicity
rs1799931,isoniazid,NAT2,PharmGKB_CA,3,toxicity
rs1799931,phenytoin,NAT2,PharmGKB_CA,3,toxicity
rs1128503,sirolimus,ABCB1,PharmGKB_CA,3,metabolism/pk
rs1128503,temsirolimus,ABCB1,PharmGKB_CA,3,metabolism/pk
rs1799971,alfentanil,OPRM1,PharmGKB_CA,3,efficacy
rs1799971,alfentanil,OPRM1,PharmGKB_CA,3,metabolism/pk
rs1799971,opioids,OPRM1,PharmGKB_CA,3,efficacy
rs6920220,tumor necrosis factor alpha (tnf-alpha) inhibitors,SH3BP2;TNFAIP3,PharmGKB_CA,3,efficacy
rs1456862,nicotine,ADGRL3,PharmGKB_CA,3,toxicity
rs2736308,bisphosphonates,,PharmGKB_CA,3,toxicity
rs767263838,morphine,SULT1A3,PharmGKB_CA,3,metabolism/pk
rs767263838,tapentadol,SULT1A3,PharmGKB_CA,3,metabolism/pk
rs767263838,o-desmethyltramadol,SULT1A3,PharmGKB_CA,3,metabolism/pk
rs767263838,tramadol,SULT1A3,PharmGKB_CA,3,metabolism/pk
rs757573592,acetaminophen,SULT1A3;SULT1A4,PharmGKB_CA,3,metabolism/pk
rs757573592,morphine,SULT1A3;SULT1A4,PharmGKB_CA,3,metabolism/pk
rs1709083,nicotine,CYP2A13,PharmGKB_CA,3,toxicity
rs28399433,nicotine,CYP2A6,PharmGKB_CA,3,toxicity
rs6700741,duloxetine,,PharmGKB_CA,3,efficacy
rs4971678,duloxetine,NRXN1,PharmGKB_CA,3,efficacy
rs12094644,duloxetine,,PharmGKB_CA,3,efficacy
rs78482393,duloxetine,ANO2,PharmGKB_CA,3,efficacy
rs78615940,duloxetine,ANO2,PharmGKB_CA,3,efficacy
rs17724494,duloxetine,ANO2,PharmGKB_CA,3,efficacy
rs12422149,rosuvastatin,SLCO2B1,PharmGKB_CA,3,efficacy
rs12233719,valproic acid,UGT2B7,PharmGKB_CA,3,metabolism/pk
rs141084494,cyclophosphamide,RBX1,PharmGKB_CA,3,toxicity
rs141084494,epirubicin,RBX1,PharmGKB_CA,3,toxicity
rs141084494,fluorouracil,RBX1,PharmGKB_CA,3,toxicity
rs2413739,azathioprine,PACSIN2,PharmGKB_CA,3,efficacy
rs7439366,oxcarbazepine,UGT2B7,PharmGKB_CA,3,efficacy
rs2233678,irinotecan,PIN1,PharmGKB_CA,3,efficacy
rs15524,tacrolimus,CYP3A5,PharmGKB_CA,3,metabolism/pk
rs9879065,duloxetine,ZNF385D,PharmGKB_CA,3,efficacy
rs10771997,duloxetine,,PharmGKB_CA,3,efficacy
rs10771998,duloxetine,,PharmGKB_CA,3,efficacy
rs524731,ethanol,OPRM1,PharmGKB_CA,3,toxicity
rs3823010,heroin,OPRM1,PharmGKB_CA,3,toxicity
rs3823010,opioids,OPRM1,PharmGKB_CA,3,toxicity
rs1381376,ethanol,OPRM1,PharmGKB_CA,3,toxicity
rs9263726,allopurinol,PSORS1C1,PharmGKB_CA,3,toxicity
rs717620,atorvastatin,ABCC2,PharmGKB_CA,3,efficacy
rs61824877,chlorothiazide,,PharmGKB_CA,3,toxicity
rs61824877,hydrochlorothiazide,,PharmGKB_CA,3,toxicity
rs1690924,platinum compounds,MDM2,PharmGKB_CA,3,efficacy
rs6151031,cyclophosphamide,ALDH1A1,PharmGKB_CA,3,efficacy
rs6151031,doxorubicin,ALDH1A1,PharmGKB_CA,3,efficacy
rs1051266,platinum compounds,SLC19A1,PharmGKB_CA,3,efficacy
rs28386840,methylphenidate,SLC6A2,PharmGKB_CA,3,efficacy
rs1128503,methotrexate,ABCB1,PharmGKB_CA,3,toxicity
rs927650,deferasirox,CYP24A1,PharmGKB_CA,3,metabolism/pk
rs2585428,deferasirox,CYP24A1,PharmGKB_CA,3,metabolism/pk
rs2248359,deferasirox,CYP24A1,PharmGKB_CA,3,metabolism/pk
rs3212986,granisetron,ERCC1,PharmGKB_CA,3,efficacy
rs3212986,palonosetron,ERCC1,PharmGKB_CA,3,efficacy
rs11940694,ethanol,KLB,PharmGKB_CA,3,dosage
rs299313,cyclophosphamide,HMMR,PharmGKB_CA,3,toxicity
rs299313,epirubicin,HMMR,PharmGKB_CA,3,toxicity
rs299313,fluorouracil,HMMR,PharmGKB_CA,3,toxicity
rs4680,methylphenidate,COMT,PharmGKB_CA,4,efficacy
rs6311,escitalopram,HTR2A,PharmGKB_CA,4,efficacy
rs34550074,"thiazides, plain",SLCO2A1,PharmGKB_CA,3,toxicity
rs10040363,fluorouracil,XRCC4,PharmGKB_CA,3,efficacy
rs10040363,platinum compounds,XRCC4,PharmGKB_CA,3,efficacy
rs10040363,radiotherapy,XRCC4,PharmGKB_CA,3,efficacy
rs201929247,dapsone,HLA-DRB1,PharmGKB_CA,3,toxicity
rs7997012,escitalopram,HTR2A,PharmGKB_CA,4,efficacy
rs37973,budesonide,GLCCI1,PharmGKB_CA,3,efficacy
rs37973,flunisolide,GLCCI1,PharmGKB_CA,3,efficacy
rs37973,fluticasone propionate,GLCCI1,PharmGKB_CA,3,efficacy
rs37973,glucocorticoids,GLCCI1,PharmGKB_CA,3,efficacy
rs37973,nedocromil,GLCCI1,PharmGKB_CA,3,efficacy
rs37973,triamcinolone,GLCCI1,PharmGKB_CA,3,efficacy
rs1024323,metoprolol,GRK4,PharmGKB_CA,3,efficacy
rs1801272,coumarin,CYP2A6,PharmGKB_CA,3,other
rs1876828,corticosteroids,CRHR1,PharmGKB_CA,3,efficacy
rs11739136,verapamil,KCNIP1;KCNMB1,PharmGKB_CA,3,efficacy
rs193922832,desflurane,RYR1,PharmGKB_CA,1A,toxicity
rs193922832,enflurane,RYR1,PharmGKB_CA,1A,toxicity
rs193922832,halothane,RYR1,PharmGKB_CA,1A,toxicity
rs193922832,isoflurane,RYR1,PharmGKB_CA,1A,toxicity
rs193922832,methoxyflurane,RYR1,PharmGKB_CA,1A,toxicity
rs193922832,sevoflurane,RYR1,PharmGKB_CA,1A,toxicity
rs193922832,succinylcholine,RYR1,PharmGKB_CA,1A,toxicity
rs193922843,desflurane,RYR1,PharmGKB_CA,1A,toxicity
rs193922843,enflurane,RYR1,PharmGKB_CA,1A,toxicity
rs193922843,halothane,RYR1,PharmGKB_CA,1A,toxicity
rs193922843,isoflurane,RYR1,PharmGKB_CA,1A,toxicity
rs193922843,methoxyflurane,RYR1,PharmGKB_CA,1A,toxicity
rs193922843,sevoflurane,RYR1,PharmGKB_CA,1A,toxicity
rs193922843,succinylcholine,RYR1,PharmGKB_CA,1A,toxicity
rs1045642,fentanyl,ABCB1,PharmGKB_CA,4,efficacy
rs3784921,hydrochlorothiazide,TXNDC11,PharmGKB_CA,3,efficacy
rs7184292,atenolol,,PharmGKB_CA,3,efficacy
rs7184292,atenolol,,PharmGKB_CA,3,dosage
rs3743075,nicotine,CHRNA3,PharmGKB_CA,3,toxicity
rs17376019,ethanol,SRPRB,PharmGKB_CA,3,metabolism/pk
rs6313,paroxetine,HTR2A,PharmGKB_CA,4,efficacy
rs12979860,peginterferon alfa-2a,IFNL3;IFNL4,PharmGKB_CA,1A,efficacy
rs12979860,peginterferon alfa-2b,IFNL3;IFNL4,PharmGKB_CA,1A,efficacy
rs12979860,ribavirin,IFNL3;IFNL4,PharmGKB_CA,1A,efficacy
rs1805087,folic acid,MTR,PharmGKB_CA,3,efficacy
rs1805087,hydroxychloroquine,MTR,PharmGKB_CA,3,efficacy
rs1805087,methotrexate,MTR,PharmGKB_CA,3,efficacy
rs1805087,sulfasalazine,MTR,PharmGKB_CA,3,efficacy
rs1805087,methotrexate,MTR,PharmGKB_CA,3,efficacy
rs1805087,methotrexate,MTR,PharmGKB_CA,3,toxicity
rs6313,sertraline,HTR2A,PharmGKB_CA,4,efficacy
rs7997012,fluoxetine,HTR2A,PharmGKB_CA,4,efficacy
rs6311,fluvoxamine,HTR2A,PharmGKB_CA,4,efficacy
rs6311,paroxetine,HTR2A,PharmGKB_CA,3,toxicity
rs7997012,sertraline,HTR2A,PharmGKB_CA,4,efficacy
rs2273359,diuretics,NELFCD,PharmGKB_CA,3,efficacy
rs2273359,hydrochlorothiazide,NELFCD,PharmGKB_CA,3,efficacy
rs2273359,"thiazides, plain",NELFCD,PharmGKB_CA,3,efficacy
rs2032582,fentanyl,ABCB1,PharmGKB_CA,3,toxicity
rs1128503,fentanyl,ABCB1,PharmGKB_CA,3,dosage;efficacy
rs2229109,tacrolimus,ABCB1,PharmGKB_CA,3,efficacy
rs6313,fluoxetine,HTR2A,PharmGKB_CA,4,efficacy
rs6311,fluoxetine,HTR2A,PharmGKB_CA,4,efficacy
rs6311,fluoxetine,HTR2A,PharmGKB_CA,4,toxicity
rs7270101,azathioprine,ITPA,PharmGKB_CA,4,toxicity
rs6313,venlafaxine,HTR2A,PharmGKB_CA,4,efficacy
rs6311,venlafaxine,HTR2A,PharmGKB_CA,4,efficacy
rs9344,methotrexate,CCND1,PharmGKB_CA,3,efficacy
rs9344,cisplatin,CCND1,PharmGKB_CA,3,efficacy
rs9344,doxorubicin,CCND1,PharmGKB_CA,3,efficacy
rs9344,methotrexate,CCND1,PharmGKB_CA,3,efficacy
rs10193126,allopurinol,TRIB2,PharmGKB_CA,3,efficacy
rs57449396,allopurinol,TBL1XR1,PharmGKB_CA,3,efficacy
rs2725215,allopurinol,PKD2,PharmGKB_CA,3,efficacy
rs2236855,heroin,OPRD1,PharmGKB_CA,3,toxicity
rs9384169,heroin,,PharmGKB_CA,3,toxicity
rs10485057,ethanol,OPRM1,PharmGKB_CA,3,dosage
rs10485057,ethanol,OPRM1,PharmGKB_CA,3,toxicity
rs9829896,amphetamine,KAT2B,PharmGKB_CA,3,toxicity
rs9829896,cannabinoids,KAT2B,PharmGKB_CA,3,toxicity
rs9829896,cocaine,KAT2B,PharmGKB_CA,3,toxicity
rs9829896,opioids,KAT2B,PharmGKB_CA,3,toxicity
rs1799971,cannabinoids,OPRM1,PharmGKB_CA,3,toxicity
rs10841753,methotrexate,SLCO1B1,PharmGKB_CA,4,metabolism/pk
rs2838958,methotrexate,SLC19A1,PharmGKB_CA,3,efficacy
rs41303343,lumefantrine,CYP3A5,PharmGKB_CA,4,metabolism/pk
rs10264272,lumefantrine,CYP3A5,PharmGKB_CA,3,metabolism/pk
rs1000940,amisulpride,RABEP1,PharmGKB_CA,3,other
rs1000940,aripiprazole,RABEP1,PharmGKB_CA,3,other
rs1000940,clozapine,RABEP1,PharmGKB_CA,3,other
rs1000940,lithium,RABEP1,PharmGKB_CA,3,other
rs1000940,mirtazapine,RABEP1,PharmGKB_CA,3,other
rs1000940,olanzapine,RABEP1,PharmGKB_CA,3,other
rs1000940,paliperidone,RABEP1,PharmGKB_CA,3,other
rs1000940,quetiapine,RABEP1,PharmGKB_CA,3,other
rs1000940,risperidone,RABEP1,PharmGKB_CA,3,other
rs1000940,valproic acid,RABEP1,PharmGKB_CA,3,other
rs1128503,remifentanil,ABCB1,PharmGKB_CA,3,efficacy;toxicity
rs1128503,sevoflurane,ABCB1,PharmGKB_CA,3,efficacy;toxicity
rs1335150891,fluorouracil,DPYD,PharmGKB_CA,3,other
rs10501087,antipsychotics,BDNF-AS,PharmGKB_CA,3,efficacy
rs6265,antipsychotics,BDNF,PharmGKB_CA,3,efficacy
rs3745274,methadone,CYP2B6,PharmGKB_CA,3,dosage
rs6920220,methotrexate,TNFAIP3,PharmGKB_CA,3,efficacy
rs80338792,flecainide,SCN4A,PharmGKB_CA,3,efficacy
rs80338792,mexiletine,SCN4A,PharmGKB_CA,3,efficacy
rs3732218,anastrozole,UGT1A4,PharmGKB_CA,3,other
rs9394992,gemcitabine,SLC29A1,PharmGKB_CA,3,toxicity
rs7311358,docetaxel,SLCO1B3,PharmGKB_CA,3,other
rs716274,etoposide,DYNC2H1,PharmGKB_CA,3,efficacy
rs716274,platinum compounds,DYNC2H1,PharmGKB_CA,3,efficacy
rs699947,sildenafil,VEGFA,PharmGKB_CA,3,efficacy
rs6977820,antipsychotics,,PharmGKB_CA,3,toxicity
rs6427528,etanercept,CD84,PharmGKB_CA,3,efficacy
rs1801274,adalimumab,FCGR2A,PharmGKB_CA,3,efficacy
rs1801274,infliximab,FCGR2A,PharmGKB_CA,3,efficacy
rs267606723,ivacaftor,CFTR,PharmGKB_CA,1A,efficacy
rs2279343,methadone,CYP2B6,PharmGKB_CA,3,dosage
rs121909005,ivacaftor,CFTR,PharmGKB_CA,1A,efficacy
rs74503330,ivacaftor,CFTR,PharmGKB_CA,1A,efficacy
rs1801280,cisplatin,NAT2,PharmGKB_CA,3,toxicity
rs1801280,cyclophosphamide,NAT2,PharmGKB_CA,3,toxicity
rs2234693,anastrozole,ESR1,PharmGKB_CA,3,toxicity
rs2234693,letrozole,ESR1,PharmGKB_CA,3,toxicity
rs9340799,anastrozole,ESR1,PharmGKB_CA,3,toxicity
rs9340799,letrozole,ESR1,PharmGKB_CA,3,toxicity
rs71486745,phenytoin,CYP2C9,PharmGKB_CA,3,dosage
rs2108622,phenprocoumon,CYP4F2,PharmGKB_CA,3,dosage
rs1801394,methotrexate,FASTKD3;MTRR,PharmGKB_CA,4,toxicity
rs121908757,ivacaftor,CFTR,PharmGKB_CA,1A,efficacy
rs121909041,ivacaftor,CFTR,PharmGKB_CA,1A,efficacy
rs11322783,peginterferon alfa-2a,IFNL4,PharmGKB_CA,1B,efficacy
rs11322783,peginterferon alfa-2b,IFNL4,PharmGKB_CA,1B,efficacy
rs11322783,ribavirin,IFNL4,PharmGKB_CA,1B,efficacy
rs699947,sunitinib,VEGFA,PharmGKB_CA,3,toxicity
rs6749447,losartan,STK39,PharmGKB_CA,3,efficacy
rs8099917,peginterferon alfa-2a,IFNL3,PharmGKB_CA,2A,efficacy
rs8099917,peginterferon alfa-2b,IFNL3,PharmGKB_CA,2A,efficacy
rs8099917,ribavirin,IFNL3,PharmGKB_CA,2A,efficacy
rs8099917,telaprevir,IFNL3,PharmGKB_CA,2A,efficacy
rs5522,enalapril,NR3C2,PharmGKB_CA,3,efficacy
rs698,cisplatin,ADH1C,PharmGKB_CA,3,efficacy
rs698,cyclophosphamide,ADH1C,PharmGKB_CA,3,efficacy
rs1142345,cisplatin,TPMT,PharmGKB_CA,3,efficacy
rs1142345,cyclophosphamide,TPMT,PharmGKB_CA,3,efficacy
rs2268639,clozapine,GLP1R,PharmGKB_CA,3,toxicity
rs10497203,radiotherapy,TANC1,PharmGKB_CA,3,toxicity
rs80282562,ivacaftor,CFTR,PharmGKB_CA,1A,efficacy
rs1799752,antidepressants,ACE,PharmGKB_CA,3,other
rs1799752,antiepileptics,ACE,PharmGKB_CA,3,other
rs1799752,beta blocking agents,ACE,PharmGKB_CA,3,other
rs1799752,calcium channel blockers,ACE,PharmGKB_CA,3,other
rs3732219,anastrozole,UGT1A4,PharmGKB_CA,3,other
rs729147,anthracyclines and related substances,ADH7,PharmGKB_CA,4,toxicity
rs717620,atorvastatin,ABCC2,PharmGKB_CA,3,dosage
rs717620,simvastatin,ABCC2,PharmGKB_CA,3,dosage
rs6759892,anthracyclines and related substances,UGT1A6,PharmGKB_CA,4,toxicity
rs658903,hydrochlorothiazide,KCNJ1,PharmGKB_CA,3,toxicity
rs1052536,cisplatin,LIG3,PharmGKB_CA,3,toxicity
rs1052536,cyclophosphamide,LIG3,PharmGKB_CA,3,toxicity
rs13429709,clozapine,GCG,PharmGKB_CA,3,other
rs13429709,olanzapine,GCG,PharmGKB_CA,3,other
rs3824662,asparaginase,GATA3,PharmGKB_CA,3,efficacy
rs3824662,cyclophosphamide,GATA3,PharmGKB_CA,3,efficacy
rs3824662,cytarabine,GATA3,PharmGKB_CA,3,efficacy
rs3824662,daunorubicin,GATA3,PharmGKB_CA,3,efficacy
rs3824662,dexamethasone,GATA3,PharmGKB_CA,3,efficacy
rs3824662,doxorubicin,GATA3,PharmGKB_CA,3,efficacy
rs3824662,leucovorin,GATA3,PharmGKB_CA,3,efficacy
rs3824662,mercaptopurine,GATA3,PharmGKB_CA,3,efficacy
rs3824662,methotrexate,GATA3,PharmGKB_CA,3,efficacy
rs3824662,pegaspargase,GATA3,PharmGKB_CA,3,efficacy
rs3824662,prednisone,GATA3,PharmGKB_CA,3,efficacy
rs3824662,thioguanine,GATA3,PharmGKB_CA,3,efficacy
rs3824662,vincristine,GATA3,PharmGKB_CA,3,efficacy
rs121908755,ivacaftor,CFTR,PharmGKB_CA,1A,efficacy
rs6151031,carboplatin,ALDH1A1,PharmGKB_CA,3,toxicity
rs6151031,cyclophosphamide,ALDH1A1,PharmGKB_CA,3,toxicity
rs6151031,thiotepa,ALDH1A1,PharmGKB_CA,3,toxicity
rs7319981,anthracyclines and related substances,SLC10A2,PharmGKB_CA,4,toxicity
rs6072262,irinotecan,TOP1,PharmGKB_CA,3,toxicity
rs12979860,peginterferon alfa-2a,IFNL3;IFNL4,PharmGKB_CA,1A,efficacy
rs12979860,peginterferon alfa-2b,IFNL3;IFNL4,PharmGKB_CA,1A,efficacy
rs12979860,ribavirin,IFNL3;IFNL4,PharmGKB_CA,1A,efficacy
rs12979860,telaprevir,IFNL3;IFNL4,PharmGKB_CA,1A,efficacy
rs11211524,gemcitabine,CMPK1,PharmGKB_CA,3,efficacy
rs4694362,gemcitabine,DCK,PharmGKB_CA,3,toxicity
rs3219484,cisplatin,MUTYH,PharmGKB_CA,3,toxicity
rs3219484,cyclophosphamide,MUTYH,PharmGKB_CA,3,toxicity
rs1051740,cisplatin,EPHX1,PharmGKB_CA,3,toxicity
rs1051740,cyclophosphamide,EPHX1,PharmGKB_CA,3,toxicity
rs717620,methotrexate,ABCC2,PharmGKB_CA,4,metabolism/pk
rs717620,methotrexate,ABCC2,PharmGKB_CA,3,toxicity
rs264588,radiotherapy,TANC1,PharmGKB_CA,3,toxicity
rs264631,radiotherapy,TANC1,PharmGKB_CA,3,toxicity
rs274618,heroin,GRM3,PharmGKB_CA,3,other
rs1990040,heroin,GRM3,PharmGKB_CA,3,other
rs13242038,heroin,GRM3,PharmGKB_CA,3,other
rs724226,heroin,GRM3,PharmGKB_CA,3,other
rs2189814,heroin,GRM3,PharmGKB_CA,3,other
rs11030104,antipsychotics,BDNF,PharmGKB_CA,3,efficacy
rs2232228,anthracyclines and related substances,HAS3,PharmGKB_CA,3,toxicity
rs7779029,irinotecan,SEMA3C,PharmGKB_CA,3,toxicity
rs56040400,eculizumab,C5,PharmGKB_CA,3,efficacy
rs1045642,hmg coa reductase inhibitors,ABCB1,PharmGKB_CA,3,other
rs1128503,hmg coa reductase inhibitors,ABCB1,PharmGKB_CA,3,other
rs678849,disulfiram,OPRD1,PharmGKB_CA,3,efficacy
rs121909013,ivacaftor,CFTR,PharmGKB_CA,1A,efficacy
rs7851395,carboplatin,SLC31A1,PharmGKB_CA,3,efficacy
rs7851395,cisplatin,SLC31A1,PharmGKB_CA,3,efficacy
rs3785161,clopidogrel,CES1P1,PharmGKB_CA,3,efficacy
rs934635,exemestane,,PharmGKB_CA,3,toxicity
rs16964189,exemestane,,PharmGKB_CA,3,toxicity
rs1048977,gemcitabine,CDA,PharmGKB_CA,3,other
rs2108622,vitamin e,CYP4F2,PharmGKB_CA,3,metabolism/pk
rs2306744,cytarabine,DCK,PharmGKB_CA,3,efficacy
rs2306744,idarubicin,DCK,PharmGKB_CA,3,efficacy
rs193922525,ivacaftor,CFTR,PharmGKB_CA,1A,efficacy
rs41271330,escitalopram,BMP5,PharmGKB_CA,3,efficacy
rs723685,cyclophosphamide,SLC22A16,PharmGKB_CA,3,dosage
rs723685,doxorubicin,SLC22A16,PharmGKB_CA,3,dosage
rs7176005,exemestane,CYP19A1,PharmGKB_CA,3,toxicity
rs9936750,capecitabine,,PharmGKB_CA,3,toxicity
rs747199,gemcitabine,SLC29A1,PharmGKB_CA,3,efficacy
rs747199,paclitaxel,SLC29A1,PharmGKB_CA,3,efficacy
rs80143932,cytarabine,DCK,PharmGKB_CA,3,efficacy
rs80143932,idarubicin,DCK,PharmGKB_CA,3,efficacy
rs1799807,succinylcholine,BCHE,PharmGKB_CA,3,toxicity
rs1803274,succinylcholine,BCHE,PharmGKB_CA,3,toxicity
rs28933389,succinylcholine,BCHE,PharmGKB_CA,3,toxicity
rs116855232,azathioprine,NUDT15,PharmGKB_CA,1A,toxicity
rs7582141,radiotherapy,TANC1,PharmGKB_CA,3,toxicity
rs6432512,radiotherapy,TANC1,PharmGKB_CA,3,toxicity
rs264663,radiotherapy,TANC1,PharmGKB_CA,3,toxicity
rs264651,radiotherapy,TANC1,PharmGKB_CA,3,toxicity
rs1799971,ethanol,OPRM1,PharmGKB_CA,3,dosage
rs11045879,mercaptopurine,SLCO1B1,PharmGKB_CA,3,toxicity
rs2231142,atorvastatin,ABCG2,PharmGKB_CA,3,toxicity
rs699,"antiinflammatory agents, non-steroids",AGT,PharmGKB_CA,3,toxicity
rs11598702,gemcitabine,NT5C2,PharmGKB_CA,3,metabolism/pk
rs28933390,succinylcholine,BCHE,PharmGKB_CA,3,toxicity
rs115346678,aspirin,,PharmGKB_CA,3,toxicity
rs7325568,fluorouracil,,PharmGKB_CA,3,toxicity
rs7325568,oxaliplatin,,PharmGKB_CA,3,toxicity
rs3842,efavirenz,ABCB1,PharmGKB_CA,3,other
rs1045642,morphine,ABCB1,PharmGKB_CA,3,efficacy
rs1045642,efavirenz,ABCB1,PharmGKB_CA,3,other
rs17655,platinum,ERCC5,PharmGKB_CA,3,efficacy
rs760370,gemcitabine,SLC29A1,PharmGKB_CA,3,efficacy
rs7867504,gemcitabine,SLC28A3,PharmGKB_CA,3,other
rs28363170,ethanol,SLC6A3,PharmGKB_CA,3,other
rs7740004,bisphosphonates,TBC1D32,PharmGKB_CA,3,toxicity
rs726501,carboplatin,MAP3K1,PharmGKB_CA,3,efficacy
rs726501,cisplatin,MAP3K1,PharmGKB_CA,3,efficacy
rs726501,docetaxel,MAP3K1,PharmGKB_CA,3,efficacy
rs726501,erlotinib,MAP3K1,PharmGKB_CA,3,efficacy
rs726501,gefitinib,MAP3K1,PharmGKB_CA,3,efficacy
rs726501,paclitaxel,MAP3K1,PharmGKB_CA,3,efficacy
rs7186128,cisplatin,,PharmGKB_CA,3,efficacy
rs7186128,irinotecan,,PharmGKB_CA,3,efficacy
rs6702335,bupropion,EPB41,PharmGKB_CA,3,efficacy
rs6702335,nicotine,EPB41,PharmGKB_CA,3,efficacy
rs2279345,efavirenz,CYP2B6,PharmGKB_CA,3,metabolism/pk
rs121918592,desflurane,RYR1,PharmGKB_CA,1A,toxicity
rs121918592,enflurane,RYR1,PharmGKB_CA,1A,toxicity
rs121918592,halothane,RYR1,PharmGKB_CA,1A,toxicity
rs121918592,isoflurane,RYR1,PharmGKB_CA,1A,toxicity
rs121918592,methoxyflurane,RYR1,PharmGKB_CA,1A,toxicity
rs121918592,sevoflurane,RYR1,PharmGKB_CA,1A,toxicity
rs121918592,succinylcholine,RYR1,PharmGKB_CA,1A,toxicity
rs28933397,desflurane,RYR1,PharmGKB_CA,1A,toxicity
rs28933397,enflurane,RYR1,PharmGKB_CA,1A,toxicity
rs28933397,halothane,RYR1,PharmGKB_CA,1A,toxicity
rs28933397,isoflurane,RYR1,PharmGKB_CA,1A,toxicity
rs28933397,methoxyflurane,RYR1,PharmGKB_CA,1A,toxicity
rs28933397,sevoflurane,RYR1,PharmGKB_CA,1A,toxicity
rs28933397,succinylcholine,RYR1,PharmGKB_CA,1A,toxicity
rs121918595,desflurane,RYR1,PharmGKB_CA,1A,toxicity
rs121918595,enflurane,RYR1,PharmGKB_CA,1A,toxicity
rs121918595,halothane,RYR1,PharmGKB_CA,1A,toxicity
rs121918595,isoflurane,RYR1,PharmGKB_CA,1A,toxicity
rs121918595,methoxyflurane,RYR1,PharmGKB_CA,1A,toxicity
rs121918595,sevoflurane,RYR1,PharmGKB_CA,1A,toxicity
rs121918595,succinylcholine,RYR1,PharmGKB_CA,1A,toxicity
rs121918594,desflurane,RYR1,PharmGKB_CA,1A,toxicity
rs121918594,enflurane,RYR1,PharmGKB_CA,1A,toxicity
rs121918594,halothane,RYR1,PharmGKB_CA,1A,toxicity
rs121918594,isoflurane,RYR1,PharmGKB_CA,1A,toxicity
rs121918594,methoxyflurane,RYR1,PharmGKB_CA,1A,toxicity
rs121918594,sevoflurane,RYR1,PharmGKB_CA,1A,toxicity
rs121918594,succinylcholine,RYR1,PharmGKB_CA,1A,toxicity
rs887829,atazanavir,UGT1A1,PharmGKB_CA,3,other
rs11226,cisplatin,RAD52,PharmGKB_CA,4,toxicity
rs11226,cyclophosphamide,RAD52,PharmGKB_CA,4,toxicity
rs2108622,acenocoumarol,CYP4F2,PharmGKB_CA,2A,dosage
rs3852209,nicotine,HINT1,PharmGKB_CA,3,efficacy
rs16969968,nicotine,CHRNA3;CHRNA5,PharmGKB_CA,3,dosage;efficacy
rs1799971,nicotine,OPRM1,PharmGKB_CA,3,other
rs1799971,nicotine,OPRM1,PharmGKB_CA,4,dosage
rs1799971,morphine,OPRM1,PharmGKB_CA,4,toxicity
rs1045642,morphine,ABCB1,PharmGKB_CA,4,dosage
rs4432372,ethanol,PIP5K1C,PharmGKB_CA,3,toxicity
rs10419980,ethanol,PIP5K1C,PharmGKB_CA,3,toxicity
rs398123226,migalastat,GLA,PharmGKB_CA,3,efficacy
rs116855232,azathioprine,NUDT15,PharmGKB_CA,3,toxicity
rs116855232,mercaptopurine,NUDT15,PharmGKB_CA,3,toxicity
rs1800544,methylphenidate,ADRA2A,PharmGKB_CA,4,efficacy
rs3099844,allopurinol,CYCSP5,PharmGKB_CA,3,toxicity
rs1800497,ethanol,DRD2,PharmGKB_CA,3,toxicity
rs267606617,isepamicin,MT-ND1;MT-RNR1,PharmGKB_CA,3,toxicity
rs2236225,cisplatin,MTHFD1,PharmGKB_CA,3,efficacy
rs2236225,doxorubicin,MTHFD1,PharmGKB_CA,3,efficacy
rs2236225,methotrexate,MTHFD1,PharmGKB_CA,3,efficacy
rs34545984,cephalexin,,PharmGKB_CA,3,toxicity
rs118192161,desflurane,RYR1,PharmGKB_CA,1A,toxicity
rs118192161,enflurane,RYR1,PharmGKB_CA,1A,toxicity
rs118192161,halothane,RYR1,PharmGKB_CA,1A,toxicity
rs118192161,isoflurane,RYR1,PharmGKB_CA,1A,toxicity
rs118192161,methoxyflurane,RYR1,PharmGKB_CA,1A,toxicity
rs118192161,sevoflurane,RYR1,PharmGKB_CA,1A,toxicity
rs118192161,succinylcholine,RYR1,PharmGKB_CA,1A,toxicity
rs121918593,desflurane,RYR1,PharmGKB_CA,1A,toxicity
rs121918593,enflurane,RYR1,PharmGKB_CA,1A,toxicity
rs121918593,halothane,RYR1,PharmGKB_CA,1A,toxicity
rs121918593,isoflurane,RYR1,PharmGKB_CA,1A,toxicity
rs121918593,methoxyflurane,RYR1,PharmGKB_CA,1A,toxicity
rs121918593,sevoflurane,RYR1,PharmGKB_CA,1A,toxicity
rs121918593,succinylcholine,RYR1,PharmGKB_CA,1A,toxicity
rs717620,cisplatin,ABCC2,PharmGKB_CA,3,efficacy
rs717620,doxorubicin,ABCC2,PharmGKB_CA,3,efficacy
rs717620,methotrexate,ABCC2,PharmGKB_CA,3,efficacy
rs9620007,codeine,WBP2NL,PharmGKB_CA,3,toxicity
rs765399160,acetaminophen,SULT1A1,PharmGKB_CA,3,metabolism/pk
rs28374453,tapentadol,NPIPB8;SULT1A1,PharmGKB_CA,3,metabolism/pk
rs28374453,acetaminophen,NPIPB8;SULT1A1,PharmGKB_CA,3,metabolism/pk
rs72547527,acetaminophen,SULT1A1,PharmGKB_CA,3,metabolism/pk
rs758145522,desmethylnaproxen,SULT1A1,PharmGKB_CA,3,metabolism/pk
rs544820732,tapentadol,SULT1A1,PharmGKB_CA,3,metabolism/pk
rs552524124,tapentadol,SULT1A1,PharmGKB_CA,3,metabolism/pk
rs62436463,hydrocodone,OPRM1,PharmGKB_CA,3,toxicity
rs6907567,cyclophosphamide,SLC22A16,PharmGKB_CA,3,efficacy;toxicity
rs6907567,doxorubicin,SLC22A16,PharmGKB_CA,3,efficacy;toxicity
rs6907567,fluorouracil,SLC22A16,PharmGKB_CA,3,efficacy;toxicity
rs6269,opioids,COMT,PharmGKB_CA,3,other
rs4633,opioids,COMT,PharmGKB_CA,3,other
rs4818,opioids,COMT,PharmGKB_CA,3,other
rs4680,opioids,COMT,PharmGKB_CA,3,other
rs62436463,oxycodone,OPRM1,PharmGKB_CA,3,toxicity
rs1695,cisplatin,GSTP1,PharmGKB_CA,3,efficacy
rs1695,doxorubicin,GSTP1,PharmGKB_CA,3,efficacy
rs1695,methotrexate,GSTP1,PharmGKB_CA,3,efficacy
rs8103142,peginterferon alfa-2a,IFNL3,PharmGKB_CA,3,efficacy
rs8103142,peginterferon alfa-2b,IFNL3,PharmGKB_CA,3,efficacy
rs8103142,ribavirin,IFNL3,PharmGKB_CA,3,efficacy
rs6311,antipsychotics,HTR2A,PharmGKB_CA,3,efficacy
rs118192176,desflurane,RYR1,PharmGKB_CA,1A,toxicity
rs118192176,enflurane,RYR1,PharmGKB_CA,1A,toxicity
rs118192176,halothane,RYR1,PharmGKB_CA,1A,toxicity
rs118192176,isoflurane,RYR1,PharmGKB_CA,1A,toxicity
rs118192176,methoxyflurane,RYR1,PharmGKB_CA,1A,toxicity
rs118192176,sevoflurane,RYR1,PharmGKB_CA,1A,toxicity
rs118192176,succinylcholine,RYR1,PharmGKB_CA,1A,toxicity
rs2562456,ketorolac,,PharmGKB_CA,3,efficacy
rs10258429,imatinib,EGFR,PharmGKB_CA,3,toxicity
rs2235040,imatinib,ABCB1,PharmGKB_CA,3,toxicity
rs1051660,morphine,OPRK1,PharmGKB_CA,3,dosage
rs121909011,ivacaftor,CFTR,PharmGKB_CA,3,efficacy
rs121909011,lumacaftor,CFTR,PharmGKB_CA,3,efficacy
rs4948496,methotrexate,ARID5B,PharmGKB_CA,3,toxicity
rs1801131,methotrexate,MTHFR,PharmGKB_CA,4,dosage
rs9344,cisplatin,CCND1,PharmGKB_CA,3,efficacy
rs9344,doxorubicin,CCND1,PharmGKB_CA,3,efficacy
rs9344,methotrexate,CCND1,PharmGKB_CA,3,efficacy
rs62436463,tramadol,OPRM1,PharmGKB_CA,3,toxicity
rs739296,hydrocodone,SEPTIN3;WBP2NL,PharmGKB_CA,3,toxicity
rs397508256,ivacaftor,CFTR,PharmGKB_CA,1A,efficacy
rs2010963,cyclophosphamide,VEGFA,PharmGKB_CA,3,efficacy
rs115232898,fluorouracil,DPYD,PharmGKB_CA,1A,toxicity
rs10747673,metformin,,PharmGKB_CA,3,efficacy
rs2631367,imatinib,SLC22A5,PharmGKB_CA,3,efficacy
rs2274567,eculizumab,CR1,PharmGKB_CA,3,efficacy
rs396991,adalimumab,FCGR3A,PharmGKB_CA,3,efficacy
rs396991,etanercept,FCGR3A,PharmGKB_CA,3,efficacy
rs396991,infliximab,FCGR3A,PharmGKB_CA,3,efficacy
rs2231142,imatinib,ABCG2,PharmGKB_CA,3,metabolism/pk
rs1799752,"ace inhibitors, plain",ACE,PharmGKB_CA,3,toxicity
rs2231137,dasatinib,ABCG2,PharmGKB_CA,3,other
rs2231137,imatinib,ABCG2,PharmGKB_CA,3,other
rs2231137,nilotinib,ABCG2,PharmGKB_CA,3,other
rs12768009,nevirapine,CYP2C19,PharmGKB_CA,3,metabolism/pk
rs16947,timolol,,PharmGKB_CA,3,toxicity
rs1799978,olanzapine,DRD2,PharmGKB_CA,3,efficacy
rs1800469,aspirin,TGFB1,PharmGKB_CA,3,toxicity
rs113100019,meperidine,FIP1L1,PharmGKB_CA,3,toxicity
rs776746,tacrolimus,CYP3A5,PharmGKB_CA,4,toxicity
rs2230345,antihypertensives,GRK5,PharmGKB_CA,3,efficacy
rs2230345,beta blocking agents,GRK5,PharmGKB_CA,3,efficacy
rs20575,tumor necrosis factor alpha (tnf-alpha) inhibitors,TNFRSF10A,PharmGKB_CA,3,efficacy
rs1801274,adalimumab,FCGR2A,PharmGKB_CA,4,efficacy
rs1801274,etanercept,FCGR2A,PharmGKB_CA,4,efficacy
rs1801274,infliximab,FCGR2A,PharmGKB_CA,4,efficacy
rs13064411,hmg coa reductase inhibitors,CFAP44,PharmGKB_CA,3,efficacy
rs1353411,aspirin,PTGER2,PharmGKB_CA,3,toxicity
rs1800477,interferons,BCL2,PharmGKB_CA,3,efficacy
rs1800477,ribavirin,BCL2,PharmGKB_CA,3,efficacy
rs1800795,tumor necrosis factor alpha (tnf-alpha) inhibitors,IL6,PharmGKB_CA,3,efficacy
rs1801252,timolol,ADRB1,PharmGKB_CA,3,efficacy
rs342293,clopidogrel,,PharmGKB_CA,3,efficacy
rs4982133,methotrexate,,PharmGKB_CA,4,efficacy
rs307826,sunitinib,FLT4,PharmGKB_CA,3,efficacy
rs307821,sunitinib,FLT4,PharmGKB_CA,3,efficacy
rs3212198,warfarin,HNF4A,PharmGKB_CA,3,dosage
rs2472297,olanzapine,CYP1A1,PharmGKB_CA,3,metabolism/pk
rs4410790,olanzapine,AHR,PharmGKB_CA,3,metabolism/pk
rs4132670,hydrochlorothiazide,TCF7L2,PharmGKB_CA,3,toxicity
rs4133101,celecoxib,PTGER4,PharmGKB_CA,3,toxicity
rs12979860,peginterferon alfa-2a,IFNL3;IFNL4,PharmGKB_CA,3,efficacy
rs12979860,peginterferon alfa-2b,IFNL3;IFNL4,PharmGKB_CA,3,efficacy
rs12979860,ribavirin,IFNL3;IFNL4,PharmGKB_CA,3,efficacy
rs12979860,simeprevir,IFNL3;IFNL4,PharmGKB_CA,3,efficacy
rs1800559,desflurane,CACNA1S,PharmGKB_CA,1A,toxicity
rs11942466,capecitabine,AREG,PharmGKB_CA,3,efficacy
rs11942466,radiotherapy,AREG,PharmGKB_CA,3,efficacy
rs11615,capecitabine,ERCC1,PharmGKB_CA,3,efficacy
rs11615,radiotherapy,ERCC1,PharmGKB_CA,3,efficacy
rs1570360,cyclophosphamide,VEGFA,PharmGKB_CA,3,efficacy
rs1570360,docetaxel,VEGFA,PharmGKB_CA,3,efficacy
rs2291767,cisplatin,OTOS,PharmGKB_CA,3,toxicity
rs2295632,opioids,FAAH,PharmGKB_CA,3,toxicity
rs2242480,carbamazepine,CYP3A4,PharmGKB_CA,3,metabolism/pk
rs1799983,anthracyclines and related substances,NOS3,PharmGKB_CA,3,efficacy
rs1799983,cyclophosphamide,NOS3,PharmGKB_CA,3,efficacy
rs1799983,doxorubicin,NOS3,PharmGKB_CA,3,efficacy
rs1799983,epirubicin,NOS3,PharmGKB_CA,3,efficacy
rs1799983,fluorouracil,NOS3,PharmGKB_CA,3,efficacy
rs1799983,methotrexate,NOS3,PharmGKB_CA,3,efficacy
rs1799983,oxaliplatin,NOS3,PharmGKB_CA,3,efficacy
rs1799983,platinum compounds,NOS3,PharmGKB_CA,3,efficacy
rs806378,clozapine,CNR1,PharmGKB_CA,3,toxicity
rs806378,olanzapine,CNR1,PharmGKB_CA,3,toxicity
rs806378,risperidone,CNR1,PharmGKB_CA,3,toxicity
rs2236225,methotrexate,MTHFD1,PharmGKB_CA,3,toxicity
rs4762,irbesartan,AGT,PharmGKB_CA,3,efficacy
rs2236861,opioids,OPRD1,PharmGKB_CA,3,other
rs948854,opioids,GAL,PharmGKB_CA,3,other
rs662,epirubicin,PON1,PharmGKB_CA,3,efficacy
rs662,fluorouracil,PON1,PharmGKB_CA,3,efficacy
rs662,oxaliplatin,PON1,PharmGKB_CA,3,efficacy
rs396991,tocilizumab,FCGR3A,PharmGKB_CA,3,efficacy
rs76979899,allopurinol,ABCG2,PharmGKB_CA,3,efficacy
rs10011796,allopurinol,ABCG2,PharmGKB_CA,4,efficacy
rs9366772,allopurinol,HLA-C,PharmGKB_CA,3,efficacy
rs739296,codeine,SEPTIN3;WBP2NL,PharmGKB_CA,3,toxicity
rs739296,oxycodone,SEPTIN3;WBP2NL,PharmGKB_CA,3,toxicity
rs1799971,analgesics,OPRM1,PharmGKB_CA,3,other
rs1799971,"antiinflammatory agents, non-steroids",OPRM1,PharmGKB_CA,3,other
rs1799971,ergot alkaloids,OPRM1,PharmGKB_CA,3,other
rs1799971,opioids,OPRM1,PharmGKB_CA,3,other
rs1799971,sumatriptan,OPRM1,PharmGKB_CA,3,other
rs6280,methylphenidate,DRD3,PharmGKB_CA,3,efficacy
rs2291078,capecitabine,UMPS,PharmGKB_CA,3,efficacy
rs2291078,fluorouracil,UMPS,PharmGKB_CA,3,efficacy
rs3772809,capecitabine,UMPS,PharmGKB_CA,3,efficacy
rs3772809,fluorouracil,UMPS,PharmGKB_CA,3,efficacy
rs3772810,capecitabine,UMPS,PharmGKB_CA,3,efficacy
rs3772810,fluorouracil,UMPS,PharmGKB_CA,3,efficacy
rs1042713,isoproterenol,ADRB2,PharmGKB_CA,3,other
rs10465180,clozapine,NTRK2,PharmGKB_CA,3,efficacy
rs1778929,clozapine,NTRK2,PharmGKB_CA,3,efficacy
rs1360780,clozapine,FKBP5,PharmGKB_CA,3,efficacy
rs11030918,gemcitabine,RRM1,PharmGKB_CA,3,toxicity
rs11030918,platinum compounds,RRM1,PharmGKB_CA,3,toxicity
rs11078659,celecoxib,ALOX12,PharmGKB_CA,3,efficacy;toxicity
rs11628713,citalopram,PAPLN,PharmGKB_CA,3,toxicity
rs11280056,pemetrexed,TYMS,PharmGKB_CA,3,efficacy
rs376817657,nicotine,CYP2A6,PharmGKB_CA,3,metabolism/pk
rs1886629,bisphosphonates,KCNT2,PharmGKB_CA,3,toxicity
rs2070744,sildenafil,NOS3,PharmGKB_CA,3,efficacy
rs5182,"ace inhibitors, plain",AGTR1,PharmGKB_CA,3,toxicity
rs809736,citalopram,RORA,PharmGKB_CA,3,efficacy
rs1799983,salvianolic acid b,NOS3,PharmGKB_CA,3,efficacy
rs1128503,imatinib,ABCB1,PharmGKB_CA,3,efficacy
rs1128503,rocuronium,ABCB1,PharmGKB_CA,3,efficacy
rs2229109,doxorubicin,ABCB1,PharmGKB_CA,3,efficacy
rs2229109,methotrexate,ABCB1,PharmGKB_CA,3,efficacy
rs2229109,prednisolone,ABCB1,PharmGKB_CA,3,efficacy
rs2229109,vincristine,ABCB1,PharmGKB_CA,3,efficacy
rs846908,tacrolimus,HSD11B1,PharmGKB_CA,3,metabolism/pk
rs4844880,tacrolimus,HSD11B1,PharmGKB_CA,3,metabolism/pk
rs846910,tacrolimus,HSD11B1,PharmGKB_CA,3,metabolism/pk
rs7294,acenocoumarol,VKORC1,PharmGKB_CA,3,dosage
rs7294,phenprocoumon,VKORC1,PharmGKB_CA,3,dosage
rs17222723,methotrexate,ABCC2,PharmGKB_CA,3,toxicity
rs739296,tramadol,SEPTIN3;WBP2NL,PharmGKB_CA,3,toxicity
rs2003569,simvastatin,UGT1A9,PharmGKB_CA,3,efficacy
rs11719165,gemcitabine,,PharmGKB_CA,3,toxicity
rs2071197,carbamazepine,HNF4A,PharmGKB_CA,4,metabolism/pk
rs2075797,aspirin,PTGER2,PharmGKB_CA,3,toxicity
rs2108622,aspirin,CYP4F2,PharmGKB_CA,3,other
rs2108622,clopidogrel,CYP4F2,PharmGKB_CA,3,other
rs3836790,levodopa,SLC6A3,PharmGKB_CA,3,efficacy
rs2189784,warfarin,CYP4F2,PharmGKB_CA,3,dosage
rs2216711,paroxetine,GDNF,PharmGKB_CA,3,efficacy
rs2650972,methotrexate,,PharmGKB_CA,4,efficacy
rs578427,metformin,,PharmGKB_CA,3,metabolism/pk
rs34834489,metformin,SLC47A2,PharmGKB_CA,3,metabolism/pk
rs4149081,simvastatin,SLCO1B1,PharmGKB_CA,3,efficacy
rs4984241,topiramate,CA12,PharmGKB_CA,3,other
rs4984241,zonisamide,CA12,PharmGKB_CA,3,other
rs11264359,atorvastatin,FDPS,PharmGKB_CA,3,efficacy
rs11264359,bisphosphonates,FDPS,PharmGKB_CA,3,efficacy
rs113095083,hydrochlorothiazide,ILKAP,PharmGKB_CA,3,efficacy
rs12505746,hydrochlorothiazide,TET2,PharmGKB_CA,3,efficacy
rs7706429,hydrochlorothiazide,FBXL17,PharmGKB_CA,3,efficacy
rs12346562,atenolol,,PharmGKB_CA,3,efficacy
rs12346562,bisoprolol,,PharmGKB_CA,3,efficacy
rs12346562,hydrochlorothiazide,,PharmGKB_CA,3,efficacy
rs1104514,atenolol,,PharmGKB_CA,3,efficacy
rs10739150,atenolol,,PharmGKB_CA,3,efficacy
rs4742610,trandolapril,PTPRD,PharmGKB_CA,3,efficacy
rs4742610,verapamil,PTPRD,PharmGKB_CA,3,efficacy
rs2297480,atorvastatin,FDPS,PharmGKB_CA,3,other
rs2032582,capecitabine,ABCB1,PharmGKB_CA,3,toxicity
rs1800896,efavirenz,IL10,PharmGKB_CA,3,toxicity
rs11615,cisplatin,ERCC1,PharmGKB_CA,3,toxicity
rs11615,doxorubicin,ERCC1,PharmGKB_CA,3,toxicity
rs5186,irbesartan,AGTR1,PharmGKB_CA,3,efficacy
rs5030952,tacrolimus,CAPN10,PharmGKB_CA,3,toxicity
rs1800872,tacrolimus,IL10,PharmGKB_CA,3,dosage
rs1800871,tacrolimus,IL10,PharmGKB_CA,3,dosage
rs1799983,daunorubicin,NOS3,PharmGKB_CA,3,efficacy
rs4240803,melphalan,SLC7A5,PharmGKB_CA,3,toxicity
rs112563513,desflurane,RYR1,PharmGKB_CA,1A,toxicity
rs112563513,enflurane,RYR1,PharmGKB_CA,1A,toxicity
rs112563513,halothane,RYR1,PharmGKB_CA,1A,toxicity
rs112563513,isoflurane,RYR1,PharmGKB_CA,1A,toxicity
rs112563513,methoxyflurane,RYR1,PharmGKB_CA,1A,toxicity
rs112563513,sevoflurane,RYR1,PharmGKB_CA,1A,toxicity
rs112563513,succinylcholine,RYR1,PharmGKB_CA,1A,toxicity
rs28933396,desflurane,RYR1,PharmGKB_CA,1A,toxicity
rs28933396,enflurane,RYR1,PharmGKB_CA,1A,toxicity
rs28933396,halothane,RYR1,PharmGKB_CA,1A,toxicity
rs28933396,isoflurane,RYR1,PharmGKB_CA,1A,toxicity
rs28933396,methoxyflurane,RYR1,PharmGKB_CA,1A,toxicity
rs28933396,sevoflurane,RYR1,PharmGKB_CA,1A,toxicity
rs28933396,succinylcholine,RYR1,PharmGKB_CA,1A,toxicity
rs1056515,bevacizumab,RGS5,PharmGKB_CA,3,efficacy
rs1056515,fluorouracil,RGS5,PharmGKB_CA,3,efficacy
rs1056515,irinotecan,RGS5,PharmGKB_CA,3,efficacy
rs1056515,leucovorin,RGS5,PharmGKB_CA,3,efficacy
rs6313,antidepressants,HTR2A,PharmGKB_CA,4,efficacy
rs4680,clozapine,COMT,PharmGKB_CA,3,efficacy
rs7270101,peginterferon alfa-2b,ITPA,PharmGKB_CA,2B,toxicity
rs7270101,ribavirin,ITPA,PharmGKB_CA,2B,toxicity
rs144336148,desflurane,RYR1,PharmGKB_CA,3,toxicity
rs144336148,enflurane,RYR1,PharmGKB_CA,3,toxicity
rs144336148,halothane,RYR1,PharmGKB_CA,3,toxicity
rs144336148,isoflurane,RYR1,PharmGKB_CA,3,toxicity
rs144336148,methoxyflurane,RYR1,PharmGKB_CA,3,toxicity
rs144336148,sevoflurane,RYR1,PharmGKB_CA,3,toxicity
rs144336148,succinylcholine,RYR1,PharmGKB_CA,3,toxicity
rs10929302,risperidone,UGT1A1,PharmGKB_CA,3,toxicity
rs13181,bleomycin,ERCC2,PharmGKB_CA,3,toxicity
rs13181,cisplatin,ERCC2,PharmGKB_CA,3,toxicity
rs13181,etoposide,ERCC2,PharmGKB_CA,3,toxicity
rs2231142,methotrexate,ABCG2,PharmGKB_CA,4,toxicity
rs185462714,meperidine,SERINC5,PharmGKB_CA,3,toxicity
rs699947,docetaxel,VEGFA,PharmGKB_CA,4,efficacy
rs529520,buprenorphine,OPRD1,PharmGKB_CA,3,efficacy
rs581111,buprenorphine,OPRD1,PharmGKB_CA,4,efficacy
rs4704559,levodopa,HOMER1,PharmGKB_CA,3,toxicity
rs2592551,warfarin,GGCX,PharmGKB_CA,3,dosage
rs144854329,docetaxel,VEGFA,PharmGKB_CA,3,efficacy
rs5443,nortriptyline,GNB3,PharmGKB_CA,3,efficacy
rs6051702,peginterferon alfa-2a,ITPA,PharmGKB_CA,3,toxicity
rs6051702,ribavirin,ITPA,PharmGKB_CA,3,toxicity
rs2279343,nicotine,CYP2B6,PharmGKB_CA,3,metabolism/pk
rs2302821,celecoxib,PTGES,PharmGKB_CA,3,toxicity
rs2306168,fexofenadine,SLCO2B1,PharmGKB_CA,3,metabolism/pk
rs2973049,paroxetine,GDNF,PharmGKB_CA,3,efficacy
rs118192124,desflurane,RYR1,PharmGKB_CA,1A,toxicity
rs118192124,enflurane,RYR1,PharmGKB_CA,1A,toxicity
rs118192124,halothane,RYR1,PharmGKB_CA,1A,toxicity
rs118192124,isoflurane,RYR1,PharmGKB_CA,1A,toxicity
rs118192124,methoxyflurane,RYR1,PharmGKB_CA,1A,toxicity
rs118192124,sevoflurane,RYR1,PharmGKB_CA,1A,toxicity
rs118192124,succinylcholine,RYR1,PharmGKB_CA,1A,toxicity
rs11959113,fentanyl,,PharmGKB_CA,3,dosage
rs71647871,enalapril,CES1,PharmGKB_CA,3,metabolism/pk
rs62368105,buprenorphine,,PharmGKB_CA,3,efficacy
rs6973474,buprenorphine,,PharmGKB_CA,3,efficacy
rs4673,cisplatin,CYBA,PharmGKB_CA,3,toxicity
rs4673,doxorubicin,CYBA,PharmGKB_CA,3,toxicity
rs76103438,simvastatin,,PharmGKB_CA,3,toxicity
rs2032582,ondansetron,ABCB1,PharmGKB_CA,3,efficacy
rs6265,olanzapine,BDNF,PharmGKB_CA,3,efficacy
rs1364805,montelukast,,PharmGKB_CA,3,efficacy
rs7794356,montelukast,GALNT17,PharmGKB_CA,3,efficacy
rs6475448,montelukast,MLLT3,PharmGKB_CA,3,efficacy
rs953977,montelukast,,PharmGKB_CA,3,efficacy
rs2073618,anastrozole,TNFRSF11B,PharmGKB_CA,3,toxicity
rs2073618,letrozole,TNFRSF11B,PharmGKB_CA,3,toxicity
rs7984870,anastrozole,TNFSF11,PharmGKB_CA,3,efficacy
rs7984870,letrozole,TNFSF11,PharmGKB_CA,3,efficacy
rs1128503,sunitinib,ABCB1,PharmGKB_CA,3,toxicity
rs2032582,sunitinib,ABCB1,PharmGKB_CA,3,efficacy
rs1695,cisplatin,GSTP1,PharmGKB_CA,3,toxicity
rs1695,doxorubicin,GSTP1,PharmGKB_CA,3,toxicity
rs1695,methotrexate,GSTP1,PharmGKB_CA,3,toxicity
rs13169373,buprenorphine,,PharmGKB_CA,3,efficacy
rs7205113,buprenorphine,,PharmGKB_CA,3,efficacy
rs756770,buprenorphine,ADAMTSL2,PharmGKB_CA,3,efficacy
rs1799971,oxycodone,OPRM1,PharmGKB_CA,4,toxicity
rs1045642,imatinib,ABCB1,PharmGKB_CA,3,efficacy
rs3758785,hydrochlorothiazide,GPR83,PharmGKB_CA,3,efficacy
rs776746,cyclosporine,CYP3A5,PharmGKB_CA,3,dosage;metabolism/pk
rs17885382,asparaginase,HLA-DRB1,PharmGKB_CA,3,toxicity
rs6021191,asparaginase,NFATC2,PharmGKB_CA,3,toxicity
rs1061472,carboplatin,ATP7B,PharmGKB_CA,3,toxicity
rs1061472,taxanes,ATP7B,PharmGKB_CA,3,toxicity
rs13181,cisplatin,ERCC2,PharmGKB_CA,3,toxicity
rs13181,doxorubicin,ERCC2,PharmGKB_CA,3,toxicity
rs13181,methotrexate,ERCC2,PharmGKB_CA,3,toxicity
rs774072493,succinylcholine,BCHE,PharmGKB_CA,3,toxicity
rs889895,antidepressants,CREB1,PharmGKB_CA,3,efficacy
rs12721646,nevirapine,CYP2B6,PharmGKB_CA,3,other
rs9852,clozapine,TBC1D1,PharmGKB_CA,3,toxicity
rs9852,olanzapine,TBC1D1,PharmGKB_CA,3,toxicity
rs4532,dextroamphetamine,DRD1,PharmGKB_CA,3,toxicity
rs4532,methylphenidate,DRD1,PharmGKB_CA,3,toxicity
rs13181,platinum compounds,ERCC2,PharmGKB_CA,3,toxicity
rs1799793,platinum compounds,ERCC2,PharmGKB_CA,3,toxicity
rs17431184,capecitabine,PTEN,PharmGKB_CA,3,efficacy
rs17431184,fluorouracil,PTEN,PharmGKB_CA,3,efficacy
rs2236722,capecitabine,CYP19A1,PharmGKB_CA,3,efficacy
rs2236722,fluorouracil,CYP19A1,PharmGKB_CA,3,efficacy
rs10455872,hmg coa reductase inhibitors,LPA,PharmGKB_CA,3,efficacy
rs2900478,hmg coa reductase inhibitors,SLCO1B1,PharmGKB_CA,3,efficacy
rs445925,hmg coa reductase inhibitors,,PharmGKB_CA,3,efficacy
rs11692021,irinotecan,UGT1A9,PharmGKB_CA,3,toxicity
rs2070959,irinotecan,UGT1A6,PharmGKB_CA,3,toxicity
rs2231142,capecitabine,ABCG2,PharmGKB_CA,4,efficacy
rs2231142,fluorouracil,ABCG2,PharmGKB_CA,4,efficacy
rs2231142,leucovorin,ABCG2,PharmGKB_CA,4,efficacy
rs2231142,oxaliplatin,ABCG2,PharmGKB_CA,4,efficacy
rs11265572,tacrolimus,,PharmGKB_CA,3,metabolism/pk
rs2231142,sulfasalazine,ABCG2,PharmGKB_CA,3,efficacy
rs1800871,tacrolimus,IL10,PharmGKB_CA,3,metabolism/pk
rs1160351,fluvoxamine,MDGA2,PharmGKB_CA,3,toxicity
rs1160351,milnacipran,MDGA2,PharmGKB_CA,3,toxicity
rs1160351,paroxetine,MDGA2,PharmGKB_CA,3,toxicity
rs3740066,carbamazepine,ABCC2,PharmGKB_CA,3,metabolism/pk
rs3758785,candesartan,GPR83,PharmGKB_CA,3,efficacy
rs3764043,imatinib,SLCO1A2,PharmGKB_CA,3,metabolism/pk
rs11231809,methotrexate,SLC22A11,PharmGKB_CA,3,efficacy
rs246240,methotrexate,ABCC1,PharmGKB_CA,3,efficacy
rs3784864,methotrexate,ABCC1,PharmGKB_CA,3,efficacy
rs12979860,ledipasvir,IFNL3;IFNL4,PharmGKB_CA,3,efficacy
rs12979860,sofosbuvir,IFNL3;IFNL4,PharmGKB_CA,3,efficacy
rs9923231,warfarin,VKORC1,PharmGKB_CA,2A,efficacy
rs3213239,platinum compounds,APLF,PharmGKB_CA,3,efficacy
rs9923231,warfarin,VKORC1,PharmGKB_CA,2A,efficacy
rs45605536,dasatinib,ABCG2,PharmGKB_CA,3,other
rs45605536,imatinib,ABCG2,PharmGKB_CA,3,other
rs58818712,dasatinib,ABCG2,PharmGKB_CA,3,other
rs58818712,imatinib,ABCG2,PharmGKB_CA,3,other
rs41282401,dasatinib,ABCG2,PharmGKB_CA,3,other
rs41282401,imatinib,ABCG2,PharmGKB_CA,3,other
rs41282401,nilotinib,ABCG2,PharmGKB_CA,3,other
rs1061018,dasatinib,ABCG2,PharmGKB_CA,3,other
rs1061018,imatinib,ABCG2,PharmGKB_CA,3,other
rs1061018,nilotinib,ABCG2,PharmGKB_CA,3,other
rs6313,fluvoxamine,HTR2A,PharmGKB_CA,4,efficacy
rs3750117,cytarabine,NT5C3A,PharmGKB_CA,3,efficacy
rs3750117,idarubicin,NT5C3A,PharmGKB_CA,3,efficacy
rs495828,enalapril,,PharmGKB_CA,3,toxicity
rs2306719,topiramate,CA12,PharmGKB_CA,3,other
rs2306719,zonisamide,CA12,PharmGKB_CA,3,other
rs1024323,atenolol,GRK4,PharmGKB_CA,3,toxicity
rs1024323,verapamil,GRK4,PharmGKB_CA,3,toxicity
rs10279545,aspirin,COL26A1,PharmGKB_CA,3,toxicity
rs1045280,methamphetamine,ARRB2,PharmGKB_CA,3,other
rs11677416,olanzapine,IL1A,PharmGKB_CA,3,efficacy
rs1880676,olanzapine,CHAT,PharmGKB_CA,3,efficacy
rs2734842,olanzapine,DRD2,PharmGKB_CA,3,toxicity
rs3810950,olanzapine,CHAT,PharmGKB_CA,3,efficacy
rs4436578,clozapine,DRD2,PharmGKB_CA,3,toxicity
rs4436578,olanzapine,DRD2,PharmGKB_CA,3,toxicity
rs4436578,risperidone,DRD2,PharmGKB_CA,3,toxicity
rs1801131,clozapine,MTHFR,PharmGKB_CA,3,toxicity
rs1801131,olanzapine,MTHFR,PharmGKB_CA,3,toxicity
rs11563250,bilirubin,UGT1A,PharmGKB_CA,3,metabolism/pk
rs11563250,irinotecan,UGT1A,PharmGKB_CA,3,toxicity
rs1934969,phenytoin,CYP2C9,PharmGKB_CA,3,metabolism/pk
rs56061981,peginterferon alfa-2a,CXCL10,PharmGKB_CA,3,efficacy
rs56061981,peginterferon alfa-2b,CXCL10,PharmGKB_CA,3,efficacy
rs717620,deferasirox,ABCC2,PharmGKB_CA,3,toxicity
rs8187710,deferasirox,ABCC2,PharmGKB_CA,3,toxicity
rs889299,farglitazar,SCNN1B,PharmGKB_CA,3,toxicity
rs889299,glyburide,SCNN1B,PharmGKB_CA,3,toxicity
rs2429427,calcium channel blockers,TANC2,PharmGKB_CA,3,efficacy
rs2242480,methadone,CYP3A4,PharmGKB_CA,3,toxicity
rs7254579,cyclophosphamide,CYP2B6,PharmGKB_CA,3,metabolism/pk
rs4802101,cyclophosphamide,CYP2B6,PharmGKB_CA,3,toxicity;metabolism/pk
rs9346455,antipsychotics,,PharmGKB_CA,3,toxicity
rs1801133,cisplatin,CLCN6;MTHFR,PharmGKB_CA,3,toxicity
rs1801133,doxorubicin,CLCN6;MTHFR,PharmGKB_CA,3,toxicity
rs1801133,methotrexate,CLCN6;MTHFR,PharmGKB_CA,3,toxicity
rs568724445,succinylcholine,BCHE,PharmGKB_CA,3,toxicity
rs4803419,efavirenz,CYP2B6,PharmGKB_CA,3,metabolism/pk
rs9380142,capecitabine,HLA-G,PharmGKB_CA,3,efficacy
rs9380142,fluorouracil,HLA-G,PharmGKB_CA,3,efficacy
rs17179108,capecitabine,HLA-G,PharmGKB_CA,3,efficacy
rs17179108,fluorouracil,HLA-G,PharmGKB_CA,3,efficacy
rs4646,letrozole,CYP19A1,PharmGKB_CA,3,other
rs2289105,hdl cholesterol,CYP19A1,PharmGKB_CA,3,other
rs2289105,letrozole,CYP19A1,PharmGKB_CA,3,other
rs2289105,triglycerides,CYP19A1,PharmGKB_CA,3,other
rs700518,letrozole,CYP19A1,PharmGKB_CA,3,other
rs764841347,succinylcholine,BCHE,PharmGKB_CA,3,toxicity
rs17064642,aspirin,MYOM2,PharmGKB_CA,3,efficacy
rs17064642,clopidogrel,MYOM2,PharmGKB_CA,3,efficacy
rs371194629,capecitabine,HLA-G,PharmGKB_CA,3,efficacy
rs371194629,fluorouracil,HLA-G,PharmGKB_CA,3,efficacy
rs2269577,platinum compounds,XBP1,PharmGKB_CA,3,efficacy;toxicity
rs3957357,doxorubicin,GSTA1,PharmGKB_CA,3,efficacy
rs2231142,sunitinib,ABCG2,PharmGKB_CA,3,toxicity
rs887829,deferasirox,UGT1A1,PharmGKB_CA,3,metabolism/pk
rs2273697,deferasirox,ABCC2,PharmGKB_CA,3,metabolism/pk
rs3738948,platinum compounds,ERCC3,PharmGKB_CA,3,efficacy
rs1800975,platinum compounds,XPA,PharmGKB_CA,3,efficacy
rs1799801,platinum compounds,ERCC4,PharmGKB_CA,3,efficacy
rs4413407,platinum compounds,CXXC4,PharmGKB_CA,3,efficacy
rs1047626,aspirin,SLC30A9,PharmGKB_CA,3,toxicity
rs35864111,docetaxel,VEGFA,PharmGKB_CA,3,efficacy
rs112561475,nicotine,UGT2B10,PharmGKB_CA,3,metabolism/pk
rs1126510,aspirin,PTGIR,PharmGKB_CA,3,toxicity
rs113165732,tenofovir,OCRL,PharmGKB_CA,3,other
rs1495741,drugs for treatment of tuberculosis,,PharmGKB_CA,3,toxicity
rs4570625,citalopram,TPH2,PharmGKB_CA,3,efficacy
rs4149036,atorvastatin,SLCO1B1,PharmGKB_CA,3,efficacy
rs12044852,interferon beta-1a,CD58,PharmGKB_CA,3,efficacy
rs12044852,interferon beta-1b,CD58,PharmGKB_CA,3,efficacy
rs1143634,antipsychotics,IL1B,PharmGKB_CA,3,toxicity
rs5443,beta blocking agents,GNB3,PharmGKB_CA,3,other
rs6166,follitropin beta,FSHR,PharmGKB_CA,3,efficacy
rs6166,thyrotropin alfa,FSHR,PharmGKB_CA,3,efficacy
rs6166,urofollitropin,FSHR,PharmGKB_CA,3,efficacy
rs201820739,succinylcholine,BCHE,PharmGKB_CA,3,toxicity
rs58425034,nevirapine,CYP2B6,PharmGKB_CA,3,other
rs1065852,escitalopram,CYP2D6,PharmGKB_CA,3,efficacy
rs683369,imatinib,SLC22A1,PharmGKB_CA,3,efficacy;metabolism/pk
rs3806598,sn-38,UGT1A9,PharmGKB_CA,3,metabolism/pk
rs34231037,pazopanib,KDR,PharmGKB_CA,3,efficacy;metabolism/pk
rs2741049,sn-38,UGT1A9,PharmGKB_CA,3,metabolism/pk
rs4149570,tumor necrosis factor alpha (tnf-alpha) inhibitors,TNFRSF1A,PharmGKB_CA,3,efficacy
rs3087879,selective serotonin reuptake inhibitors,SLC1A1,PharmGKB_CA,3,efficacy
rs12979860,daclatasvir,IFNL3;IFNL4,PharmGKB_CA,3,efficacy
rs12979860,peginterferon alfa-2a,IFNL3;IFNL4,PharmGKB_CA,3,efficacy
rs12979860,peginterferon alfa-2b,IFNL3;IFNL4,PharmGKB_CA,3,efficacy
rs12979860,ribavirin,IFNL3;IFNL4,PharmGKB_CA,3,efficacy
rs2306283,rocuronium,SLCO1B1,PharmGKB_CA,3,efficacy
rs9282564,morphine,ABCB1,PharmGKB_CA,3,toxicity
rs4688040,carbamazepine,NR1I2,PharmGKB_CA,3,metabolism/pk
rs4825476,citalopram,GRIA3,PharmGKB_CA,3,toxicity
rs11313667,hydrochlorothiazide,LRRC15,PharmGKB_CA,3,efficacy
rs6277,aripiprazole,DRD2,PharmGKB_CA,3,efficacy
rs8192709,efavirenz,CYP2B6,PharmGKB_CA,3,metabolism/pk
rs11313667,metoprolol,LRRC15,PharmGKB_CA,3,efficacy
rs944050,gemcitabine,ESR2,PharmGKB_CA,3,efficacy
rs1059751,tenofovir,ABCC4,PharmGKB_CA,3,toxicity
rs78015114,lithium,,PharmGKB_CA,3,efficacy
rs75222709,lithium,,PharmGKB_CA,3,efficacy
rs10140457,letrozole,ESR2,PharmGKB_CA,3,toxicity
rs4870061,letrozole,ESR1,PharmGKB_CA,3,toxicity
rs1801133,fluorouracil,MTHFR,PharmGKB_CA,3,efficacy
rs1801133,leucovorin,MTHFR,PharmGKB_CA,3,efficacy
rs1801133,oxaliplatin,MTHFR,PharmGKB_CA,3,efficacy
rs2010963,sorafenib,VEGFA,PharmGKB_CA,3,toxicity
rs9322335,exemestane,ESR1,PharmGKB_CA,3,toxicity
rs9322335,letrozole,ESR1,PharmGKB_CA,3,toxicity
rs717620,efavirenz,ABCC2,PharmGKB_CA,3,metabolism/pk
rs4646437,tacrolimus,CYP3A4,PharmGKB_CA,2A,metabolism/pk
rs4431329,hydrochlorothiazide,FBXL17,PharmGKB_CA,3,efficacy
rs9285669,hydrochlorothiazide,,PharmGKB_CA,3,efficacy
rs11993031,hydrochlorothiazide,CSMD1,PharmGKB_CA,3,efficacy
rs16944,antipsychotics,IL1B,PharmGKB_CA,3,toxicity
rs4849127,antipsychotics,IL1B,PharmGKB_CA,3,toxicity
rs11313667,atenolol,LRRC15,PharmGKB_CA,3,efficacy
rs2231142,sulfasalazine,ABCG2,PharmGKB_CA,3,metabolism/pk
rs193922878,desflurane,RYR1,PharmGKB_CA,1A,toxicity
rs193922878,enflurane,RYR1,PharmGKB_CA,1A,toxicity
rs193922878,halothane,RYR1,PharmGKB_CA,1A,toxicity
rs193922878,isoflurane,RYR1,PharmGKB_CA,1A,toxicity
rs193922878,methoxyflurane,RYR1,PharmGKB_CA,1A,toxicity
rs193922878,sevoflurane,RYR1,PharmGKB_CA,1A,toxicity
rs193922878,succinylcholine,RYR1,PharmGKB_CA,1A,toxicity
rs1800566,warfarin,NQO1,PharmGKB_CA,4,dosage
rs79663003,lithium,,PharmGKB_CA,3,efficacy
rs2239702,sorafenib,KDR,PharmGKB_CA,3,efficacy
rs1570360,sorafenib,VEGFA,PharmGKB_CA,3,efficacy
rs1045642,sorafenib,ABCB1,PharmGKB_CA,3,toxicity
rs1967309,dalcetrapib,ADCY9,PharmGKB_CA,3,efficacy;toxicity
rs1045642,venlafaxine,ABCB1,PharmGKB_CA,3,efficacy
rs1045642,selective serotonin reuptake inhibitors,ABCB1,PharmGKB_CA,3,efficacy
rs1045642,modafinil,ABCB1,PharmGKB_CA,3,efficacy
rs1076560,olanzapine,DRD2,PharmGKB_CA,3,efficacy
rs13250975,antipsychotics,NRG1,PharmGKB_CA,3,efficacy
rs1367094,atenolol,ZMAT4,PharmGKB_CA,3,efficacy
rs138337,corticosteroids,ST13,PharmGKB_CA,3,efficacy
rs678849,buprenorphine,OPRD1,PharmGKB_CA,3,efficacy
rs1042713,tiotropium,ADRB2,PharmGKB_CA,3,efficacy
rs1946518,tacrolimus,IL18,PharmGKB_CA,3,metabolism/pk
rs1799853,busulfan,CYP2C9,PharmGKB_CA,3,metabolism/pk
rs3745274,imatinib,CYP2B6,PharmGKB_CA,3,efficacy;toxicity
rs2734841,olanzapine,DRD2,PharmGKB_CA,3,toxicity
rs193922753,desflurane,RYR1,PharmGKB_CA,1A,toxicity
rs193922753,enflurane,RYR1,PharmGKB_CA,1A,toxicity
rs193922753,halothane,RYR1,PharmGKB_CA,1A,toxicity
rs193922753,isoflurane,RYR1,PharmGKB_CA,1A,toxicity
rs193922753,methoxyflurane,RYR1,PharmGKB_CA,1A,toxicity
rs193922753,sevoflurane,RYR1,PharmGKB_CA,1A,toxicity
rs193922753,succinylcholine,RYR1,PharmGKB_CA,1A,toxicity
rs8099917,peginterferon alfa-2a,IFNL3,PharmGKB_CA,3,efficacy
rs8099917,peginterferon alfa-2b,IFNL3,PharmGKB_CA,3,efficacy
rs8099917,ribavirin,IFNL3,PharmGKB_CA,3,efficacy
rs8099917,simeprevir,IFNL3,PharmGKB_CA,3,efficacy
rs3759811,letrozole,CYP19A1,PharmGKB_CA,3,other
rs4775936,letrozole,CYP19A1,PharmGKB_CA,3,other
rs1008805,hmg coa reductase inhibitors,CYP19A1,PharmGKB_CA,3,other
rs1008805,letrozole,CYP19A1,PharmGKB_CA,3,other
rs1056836,cyclophosphamide,CYP1B1,PharmGKB_CA,3,toxicity
rs1056836,epirubicin,CYP1B1,PharmGKB_CA,3,toxicity
rs1056836,paclitaxel,CYP1B1,PharmGKB_CA,3,toxicity
rs671,naltrexone,ALDH2,PharmGKB_CA,3,efficacy
rs36056065,metformin,SLC22A1,PharmGKB_CA,3,toxicity
rs3753380,latanoprost,PTGFR,PharmGKB_CA,3,efficacy
rs3766355,latanoprost,PTGFR,PharmGKB_CA,3,efficacy
rs10306114,latanoprost,PTGS1,PharmGKB_CA,3,efficacy
rs11568658,latanoprost,ABCC4,PharmGKB_CA,3,efficacy
rs6494223,donepezil,CHRNA7,PharmGKB_CA,3,efficacy
rs6494223,galantamine,CHRNA7,PharmGKB_CA,3,efficacy
rs6494223,rivastigmine,CHRNA7,PharmGKB_CA,3,efficacy
rs1563828,docetaxel,MDM4,PharmGKB_CA,3,efficacy
rs1563828,epirubicin,MDM4,PharmGKB_CA,3,efficacy
rs1056836,cyclophosphamide,CYP1B1,PharmGKB_CA,3,efficacy
rs1056836,epirubicin,CYP1B1,PharmGKB_CA,3,efficacy
rs1056836,fluorouracil,CYP1B1,PharmGKB_CA,3,efficacy
rs749292,letrozole,CYP19A1,PharmGKB_CA,3,other
rs1062033,hmg coa reductase inhibitors,CYP19A1,PharmGKB_CA,3,other
rs1062033,letrozole,CYP19A1,PharmGKB_CA,3,other
rs2177370,donepezil,CHAT,PharmGKB_CA,3,efficacy
rs2177370,rivastigmine,CHAT,PharmGKB_CA,3,efficacy
rs2229109,bleomycin,ABCB1,PharmGKB_CA,3,toxicity
rs2229109,cyclophosphamide,ABCB1,PharmGKB_CA,3,toxicity
rs2229109,doxorubicin,ABCB1,PharmGKB_CA,3,toxicity
rs2229109,prednisone,ABCB1,PharmGKB_CA,3,toxicity
rs2229109,rituximab,ABCB1,PharmGKB_CA,3,toxicity
rs2229109,vincristine,ABCB1,PharmGKB_CA,3,toxicity
rs2229109,vindesine,ABCB1,PharmGKB_CA,3,toxicity
rs396991,infliximab,FCGR3A,PharmGKB_CA,3,efficacy
rs12817819,antihypertensives,ATP2B1,PharmGKB_CA,3,efficacy
rs6465084,antipsychotics,GRM3,PharmGKB_CA,3,efficacy
rs1468412,antipsychotics,GRM3,PharmGKB_CA,3,toxicity
rs12467557,antipsychotics,NRXN1,PharmGKB_CA,3,efficacy
rs10490162,antipsychotics,NRXN1,PharmGKB_CA,3,efficacy
rs17671591,atorvastatin,HMGCR,PharmGKB_CA,3,efficacy
rs10490924,bevacizumab,ARMS2,PharmGKB_CA,3,efficacy
rs1001179,ethanol,CAT,PharmGKB_CA,3,other
rs1295686,hepatitis vaccines,IL13,PharmGKB_CA,3,efficacy
rs1805015,hepatitis vaccines,IL4R,PharmGKB_CA,3,efficacy
rs1800497,ethanol,DRD2,PharmGKB_CA,3,toxicity
rs698,naltrexone,ADH1C,PharmGKB_CA,3,efficacy
rs1045642,docetaxel,ABCB1,PharmGKB_CA,4,efficacy
rs1741981,corticosteroids,HDAC1,PharmGKB_CA,3,efficacy
rs4702484,capecitabine,ADCY2,PharmGKB_CA,4,efficacy
rs4329505,tocilizumab,IL6R,PharmGKB_CA,4,efficacy
rs446112,etoposide,,PharmGKB_CA,3,efficacy
rs4506565,hydrochlorothiazide,TCF7L2,PharmGKB_CA,3,toxicity
rs4654327,naltrexone,OPRD1,PharmGKB_CA,3,efficacy
rs4680,entacapone,COMT,PharmGKB_CA,3,efficacy
rs5443,hydralazine,GNB3,PharmGKB_CA,3,efficacy
rs5443,isosorbide dinitrate,GNB3,PharmGKB_CA,3,efficacy
rs5443,telmisartan,GNB3,PharmGKB_CA,3,efficacy
rs6280,quetiapine,DRD3,PharmGKB_CA,3,metabolism/pk
rs1045642,silibinin,ABCB1,PharmGKB_CA,3,metabolism/pk
rs1128503,efavirenz,ABCB1,PharmGKB_CA,4,metabolism/pk
rs1128503,modafinil,ABCB1,PharmGKB_CA,3,efficacy
rs1079597,amisulpride,DRD2,PharmGKB_CA,3,efficacy
rs138335,corticosteroids,ST13,PharmGKB_CA,3,efficacy
rs1449683,fluvoxamine,FGF2,PharmGKB_CA,3,efficacy
rs1544938,antipsychotics,ADCY2,PharmGKB_CA,3,efficacy
rs17716295,antipsychotics,NRG1,PharmGKB_CA,3,efficacy
rs2066702,naltrexone,ADH1B,PharmGKB_CA,3,efficacy
rs776746,tacrolimus,CYP3A5,PharmGKB_CA,3,toxicity
rs3792269,metformin,CAPN10,PharmGKB_CA,3,efficacy
rs4646437,cyclosporine,CYP3A4,PharmGKB_CA,3,efficacy;metabolism/pk
rs4848306,tumor necrosis factor alpha (tnf-alpha) inhibitors,IL1B,PharmGKB_CA,3,efficacy
rs4251961,tumor necrosis factor alpha (tnf-alpha) inhibitors,IL1RN,PharmGKB_CA,3,efficacy
rs2430561,tumor necrosis factor alpha (tnf-alpha) inhibitors,IFNG,PharmGKB_CA,3,efficacy
rs11023197,tamoxifen,RRAS2,PharmGKB_CA,3,efficacy
rs4680,antipsychotics,COMT,PharmGKB_CA,3,toxicity
rs4680,antipsychotics,COMT,PharmGKB_CA,3,toxicity
rs7438135,morphine,UGT2B7,PharmGKB_CA,3,metabolism/pk
rs7317112,methotrexate,ABCC4,PharmGKB_CA,3,toxicity
rs1045642,daptomycin,ABCB1,PharmGKB_CA,3,metabolism/pk
rs3745274,"3,4-methylenedioxymethamphetamine",CYP2B6,PharmGKB_CA,3,metabolism/pk
rs2669429,atenolol,DPYS,PharmGKB_CA,3,toxicity
rs3217164,capecitabine,CES1,PharmGKB_CA,3,toxicity
rs2244614,capecitabine,CES1,PharmGKB_CA,3,toxicity
rs2244613,capecitabine,CES1,PharmGKB_CA,3,toxicity
rs11861118,capecitabine,CES1P1,PharmGKB_CA,3,toxicity
rs7187684,capecitabine,CES1P1,PharmGKB_CA,3,toxicity
rs9939609,"interferon alfa-2a, recombinant",FTO,PharmGKB_CA,3,efficacy
rs9939609,"interferon alfa-2b, recombinant",FTO,PharmGKB_CA,3,efficacy
rs9939609,ribavirin,FTO,PharmGKB_CA,3,efficacy
rs7903146,cyclosporine,TCF7L2,PharmGKB_CA,3,toxicity
rs7903146,sirolimus,TCF7L2,PharmGKB_CA,3,toxicity
rs7903146,tacrolimus,TCF7L2,PharmGKB_CA,3,toxicity
rs6265,antipsychotics,BDNF,PharmGKB_CA,3,toxicity
rs7439366,codeine,UGT2B7,PharmGKB_CA,3,dosage
rs1801133,methotrexate,MTHFR,PharmGKB_CA,3,metabolism/pk
rs17134592,naltrexone,AKR1C4,PharmGKB_CA,3,metabolism/pk
rs3829125,naltrexone,AKR1C4,PharmGKB_CA,3,metabolism/pk
rs4680,morphine,COMT,PharmGKB_CA,4,toxicity
rs55944529,methadone,DAO,PharmGKB_CA,3,metabolism/pk
rs7317112,glucarpidase,ABCC4,PharmGKB_CA,3,toxicity
rs646776,hmg coa reductase inhibitors,CELSR2,PharmGKB_CA,3,efficacy
rs776746,quetiapine,CYP3A5,PharmGKB_CA,3,metabolism/pk
rs2242446,venlafaxine,SLC6A2,PharmGKB_CA,3,efficacy
rs9361233,fluoxetine,HTR1B,PharmGKB_CA,3,efficacy
rs324420,morphine,FAAH,PharmGKB_CA,3,toxicity
rs997917,cocaine,OPRK1,PharmGKB_CA,3,toxicity
rs997917,opioids,OPRK1,PharmGKB_CA,3,toxicity
rs55944529,methadone,DAO,PharmGKB_CA,3,dosage
rs9345389,glucarpidase,,PharmGKB_CA,3,toxicity
rs4149056,glucarpidase,SLCO1B1,PharmGKB_CA,3,toxicity
rs3824662,glucarpidase,GATA3,PharmGKB_CA,3,toxicity
rs11640115,aspirin,JMJD8;WDR24,PharmGKB_CA,3,efficacy
rs11640115,clopidogrel,JMJD8;WDR24,PharmGKB_CA,3,efficacy
rs10485828,anastrozole,TUBB1,PharmGKB_CA,3,other
rs10485828,exemestane,TUBB1,PharmGKB_CA,3,other
rs2058878,acamprosate,GRIN2B,PharmGKB_CA,3,efficacy
rs1045642,morphine,ABCB1,PharmGKB_CA,3,other
rs4793665,morphine,ABCC3,PharmGKB_CA,3,other
rs2032582,sunitinib,ABCB1,PharmGKB_CA,3,toxicity
rs1128503,paclitaxel,ABCB1,PharmGKB_CA,3,toxicity
rs10908521,glucarpidase,INSRR;NTRK1,PharmGKB_CA,3,toxicity
rs1353327,glucarpidase,,PharmGKB_CA,3,toxicity
rs4736529,aspirin,EFR3A,PharmGKB_CA,3,efficacy
rs4736529,clopidogrel,EFR3A,PharmGKB_CA,3,efficacy
rs2952768,fentanyl,,PharmGKB_CA,3,dosage
rs4253728,phenprocoumon,PPARA,PharmGKB_CA,3,dosage
rs1045642,methotrexate,ABCB1,PharmGKB_CA,3,toxicity
rs2832407,topiramate,GRIK1,PharmGKB_CA,3,efficacy;metabolism/pk
rs28399499,nevirapine,CYP2B6,PharmGKB_CA,2A,toxicity
rs1057868,cyclosporine,POR,PharmGKB_CA,3,metabolism/pk
rs352139,tumor necrosis factor alpha (tnf-alpha) inhibitors,TLR9,PharmGKB_CA,3,efficacy
rs4696480,tumor necrosis factor alpha (tnf-alpha) inhibitors,TLR2,PharmGKB_CA,3,efficacy
rs1816702,tumor necrosis factor alpha (tnf-alpha) inhibitors,TLR2,PharmGKB_CA,3,efficacy
rs2237895,tacrolimus,KCNQ1,PharmGKB_CA,3,toxicity
rs2032582,tacrolimus,ABCB1,PharmGKB_CA,4,dosage;metabolism/pk
rs1800896,tacrolimus,IL10,PharmGKB_CA,3,dosage
rs3763980,methotrexate,SLC16A7,PharmGKB_CA,3,efficacy
rs6064463,methotrexate,,PharmGKB_CA,4,efficacy
rs642990,gemcitabine,,PharmGKB_CA,3,toxicity
rs77876672,hydrochlorothiazide,DIAPH3,PharmGKB_CA,3,efficacy
rs9590353,hydrochlorothiazide,UGGT2,PharmGKB_CA,3,efficacy
rs9915451,hydrochlorothiazide,ANKFN1,PharmGKB_CA,3,efficacy
rs4889606,warfarin,STX1B,PharmGKB_CA,3,efficacy
rs1128503,tacrolimus,ABCB1,PharmGKB_CA,3,efficacy
rs2279343,propofol,CYP2B6,PharmGKB_CA,4,metabolism/pk
rs3732759,clopidogrel,P2RY12,PharmGKB_CA,3,efficacy
rs4141964,morphine,FAAH,PharmGKB_CA,3,toxicity
rs3766246,morphine,FAAH,PharmGKB_CA,3,toxicity
rs2277984,clozapine,C3,PharmGKB_CA,3,toxicity
rs10821936,glucarpidase,ARID5B,PharmGKB_CA,3,toxicity
rs113993960,cavosonstat,CFTR,PharmGKB_CA,3,efficacy
rs35599367,cyclosporine,CYP3A4,PharmGKB_CA,3,other
rs4823613,tacrolimus,PPARA,PharmGKB_CA,3,other
rs478437,tamoxifen,,PharmGKB_CA,3,efficacy
rs310786,tamoxifen,E2F7,PharmGKB_CA,3,efficacy
rs310786,tamoxifen,E2F7,PharmGKB_CA,3,toxicity
rs628031,metformin,SLC22A1,PharmGKB_CA,3,efficacy
rs6295,fluoxetine,HTR1A,PharmGKB_CA,3,efficacy
rs4073,bevacizumab,CXCL8,PharmGKB_CA,3,efficacy
rs11572076,mycophenolate mofetil,CYP2C8,PharmGKB_CA,3,toxicity
rs74569896,aspirin,NECAB1,PharmGKB_CA,3,efficacy
rs74569896,clopidogrel,NECAB1,PharmGKB_CA,3,efficacy
rs75017182,fluorouracil,DPYD,PharmGKB_CA,1A,toxicity
rs724710,imatinib,BCL2L11,PharmGKB_CA,3,efficacy
rs9535828,platinum compounds,ATP7B,PharmGKB_CA,3,efficacy
rs10267099,atenolol,ABCB1,PharmGKB_CA,3,toxicity
rs776746,tacrolimus,CYP3A5,PharmGKB_CA,3,efficacy
rs806368,cocaine,CNR1,PharmGKB_CA,3,other
rs5443,clonidine,GNB3,PharmGKB_CA,3,efficacy
rs316019,cisplatin,SLC22A2,PharmGKB_CA,3,toxicity
rs76228616,nevirapine,TRAF3IP2,PharmGKB_CA,3,toxicity
rs12083537,tocilizumab,IL6R,PharmGKB_CA,3,efficacy
rs9516519,methotrexate,ABCC4,PharmGKB_CA,3,toxicity
rs1703794,methotrexate,,PharmGKB_CA,4,efficacy
rs1705772,gemcitabine,ALG10,PharmGKB_CA,3,toxicity
rs5744247,tacrolimus,IL18,PharmGKB_CA,3,metabolism/pk
rs4680,paroxetine,COMT,PharmGKB_CA,3,efficacy
rs4675690,citalopram,,PharmGKB_CA,3,toxicity
rs301434,selective serotonin reuptake inhibitors,SLC1A1,PharmGKB_CA,3,efficacy
rs301435,selective serotonin reuptake inhibitors,SLC1A1,PharmGKB_CA,3,efficacy
rs1387923,lithium,NTRK2,PharmGKB_CA,4,efficacy
rs12678747,aspirin,EYA1,PharmGKB_CA,3,toxicity
rs75750968,aspirin,AGAP3,PharmGKB_CA,3,efficacy
rs75750968,clopidogrel,AGAP3,PharmGKB_CA,3,efficacy
rs140410716,aspirin,ECHS1,PharmGKB_CA,3,efficacy
rs140410716,clopidogrel,ECHS1,PharmGKB_CA,3,efficacy
rs1135989,vincristine,ACTG1,PharmGKB_CA,3,toxicity
rs2844665,allopurinol,,PharmGKB_CA,3,toxicity
rs3099844,nevirapine,CYCSP5,PharmGKB_CA,3,toxicity
rs9479757,opioids,OPRM1,PharmGKB_CA,3,other
rs72552763,metformin,SLC22A1,PharmGKB_CA,3,metabolism/pk
rs776746,tacrolimus,CYP3A5,PharmGKB_CA,4,efficacy
rs6454674,cocaine,CNR1,PharmGKB_CA,3,other
rs1229984,ethanol,ADH1B,PharmGKB_CA,3,metabolism/pk
rs1799782,platinum compounds,XRCC1,PharmGKB_CA,3,efficacy
rs1042927,gemcitabine,RRM1,PharmGKB_CA,3,efficacy
rs1042927,platinum compounds,RRM1,PharmGKB_CA,3,efficacy
rs267606617,aminoglycoside antibacterials,MT-RNR1,PharmGKB_CA,1A,toxicity
rs1353295,cetuximab,AREG,PharmGKB_CA,3,efficacy
rs1353295,irinotecan,AREG,PharmGKB_CA,3,efficacy
rs1353295,panitumumab,AREG,PharmGKB_CA,3,efficacy
rs13104811,cetuximab,AREG,PharmGKB_CA,3,efficacy
rs13104811,irinotecan,AREG,PharmGKB_CA,3,efficacy
rs13104811,panitumumab,AREG,PharmGKB_CA,3,efficacy
rs3768142,methotrexate,MTR,PharmGKB_CA,3,toxicity
rs28364032,antidepressants,CRHR1,PharmGKB_CA,3,efficacy
rs4880,valproic acid,SOD2,PharmGKB_CA,3,toxicity
rs1045642,pantoprazole,ABCB1,PharmGKB_CA,4,efficacy
rs11938228,tumor necrosis factor alpha (tnf-alpha) inhibitors,TLR2,PharmGKB_CA,3,efficacy
rs2569190,tumor necrosis factor alpha (tnf-alpha) inhibitors,CD14,PharmGKB_CA,3,efficacy
rs6927172,tumor necrosis factor alpha (tnf-alpha) inhibitors,TNFAIP3,PharmGKB_CA,3,efficacy
rs1554973,tumor necrosis factor alpha (tnf-alpha) inhibitors,CNPY4,PharmGKB_CA,3,efficacy
rs12054895,citalopram,,PharmGKB_CA,4,efficacy
rs12054895,escitalopram,,PharmGKB_CA,4,efficacy
rs1799722,enalapril,BDKRB2,PharmGKB_CA,3,efficacy
rs1799722,enalapril,BDKRB2,PharmGKB_CA,3,toxicity
rs1799722,imidapril,BDKRB2,PharmGKB_CA,3,toxicity
rs1799722,lisinopril,BDKRB2,PharmGKB_CA,3,toxicity
rs1045642,codeine,ABCB1,PharmGKB_CA,3,toxicity
rs1045642,opioids,ABCB1,PharmGKB_CA,3,dosage
rs10848635,citalopram,CACNA1C,PharmGKB_CA,3,toxicity
rs10975641,citalopram,GLDC,PharmGKB_CA,3,efficacy
rs10975641,escitalopram,GLDC,PharmGKB_CA,3,efficacy
rs2270007,citalopram,CRHR2,PharmGKB_CA,3,efficacy
rs25531,citalopram,SLC6A4,PharmGKB_CA,4,efficacy
rs1799752,irbesartan,ACE,PharmGKB_CA,3,efficacy
rs585719,citalopram,,PharmGKB_CA,3,efficacy
rs6127921,citalopram,,PharmGKB_CA,3,efficacy
rs11045872,methotrexate,SLCO1B1,PharmGKB_CA,3,metabolism/pk
rs11045821,methotrexate,SLCO1B1,PharmGKB_CA,3,metabolism/pk
rs3211371,bupropion,CYP2B6,PharmGKB_CA,3,efficacy
rs3770102,vincristine,CAPG,PharmGKB_CA,3,toxicity
rs2501873,warfarin,NR1I3,PharmGKB_CA,4,dosage
rs4948496,methotrexate,ARID5B,PharmGKB_CA,3,metabolism/pk
rs520210,citalopram,NEDD4L,PharmGKB_CA,3,efficacy
rs1074373,aspirin,,PharmGKB_CA,3,toxicity
rs1045642,etoposide,ABCB1,PharmGKB_CA,3,metabolism/pk
rs12749274,naltrexone,,PharmGKB_CA,3,efficacy
rs45445694,methotrexate,TYMS,PharmGKB_CA,3,toxicity
rs9370867,atorvastatin,MYLIP,PharmGKB_CA,3,efficacy
rs11479,capecitabine,TYMP,PharmGKB_CA,3,toxicity
rs11479,fluorouracil,TYMP,PharmGKB_CA,3,toxicity
rs9351963,irinotecan,KCNQ5,PharmGKB_CA,3,toxicity
rs7196161,warfarin,VKORC1,PharmGKB_CA,3,dosage
rs1927907,tacrolimus,TLR4,PharmGKB_CA,3,other
rs9535826,platinum compounds,ATP7B,PharmGKB_CA,3,efficacy
rs3814058,repaglinide,NR1I2,PharmGKB_CA,3,other
rs4648287,atenolol,PTGS2,PharmGKB_CA,3,toxicity
rs10157410,atenolol,PLA2G4A,PharmGKB_CA,3,toxicity
rs2144297,atenolol,GALNT2,PharmGKB_CA,3,toxicity
rs2144300,atenolol,GALNT2,PharmGKB_CA,3,other
rs3213619,atenolol,ABCB1,PharmGKB_CA,3,toxicity
rs2273697,carbamazepine,ABCC2,PharmGKB_CA,3,toxicity
rs776746,tacrolimus,CYP3A5,PharmGKB_CA,3,toxicity
rs396991,trastuzumab,FCGR3A,PharmGKB_CA,3,efficacy
rs1126757,escitalopram,IL11,PharmGKB_CA,3,efficacy
rs712829,cetuximab,EGFR,PharmGKB_CA,3,efficacy
rs712829,irinotecan,EGFR,PharmGKB_CA,3,efficacy
rs712829,panitumumab,EGFR,PharmGKB_CA,3,efficacy
rs2241766,pioglitazone,ADIPOQ,PharmGKB_CA,3,efficacy
rs776746,vardenafil,CYP3A5,PharmGKB_CA,3,metabolism/pk
rs4291,aspirin,ACE,PharmGKB_CA,3,toxicity
rs3775291,aspirin,TLR3,PharmGKB_CA,3,toxicity
rs2734833,selective serotonin reuptake inhibitors,DRD2,PharmGKB_CA,3,efficacy
rs2433320,fluoxetine,,PharmGKB_CA,3,efficacy
rs2279238,verapamil,NR1H3,PharmGKB_CA,3,toxicity
rs2289669,metformin,SLC47A1,PharmGKB_CA,3,efficacy
rs12762549,docetaxel,ABCC2,PharmGKB_CA,3,toxicity;metabolism/pk
rs6759892,deferiprone,UGT1A6,PharmGKB_CA,3,efficacy;toxicity
rs2032582,ritonavir,ABCB1,PharmGKB_CA,3,metabolism/pk
rs1799971,hydrocodone,OPRM1,PharmGKB_CA,3,toxicity
rs6311,fluvoxamine,HTR2A,PharmGKB_CA,4,toxicity
rs442767,pemetrexed,DHFR,PharmGKB_CA,3,toxicity
rs4149056,mycophenolate mofetil,SLCO1B1,PharmGKB_CA,3,toxicity
rs6822844,rituximab,IL2,PharmGKB_CA,3,efficacy
rs11141915,gemcitabine,DAPK1,PharmGKB_CA,3,toxicity
rs9996584,cetuximab,AREG,PharmGKB_CA,3,efficacy
rs9996584,irinotecan,AREG,PharmGKB_CA,3,efficacy
rs9996584,panitumumab,AREG,PharmGKB_CA,3,efficacy
rs11942466,cetuximab,AREG,PharmGKB_CA,3,efficacy
rs11942466,irinotecan,AREG,PharmGKB_CA,3,efficacy
rs11942466,panitumumab,AREG,PharmGKB_CA,3,efficacy
rs6467136,rosiglitazone,PAX4,PharmGKB_CA,3,efficacy
rs1801133,pemetrexed,MTHFR,PharmGKB_CA,3,efficacy
rs1650697,pemetrexed,DHFR,PharmGKB_CA,3,toxicity
rs11545078,pemetrexed,GGH,PharmGKB_CA,3,toxicity
rs61734430,pemetrexed,FOLR3,PharmGKB_CA,3,efficacy
rs1051298,pemetrexed,SLC19A1,PharmGKB_CA,3,efficacy
rs3788189,pemetrexed,SLC19A1,PharmGKB_CA,3,efficacy
rs914232,pemetrexed,SLC19A1,PharmGKB_CA,3,efficacy
rs12708954,atomoxetine,SLC6A2,PharmGKB_CA,3,efficacy
rs2276706,repaglinide,NR1I2,PharmGKB_CA,3,other
rs1063320,hmg coa reductase inhibitors,HLA-G,PharmGKB_CA,3,efficacy
rs2032582,fluoxetine,ABCB1,PharmGKB_CA,3,efficacy
rs2032582,carbamazepine,ABCB1,PharmGKB_CA,4,efficacy
rs2032582,phenytoin,ABCB1,PharmGKB_CA,4,efficacy
rs2032582,valproic acid,ABCB1,PharmGKB_CA,4,efficacy
rs924607,vincristine,CEP72,PharmGKB_CA,3,toxicity
rs1142345,mercaptopurine,TPMT,PharmGKB_CA,3,dosage;toxicity
rs7387065,hydrochlorothiazide,CSMD1,PharmGKB_CA,3,efficacy
rs11189015,hydrochlorothiazide,SLIT1,PharmGKB_CA,3,efficacy
rs2076828,metformin,SLC22A3,PharmGKB_CA,3,efficacy
rs8176719,hormonal contraceptives for systemic use,ABO,PharmGKB_CA,3,toxicity
rs1799853,hormonal contraceptives for systemic use,CYP2C9,PharmGKB_CA,3,toxicity
rs6350,ethanol,SLC6A3,PharmGKB_CA,3,toxicity
rs1128503,clopidogrel,ABCB1,PharmGKB_CA,3,efficacy
rs8094439,methadone,CDH2,PharmGKB_CA,3,efficacy
rs17446819,methadone,CDH2,PharmGKB_CA,3,efficacy
rs7574865,etanercept,STAT4,PharmGKB_CA,3,efficacy
rs1476413,methotrexate,MTHFR,PharmGKB_CA,3,efficacy
rs17421511,methotrexate,MTHFR,PharmGKB_CA,3,efficacy
rs16853826,methotrexate,ATIC,PharmGKB_CA,3,toxicity
rs10197559,methotrexate,ATIC,PharmGKB_CA,3,toxicity
rs1643650,methotrexate,DHFR,PharmGKB_CA,3,efficacy
rs396991,rituximab,FCGR3A,PharmGKB_CA,2B,efficacy
rs2293347,fluorouracil,EGFR,PharmGKB_CA,3,efficacy
rs2250242,docetaxel,ORM2,PharmGKB_CA,3,metabolism/pk
rs5051,benazepril,AGT,PharmGKB_CA,3,efficacy
rs5051,imidapril,AGT,PharmGKB_CA,3,efficacy
rs2606345,deferasirox,CYP1A1,PharmGKB_CA,3,metabolism/pk
rs762551,deferasirox,CYP1A2,PharmGKB_CA,3,metabolism/pk
rs2470890,deferasirox,CYP1A2,PharmGKB_CA,3,metabolism/pk
rs3097671,aspirin,HLA-DPB1,PharmGKB_CA,3,toxicity
rs1042136,aspirin,HLA-DPB1,PharmGKB_CA,3,toxicity
rs1042151,aspirin,HLA-DPB1,PharmGKB_CA,3,toxicity
rs3129294,aspirin,HLA-DPB2,PharmGKB_CA,3,toxicity
rs3130100,aspirin,ZBTB22,PharmGKB_CA,3,toxicity
rs1051730,nicotine,CHRNA3,PharmGKB_CA,3,toxicity
rs10792367,hydrochlorothiazide,,PharmGKB_CA,3,efficacy
rs1045642,phenobarbital,ABCB1,PharmGKB_CA,3,efficacy
rs8187707,tenofovir,ABCC2,PharmGKB_CA,3,toxicity
rs7917983,hydrochlorothiazide,TCF7L2,PharmGKB_CA,3,toxicity
rs5050,aspirin,AGT,PharmGKB_CA,3,toxicity
rs2412459,olanzapine,EIF2AK4,PharmGKB_CA,3,efficacy
rs2412459,quetiapine,EIF2AK4,PharmGKB_CA,3,efficacy
rs2412459,risperidone,EIF2AK4,PharmGKB_CA,3,efficacy
rs2412459,ziprasidone,EIF2AK4,PharmGKB_CA,3,efficacy
rs2412459,haloperidol,EIF2AK4,PharmGKB_CA,3,efficacy
rs7518660,celecoxib,IL23R,PharmGKB_CA,3,toxicity
rs7438135,mycophenolate mofetil,UGT2B7,PharmGKB_CA,3,toxicity
rs6506569,methotrexate,PTPRM,PharmGKB_CA,4,efficacy
rs2472304,erlotinib,CYP1A2,PharmGKB_CA,3,metabolism/pk
rs3094188,allopurinol,PSORS1C3,PharmGKB_CA,3,toxicity
rs3130501,allopurinol,POU5F1,PharmGKB_CA,3,toxicity
rs3130931,allopurinol,POU5F1,PharmGKB_CA,3,toxicity
rs7643645,risperidone,NR1I2,PharmGKB_CA,3,metabolism/pk
rs1061170,bevacizumab,CFH,PharmGKB_CA,3,dosage
rs1800497,olanzapine,ANKK1,PharmGKB_CA,3,metabolism/pk
rs3785143,atomoxetine,SLC6A2,PharmGKB_CA,3,efficacy
rs1045642,olanzapine,ABCB1,PharmGKB_CA,3,other
rs2252281,metformin,SLC47A1,PharmGKB_CA,3,efficacy
rs1155463,gemcitabine,,PharmGKB_CA,3,toxicity
rs11568817,escitalopram,HTR1B,PharmGKB_CA,3,toxicity
rs6311,escitalopram,HTR2A,PharmGKB_CA,3,toxicity
rs4244285,venlafaxine,CYP2C19,PharmGKB_CA,3,toxicity
rs1736557,rosuvastatin,FMO3,PharmGKB_CA,3,efficacy
rs1877724,warfarin,EPHX1,PharmGKB_CA,3,dosage
rs1901440,gemcitabine,,PharmGKB_CA,3,toxicity
rs1901633,methotrexate,,PharmGKB_CA,4,efficacy
rs1061622,infliximab,TNFRSF1B,PharmGKB_CA,3,efficacy
rs1061622,tumor necrosis factor alpha (tnf-alpha) inhibitors,TNFRSF1B,PharmGKB_CA,3,efficacy
rs3397,tumor necrosis factor alpha (tnf-alpha) inhibitors,TNFRSF1B,PharmGKB_CA,3,efficacy
rs1061631,tumor necrosis factor alpha (tnf-alpha) inhibitors,TNFRSF1B,PharmGKB_CA,3,efficacy
rs1006737,citalopram,CACNA1C,PharmGKB_CA,3,toxicity
rs10121600,nicotine,GRIN3A,PharmGKB_CA,3,other
rs11849538,estradiol,,PharmGKB_CA,3,other
rs1044397,nicotine,CHRNA4,PharmGKB_CA,3,other
rs1045642,methylprednisolone,ABCB1,PharmGKB_CA,3,toxicity
rs1045642,prednisolone,ABCB1,PharmGKB_CA,3,toxicity
rs9825762,carboplatin,SCN10A,PharmGKB_CA,3,toxicity
rs9825762,taxanes,SCN10A,PharmGKB_CA,3,toxicity
rs1902023,lorazepam,UGT2B15,PharmGKB_CA,3,metabolism/pk
rs1799735,olanzapine,GSTM3,PharmGKB_CA,3,metabolism/pk
rs4550690,anastrozole,MAP4K4,PharmGKB_CA,3,toxicity
rs4550690,exemestane,MAP4K4,PharmGKB_CA,3,toxicity
rs6901146,anastrozole,,PharmGKB_CA,3,other
rs6901146,exemestane,,PharmGKB_CA,3,other
rs1611115,analgesics,DBH,PharmGKB_CA,3,other
rs1611115,"antiinflammatory agents, non-steroids",DBH,PharmGKB_CA,3,other
rs1611115,ergot alkaloids,DBH,PharmGKB_CA,3,other
rs1611115,opioids,DBH,PharmGKB_CA,3,other
rs1611115,sumatriptan,DBH,PharmGKB_CA,3,other
rs6265,analgesics,BDNF,PharmGKB_CA,3,other
rs6265,"antiinflammatory agents, non-steroids",BDNF,PharmGKB_CA,3,other
rs6265,ergot alkaloids,BDNF,PharmGKB_CA,3,other
rs6265,opioids,BDNF,PharmGKB_CA,3,other
rs6265,sumatriptan,BDNF,PharmGKB_CA,3,other
rs6275,analgesics,DRD2,PharmGKB_CA,3,other
rs6275,"antiinflammatory agents, non-steroids",DRD2,PharmGKB_CA,3,other
rs6275,ergot alkaloids,DRD2,PharmGKB_CA,3,other
rs6275,opioids,DRD2,PharmGKB_CA,3,other
rs6275,sumatriptan,DRD2,PharmGKB_CA,3,other
rs1045642,atazanavir,ABCB1,PharmGKB_CA,4,other
rs1045642,ritonavir,ABCB1,PharmGKB_CA,4,other
rs7200749,acenocoumarol,VKORC1,PharmGKB_CA,3,dosage
rs61742245,acenocoumarol,VKORC1,PharmGKB_CA,3,dosage
rs55894764,acenocoumarol,VKORC1,PharmGKB_CA,3,dosage
rs17878544,acenocoumarol,VKORC1,PharmGKB_CA,3,dosage
rs1176744,paroxetine,HTR3B,PharmGKB_CA,4,toxicity
rs7124442,citalopram,BDNF,PharmGKB_CA,3,efficacy
rs7103411,citalopram,BDNF,PharmGKB_CA,4,efficacy
rs12022243,capecitabine,DPYD,PharmGKB_CA,3,toxicity
rs2612091,capecitabine,ENOSF1,PharmGKB_CA,3,toxicity
rs2741171,capecitabine,ENOSF1,PharmGKB_CA,3,toxicity
rs12132152,capecitabine,DPYD,PharmGKB_CA,3,toxicity
rs1126442,methamphetamine,GRIN1,PharmGKB_CA,3,toxicity
rs1786929,fluticasone propionate,,PharmGKB_CA,3,efficacy
rs1786929,montelukast,,PharmGKB_CA,3,efficacy
rs967676,fluticasone propionate,CA10,PharmGKB_CA,3,efficacy
rs967676,montelukast,CA10,PharmGKB_CA,3,efficacy
rs1047840,capecitabine,EXO1,PharmGKB_CA,3,efficacy
rs1047840,fluorouracil,EXO1,PharmGKB_CA,3,efficacy
rs3818822,aspirin,CHIA,PharmGKB_CA,3,toxicity
rs7862221,aspirin,TSC1,PharmGKB_CA,3,toxicity
rs11819745,aspirin,THRA,PharmGKB_CA,3,toxicity
rs2760118,methadone,ALDH5A1,PharmGKB_CA,3,efficacy
rs3828913,peginterferon alfa-2a,MICB,PharmGKB_CA,3,efficacy
rs3828913,peginterferon alfa-2b,MICB,PharmGKB_CA,3,efficacy
rs3828913,ribavirin,MICB,PharmGKB_CA,3,efficacy
rs489693,antipsychotics,MC4R,PharmGKB_CA,3,toxicity
rs10517,warfarin,NQO1,PharmGKB_CA,3,dosage
rs6838116,"ace inhibitors, plain",KCNIP4,PharmGKB_CA,3,toxicity
rs7675300,"ace inhibitors, plain",KCNIP4,PharmGKB_CA,4,toxicity
rs16870989,"ace inhibitors, plain",KCNIP4,PharmGKB_CA,4,toxicity
rs145489027,"ace inhibitors, plain",KCNIP4,PharmGKB_CA,3,toxicity
rs1495509,"ace inhibitors, plain",KCNIP4,PharmGKB_CA,3,toxicity
rs6900017,carboplatin,VEGFA,PharmGKB_CA,3,toxicity
rs6900017,taxanes,VEGFA,PharmGKB_CA,3,toxicity
rs3815087,allopurinol,PSORS1C1,PharmGKB_CA,4,toxicity
rs9469003,allopurinol,CYCSP5,PharmGKB_CA,3,toxicity
rs2472677,atazanavir,NR1I2,PharmGKB_CA,3,metabolism/pk
rs35303484,efavirenz,CYP2B6,PharmGKB_CA,3,metabolism/pk
rs2010963,bevacizumab,VEGFA,PharmGKB_CA,3,efficacy
rs2010963,pegaptanib,VEGFA,PharmGKB_CA,3,efficacy
rs2010963,ranibizumab,VEGFA,PharmGKB_CA,3,efficacy
rs76387818,capecitabine,DPYD,PharmGKB_CA,3,toxicity
rs12819505,platinum compounds,WNT5B,PharmGKB_CA,3,efficacy
rs10878232,platinum compounds,WIF1,PharmGKB_CA,3,efficacy
rs11868547,platinum compounds,AXIN2,PharmGKB_CA,3,efficacy
rs4541111,platinum compounds,AXIN2,PharmGKB_CA,3,efficacy
rs1045642,risperidone,ABCB1,PharmGKB_CA,3,toxicity
rs1052555,platinum compounds,ERCC2,PharmGKB_CA,3,efficacy
rs17160359,capecitabine,ABCB1,PharmGKB_CA,3,efficacy
rs17160359,fluorouracil,ABCB1,PharmGKB_CA,3,efficacy
rs2289310,capecitabine,DLG5,PharmGKB_CA,3,efficacy
rs2289310,fluorouracil,DLG5,PharmGKB_CA,3,efficacy
rs1045642,tacrolimus,ABCB1,PharmGKB_CA,3,efficacy
rs1045642,tacrolimus,ABCB1,PharmGKB_CA,4,toxicity
rs1045642,tacrolimus,ABCB1,PharmGKB_CA,3,toxicity
rs3761847,adalimumab,TRAF1,PharmGKB_CA,3,efficacy
rs3761847,etanercept,TRAF1,PharmGKB_CA,3,efficacy
rs3761847,infliximab,TRAF1,PharmGKB_CA,3,efficacy
rs3761847,tumor necrosis factor alpha (tnf-alpha) inhibitors,TRAF1,PharmGKB_CA,3,efficacy
rs4244285,etravirine,CYP2C19,PharmGKB_CA,3,metabolism/pk
rs35599367,simvastatin,CYP3A4,PharmGKB_CA,4,efficacy
rs396991,antithymocyte globulin,FCGR3A,PharmGKB_CA,3,other
rs402007,hmg coa reductase inhibitors,ADAMTS1,PharmGKB_CA,3,efficacy
rs3745274,propofol,CYP2B6,PharmGKB_CA,3,dosage
rs4986790,pertussis vaccines,TLR4,PharmGKB_CA,3,efficacy
rs1045642,sunitinib,ABCB1,PharmGKB_CA,3,toxicity
rs17143212,haloperidol,ABCB5,PharmGKB_CA,3,toxicity
rs1138272,cisplatin,GSTP1,PharmGKB_CA,3,efficacy
rs2835859,fentanyl,KCNJ6,PharmGKB_CA,3,dosage
rs699947,bevacizumab,VEGFA,PharmGKB_CA,3,efficacy
rs699947,capecitabine,VEGFA,PharmGKB_CA,3,efficacy
rs699947,fluorouracil,VEGFA,PharmGKB_CA,3,efficacy
rs699947,irinotecan,VEGFA,PharmGKB_CA,3,efficacy
rs699947,leucovorin,VEGFA,PharmGKB_CA,3,efficacy
rs699947,oxaliplatin,VEGFA,PharmGKB_CA,3,efficacy
rs2789047,vancomycin,,PharmGKB_CA,3,metabolism/pk
rs34548976,"adrenergics, inhalants",,PharmGKB_CA,3,efficacy
rs56113850,nicotine,CYP2A6,PharmGKB_CA,3,metabolism/pk
rs1045642,vincristine,ABCB1,PharmGKB_CA,3,efficacy
rs12595985,atenolol,FTO,PharmGKB_CA,3,toxicity
rs9940629,atenolol,FTO,PharmGKB_CA,3,toxicity
rs6305,analgesics,HTR2A,PharmGKB_CA,3,toxicity
rs6305,"antiinflammatory agents, non-steroids",HTR2A,PharmGKB_CA,3,toxicity
rs6305,ergot alkaloids,HTR2A,PharmGKB_CA,3,toxicity
rs6305,opioids,HTR2A,PharmGKB_CA,3,toxicity
rs6305,sumatriptan,HTR2A,PharmGKB_CA,3,toxicity
rs4680,analgesics,COMT,PharmGKB_CA,3,other
rs4680,"antiinflammatory agents, non-steroids",COMT,PharmGKB_CA,3,other
rs4680,ergot alkaloids,COMT,PharmGKB_CA,3,other
rs4680,opioids,COMT,PharmGKB_CA,3,other
rs4680,sumatriptan,COMT,PharmGKB_CA,3,other
rs2647087,azathioprine,,PharmGKB_CA,3,toxicity
rs2647087,mercaptopurine,,PharmGKB_CA,3,toxicity
rs1045642,carbamazepine,ABCB1,PharmGKB_CA,4,dosage;metabolism/pk
rs3025039,bevacizumab,VEGFA,PharmGKB_CA,3,efficacy
rs1872328,cisplatin,ACYP2,PharmGKB_CA,3,toxicity
rs12461964,nicotine,,PharmGKB_CA,3,dosage
rs113288603,nicotine,,PharmGKB_CA,3,metabolism/pk
rs7541245,metformin,FMO5,PharmGKB_CA,3,efficacy
rs11623866,carboplatin,FNTB,PharmGKB_CA,3,efficacy
rs11623866,lonafarnib,FNTB,PharmGKB_CA,3,efficacy
rs11623866,paclitaxel,FNTB,PharmGKB_CA,3,efficacy
rs4124874,deferasirox,UGT1A1,PharmGKB_CA,3,toxicity
rs1044396,varenicline,CHRNA4,PharmGKB_CA,3,efficacy
rs1051730,opium alkaloids and derivatives,CHRNA3,PharmGKB_CA,3,toxicity
rs10937158,fluorouracil,ABCC5,PharmGKB_CA,3,toxicity
rs10937158,irinotecan,ABCC5,PharmGKB_CA,3,toxicity
rs10937158,leucovorin,ABCC5,PharmGKB_CA,3,toxicity
rs2292997,fluorouracil,,PharmGKB_CA,3,toxicity
rs2292997,irinotecan,,PharmGKB_CA,3,toxicity
rs2292997,leucovorin,,PharmGKB_CA,3,toxicity
rs225440,fluorouracil,ABCG1,PharmGKB_CA,3,toxicity
rs225440,irinotecan,ABCG1,PharmGKB_CA,3,toxicity
rs225440,leucovorin,ABCG1,PharmGKB_CA,3,toxicity
rs11122576,amlodipine,AGT,PharmGKB_CA,3,efficacy
rs11122576,chlorthalidone,AGT,PharmGKB_CA,3,efficacy
rs11122576,lisinopril,AGT,PharmGKB_CA,3,efficacy
rs11122576,amlodipine,AGT,PharmGKB_CA,3,efficacy
rs11122576,chlorthalidone,AGT,PharmGKB_CA,3,efficacy
rs11122576,lisinopril,AGT,PharmGKB_CA,3,efficacy
rs3749438,fluorouracil,ABCC5,PharmGKB_CA,3,toxicity
rs3749438,irinotecan,ABCC5,PharmGKB_CA,3,toxicity
rs3749438,leucovorin,ABCC5,PharmGKB_CA,3,toxicity
rs12746200,acetaminophen,PLA2G4A,PharmGKB_CA,3,toxicity
rs12746200,aspirin,PLA2G4A,PharmGKB_CA,3,toxicity
rs12746200,diclofenac,PLA2G4A,PharmGKB_CA,3,toxicity
rs12746200,propionic acid derivatives,PLA2G4A,PharmGKB_CA,3,toxicity
rs12746200,pyrazolones,PLA2G4A,PharmGKB_CA,3,toxicity
rs1805034,acetaminophen,TNFRSF11A,PharmGKB_CA,3,toxicity
rs1805034,aspirin,TNFRSF11A,PharmGKB_CA,3,toxicity
rs1805034,diclofenac,TNFRSF11A,PharmGKB_CA,3,toxicity
rs1805034,propionic acid derivatives,TNFRSF11A,PharmGKB_CA,3,toxicity
rs1805034,pyrazolones,TNFRSF11A,PharmGKB_CA,3,toxicity
rs2266782,itopride,FMO3,PharmGKB_CA,3,other
rs2266780,itopride,FMO3,PharmGKB_CA,3,other
rs3218592,capecitabine,REV3L,PharmGKB_CA,3,efficacy
rs3218592,fluorouracil,REV3L,PharmGKB_CA,3,efficacy
rs784892,metformin,AMHR2,PharmGKB_CA,3,efficacy;metabolism/pk
rs149711321,metformin,PPARA,PharmGKB_CA,3,efficacy;metabolism/pk
rs1128503,tacrolimus,ABCB1,PharmGKB_CA,4,dosage;metabolism/pk
rs1529927,bumetanide,SLC12A3,PharmGKB_CA,3,efficacy
rs1529927,furosemide,SLC12A3,PharmGKB_CA,3,efficacy
rs1529927,torasemide,SLC12A3,PharmGKB_CA,3,efficacy
rs4680,haloperidol,COMT,PharmGKB_CA,3,toxicity
rs212091,lamivudine,ABCC1,PharmGKB_CA,3,efficacy
rs212091,lopinavir,ABCC1,PharmGKB_CA,3,efficacy
rs212091,ritonavir,ABCC1,PharmGKB_CA,3,efficacy
rs212091,zidovudine,ABCC1,PharmGKB_CA,3,efficacy
rs13207351,docetaxel,VEGFA,PharmGKB_CA,3,efficacy
rs1570360,docetaxel,VEGFA,PharmGKB_CA,3,efficacy
rs1059288,aspirin,TAPBP,PharmGKB_CA,3,toxicity
rs2071888,aspirin,TAPBP,PharmGKB_CA,3,toxicity
rs10871454,phenprocoumon,STX4,PharmGKB_CA,3,dosage
rs4086116,phenprocoumon,CYP2C9,PharmGKB_CA,3,dosage
rs10912675,nicotine,FMO1,PharmGKB_CA,3,other
rs1801274,trastuzumab,FCGR2A,PharmGKB_CA,3,efficacy
rs13266634,insulin recombinant,SLC30A8,PharmGKB_CA,3,efficacy
rs13266634,zinc acetate,SLC30A8,PharmGKB_CA,3,efficacy
rs2054675,nevirapine,CYP2B6,PharmGKB_CA,3,toxicity
rs3786547,nevirapine,CYP2B6,PharmGKB_CA,3,toxicity
rs3787429,risperidone,HRH3,PharmGKB_CA,3,efficacy
rs3787430,risperidone,HRH3,PharmGKB_CA,3,efficacy
rs1800470,rituximab,TGFB1,PharmGKB_CA,3,efficacy
rs267606619,aminoglycoside antibacterials,MT-RNR1,PharmGKB_CA,1A,toxicity
rs267606618,aminoglycoside antibacterials,MT-RNR1,PharmGKB_CA,1A,toxicity
rs12221497,verapamil,NR1H3,PharmGKB_CA,3,toxicity
rs4728709,vincristine,ABCB1,PharmGKB_CA,3,toxicity
rs776746,tacrolimus,CYP3A5,PharmGKB_CA,4,toxicity
rs7200749,warfarin,VKORC1,PharmGKB_CA,3,dosage
rs7699188,fluorouracil,ABCG2,PharmGKB_CA,3,efficacy;toxicity
rs7699188,irinotecan,ABCG2,PharmGKB_CA,3,efficacy;toxicity
rs7699188,leucovorin,ABCG2,PharmGKB_CA,3,efficacy;toxicity
rs1061170,bevacizumab,CFH,PharmGKB_CA,4,efficacy
rs1061170,ranibizumab,CFH,PharmGKB_CA,4,efficacy
rs1799964,tumor necrosis factor alpha (tnf-alpha) inhibitors,TNF,PharmGKB_CA,3,efficacy
rs1801086,desflurane,RYR1,PharmGKB_CA,1A,toxicity
rs1801086,enflurane,RYR1,PharmGKB_CA,1A,toxicity
rs1801086,halothane,RYR1,PharmGKB_CA,1A,toxicity
rs1801086,isoflurane,RYR1,PharmGKB_CA,1A,toxicity
rs1801086,methoxyflurane,RYR1,PharmGKB_CA,1A,toxicity
rs1801086,sevoflurane,RYR1,PharmGKB_CA,1A,toxicity
rs1801086,succinylcholine,RYR1,PharmGKB_CA,1A,toxicity
rs193922816,desflurane,RYR1,PharmGKB_CA,1A,toxicity
rs193922816,enflurane,RYR1,PharmGKB_CA,1A,toxicity
rs193922816,halothane,RYR1,PharmGKB_CA,1A,toxicity
rs193922816,isoflurane,RYR1,PharmGKB_CA,1A,toxicity
rs193922816,methoxyflurane,RYR1,PharmGKB_CA,1A,toxicity
rs193922816,sevoflurane,RYR1,PharmGKB_CA,1A,toxicity
rs193922816,succinylcholine,RYR1,PharmGKB_CA,1A,toxicity
rs13253389,cotinine,NAT1,PharmGKB_CA,3,metabolism/pk
rs10161126,alendronate,MVK,PharmGKB_CA,3,efficacy
rs10210302,adalimumab,ATG16L1,PharmGKB_CA,3,efficacy
rs1042713,ephedrine,ADRB2,PharmGKB_CA,3,dosage
rs1042713,phenylephrine,ADRB2,PharmGKB_CA,3,dosage
rs1137101,valproic acid,LEPR,PharmGKB_CA,3,toxicity
rs1800497,valproic acid,ANKK1,PharmGKB_CA,3,toxicity
rs1934951,paclitaxel,CYP2C8,PharmGKB_CA,4,toxicity
rs1113129,paclitaxel,CYP2C8,PharmGKB_CA,3,toxicity
rs13181,docetaxel,ERCC2,PharmGKB_CA,4,toxicity
rs408626,methotrexate,DHFR,PharmGKB_CA,3,efficacy;toxicity
rs1126647,sunitinib,CXCL8,PharmGKB_CA,3,toxicity
rs1800925,sunitinib,IL13,PharmGKB_CA,3,toxicity
rs776746,tacrolimus,CYP3A5,PharmGKB_CA,3,toxicity
rs10929303,atazanavir,UGT1A1,PharmGKB_CA,3,toxicity
rs10929303,ritonavir,UGT1A1,PharmGKB_CA,3,toxicity
rs1042640,atazanavir,UGT1A1,PharmGKB_CA,3,toxicity
rs1042640,ritonavir,UGT1A1,PharmGKB_CA,3,toxicity
rs8330,atazanavir,UGT1A1,PharmGKB_CA,3,toxicity
rs8330,ritonavir,UGT1A1,PharmGKB_CA,3,toxicity
rs12505410,imatinib,ABCG2,PharmGKB_CA,3,efficacy
rs13120400,imatinib,ABCG2,PharmGKB_CA,3,efficacy
rs2725252,imatinib,ABCG2,PharmGKB_CA,3,efficacy
rs12806698,gemcitabine,RRM1,PharmGKB_CA,3,toxicity
rs12806698,platinum compounds,RRM1,PharmGKB_CA,3,toxicity
rs1544410,peginterferon alfa-2a,VDR,PharmGKB_CA,3,toxicity
rs1544410,ribavirin,VDR,PharmGKB_CA,3,toxicity
rs1611115,levodopa,DBH,PharmGKB_CA,3,efficacy
rs2857657,risperidone,CCL2,PharmGKB_CA,3,efficacy
rs4586,risperidone,CCL2,PharmGKB_CA,3,efficacy
rs4795893,risperidone,CCL2,PharmGKB_CA,3,efficacy
rs1800795,adalimumab,IL6,PharmGKB_CA,3,efficacy
rs1800795,etanercept,IL6,PharmGKB_CA,3,efficacy
rs1800795,infliximab,IL6,PharmGKB_CA,3,efficacy
rs4460839,selective serotonin reuptake inhibitors,DRD2,PharmGKB_CA,3,efficacy
rs3742106,tenofovir,ABCC4,PharmGKB_CA,3,metabolism/pk
rs7917432,tenofovir,ABCC2,PharmGKB_CA,3,toxicity
rs757639,tenofovir,OCRL,PharmGKB_CA,3,toxicity
rs7912580,haloperidol,,PharmGKB_CA,3,efficacy
rs7912580,olanzapine,,PharmGKB_CA,3,efficacy
rs7912580,quetiapine,,PharmGKB_CA,3,efficacy
rs7912580,risperidone,,PharmGKB_CA,3,efficacy
rs7912580,ziprasidone,,PharmGKB_CA,3,efficacy
rs7624766,methotrexate,,PharmGKB_CA,4,efficacy
rs7551789,aspirin,PTGER3,PharmGKB_CA,3,toxicity
rs4292,aspirin,ACE,PharmGKB_CA,3,toxicity
rs296766,thiazolidinediones,AQP2,PharmGKB_CA,3,toxicity
rs760761,citalopram,DTNBP1,PharmGKB_CA,3,efficacy
rs10752271,losartan,CAMK1D,PharmGKB_CA,3,efficacy
rs10737062,losartan,CAMK1D,PharmGKB_CA,3,efficacy
rs4880,paclitaxel,SOD2,PharmGKB_CA,3,toxicity
rs2965667,"antiinflammatory agents, non-steroids",,PharmGKB_CA,3,other
rs2965667,aspirin,,PharmGKB_CA,3,other
rs4796793,interferons,STAT3,PharmGKB_CA,3,efficacy
rs2831440,antidepressants,,PharmGKB_CA,3,efficacy
rs1128503,gefitinib,ABCB1,PharmGKB_CA,3,toxicity
rs2942857,cotinine,UGT2B10,PharmGKB_CA,3,metabolism/pk
rs181781,tacrolimus,IL3,PharmGKB_CA,3,metabolism/pk
rs57731889,clopidogrel,PEAR1,PharmGKB_CA,3,efficacy
rs2032582,clopidogrel,ABCB1,PharmGKB_CA,3,toxicity
rs4149056,lovastatin,SLCO1B1,PharmGKB_CA,1A,metabolism/pk
rs4149056,lovastatin acid,SLCO1B1,PharmGKB_CA,1A,metabolism/pk
rs4149056,pitavastatin,SLCO1B1,PharmGKB_CA,1A,metabolism/pk
rs4149056,sorafenib,SLCO1B1,PharmGKB_CA,3,toxicity
rs11209026,tumor necrosis factor alpha (tnf-alpha) inhibitors,IL23R,PharmGKB_CA,3,toxicity
rs3087243,tumor necrosis factor alpha (tnf-alpha) inhibitors,CTLA4,PharmGKB_CA,3,toxicity
rs651630,tumor necrosis factor alpha (tnf-alpha) inhibitors,SLC12A8,PharmGKB_CA,3,toxicity
rs10782001,tumor necrosis factor alpha (tnf-alpha) inhibitors,FBXL19,PharmGKB_CA,3,toxicity
rs75995567,allopurinol,AOX1,PharmGKB_CA,3,dosage
rs75995567,febuxostat,AOX1,PharmGKB_CA,3,dosage
rs3731722,allopurinol,AOX1,PharmGKB_CA,3,dosage
rs3731722,febuxostat,AOX1,PharmGKB_CA,3,dosage
rs11126740,tumor necrosis factor alpha (tnf-alpha) inhibitors,CTNNA2,PharmGKB_CA,3,efficacy
rs96844,tumor necrosis factor alpha (tnf-alpha) inhibitors,MAP3K1,PharmGKB_CA,3,efficacy
rs11265618,tocilizumab,IL6R,PharmGKB_CA,3,efficacy
rs3761548,tacrolimus,FOXP3,PharmGKB_CA,3,toxicity
rs7512462,ivacaftor,SLC26A9,PharmGKB_CA,3,efficacy
rs1045642,granisetron,ABCB1,PharmGKB_CA,3,efficacy
rs149104283,clozapine,,PharmGKB_CA,3,toxicity
rs1045642,rivaroxaban,ABCB1,PharmGKB_CA,3,metabolism/pk
rs2032582,dabigatran,ABCB1,PharmGKB_CA,3,metabolism/pk
rs2032582,rivaroxaban,ABCB1,PharmGKB_CA,3,metabolism/pk
rs544027339,phenytoin,CYP2C9,PharmGKB_CA,3,toxicity
rs1029359343,phenytoin,CYP2C9,PharmGKB_CA,3,toxicity
rs56005131,fluorouracil,DPYD,PharmGKB_CA,1A,other
rs1184321568,fluorouracil,DPYD,PharmGKB_CA,3,other
rs6280,levodopa,DRD3,PharmGKB_CA,3,toxicity
rs1799732,levodopa,DRD2,PharmGKB_CA,3,toxicity
rs2266782,sulindac,FMO3,PharmGKB_CA,3,metabolism/pk
rs2266780,sulindac,FMO3,PharmGKB_CA,3,metabolism/pk
rs1045642,clopidogrel,ABCB1,PharmGKB_CA,4,efficacy
rs4986893,phenytoin,CYP2C19,PharmGKB_CA,3,toxicity
rs1048977,capecitabine,CDA,PharmGKB_CA,3,toxicity
rs2032582,atazanavir,ABCB1,PharmGKB_CA,3,toxicity
rs1045642,rivaroxaban,ABCB1,PharmGKB_CA,3,toxicity
rs4148738,apixaban,ABCB1,PharmGKB_CA,3,toxicity
rs7968606,amisulpride,ANKS1B,PharmGKB_CA,3,efficacy
rs727479,anastrozole,CYP19A1,PharmGKB_CA,3,efficacy
rs1801252,beta blocking agents,ADRB1,PharmGKB_CA,3,toxicity
rs2070762,methylphenidate,TH,PharmGKB_CA,3,efficacy
rs72800847,warfarin,STX1B,PharmGKB_CA,3,dosage
rs3826041,warfarin,CYP1A1,PharmGKB_CA,3,dosage
rs2304429,warfarin,DNMT3A,PharmGKB_CA,3,dosage
rs2306283,irinotecan,SLCO1B1,PharmGKB_CA,4,toxicity
rs10741657,peginterferon alfa-2b,CYP2R1,PharmGKB_CA,3,efficacy
rs10741657,ribavirin,CYP2R1,PharmGKB_CA,3,efficacy
rs2032582,methadone,ABCB1,PharmGKB_CA,3,metabolism/pk
rs13144136,antihypertensives,CLNK,PharmGKB_CA,3,efficacy
rs1131882,aspirin,TBXA2R,PharmGKB_CA,3,efficacy;toxicity
rs2254638,clopidogrel,N6AMT1,PharmGKB_CA,3,efficacy
rs1045642,omeprazole,ABCB1,PharmGKB_CA,3,efficacy;metabolism/pk
rs1022563,opioids,PDYN,PharmGKB_CA,3,toxicity
rs9958628,pegaspargase,ARHGAP28,PharmGKB_CA,3,toxicity
rs746071566,mercaptopurine,NUDT15,PharmGKB_CA,3,dosage;toxicity
rs738409,asparaginase,PNPLA3,PharmGKB_CA,3,toxicity
rs738409,cyclophosphamide,PNPLA3,PharmGKB_CA,3,toxicity
rs738409,daunorubicin,PNPLA3,PharmGKB_CA,3,toxicity
rs738409,prednisolone,PNPLA3,PharmGKB_CA,3,toxicity
rs738409,vincristine,PNPLA3,PharmGKB_CA,3,toxicity
rs3745274,nevirapine,CYP2B6,PharmGKB_CA,4,toxicity
rs1997794,opioids,PDYN,PharmGKB_CA,3,toxicity
rs1884613,efavirenz,HNF4A,PharmGKB_CA,3,metabolism/pk
rs6493497,exemestane,CYP19A1,PharmGKB_CA,3,toxicity
rs6493497,letrozole,CYP19A1,PharmGKB_CA,3,toxicity
rs4149056,enalapril,SLCO1B1,PharmGKB_CA,3,toxicity
rs2032582,modafinil,ABCB1,PharmGKB_CA,3,efficacy
rs1801253,catecholamines,ADRB1,PharmGKB_CA,3,dosage
rs3740065,tamoxifen,ABCC2,PharmGKB_CA,3,efficacy
rs130072,nevirapine,CCHCR1,PharmGKB_CA,3,toxicity
rs2073724,nevirapine,TCF19,PharmGKB_CA,3,toxicity
rs17495520,salbutamol,,PharmGKB_CA,3,efficacy
rs1419555,salbutamol,,PharmGKB_CA,3,efficacy
rs1057868,nicotine,POR,PharmGKB_CA,3,metabolism/pk
rs34993780,sn-38,UGT1A9,PharmGKB_CA,3,metabolism/pk
rs1128503,simvastatin,ABCB1,PharmGKB_CA,3,efficacy
rs3754446,busulfan,GSTM1,PharmGKB_CA,3,metabolism/pk
rs2031920,drugs for treatment of tuberculosis,CYP2E1,PharmGKB_CA,4,toxicity
rs6551665,methylphenidate,ADGRL3,PharmGKB_CA,3,efficacy
rs4292394,methadone,UGT2B7,PharmGKB_CA,3,efficacy;toxicity
rs374150125,cladribine,NT5C1A,PharmGKB_CA,3,other
rs374150125,fluorouracil,NT5C1A,PharmGKB_CA,3,other
rs374150125,gemcitabine,NT5C1A,PharmGKB_CA,3,other
rs7091672,platinum compounds,EIF3A,PharmGKB_CA,3,toxicity
rs11649514,atenolol,PRKCB,PharmGKB_CA,3,toxicity
rs72551330,sulfinpyrazone,UGT1A9,PharmGKB_CA,3,metabolism/pk
rs2307424,efavirenz,NR1I3,PharmGKB_CA,3,metabolism/pk
rs3003596,efavirenz,NR1I3,PharmGKB_CA,3,metabolism/pk
rs3814055,carbamazepine,NR1I2,PharmGKB_CA,3,metabolism/pk
rs2461817,carbamazepine,NR1I2,PharmGKB_CA,3,metabolism/pk
rs7643645,carbamazepine,NR1I2,PharmGKB_CA,3,metabolism/pk
rs28365063,carbamazepine,UGT2B7,PharmGKB_CA,3,metabolism/pk
rs4803381,nicotine,CYP2A6,PharmGKB_CA,3,metabolism/pk
rs2740574,carbamazepine,CYP3A4,PharmGKB_CA,3,metabolism/pk
rs1076560,cocaine,DRD2,PharmGKB_CA,3,toxicity
rs1695,cisplatin,GSTP1,PharmGKB_CA,3,toxicity
rs1128503,carbamazepine,ABCB1,PharmGKB_CA,4,metabolism/pk
rs4803381,bupropion,CYP2A6,PharmGKB_CA,3,efficacy
rs4803381,drugs used in nicotine dependence,CYP2A6,PharmGKB_CA,3,efficacy
rs2291075,cytarabine,SLCO1B1,PharmGKB_CA,3,efficacy
rs2291075,daunorubicin,SLCO1B1,PharmGKB_CA,3,efficacy
rs2291075,etoposide,SLCO1B1,PharmGKB_CA,3,efficacy
rs2291075,mitoxantrone,SLCO1B1,PharmGKB_CA,3,efficacy
rs1799732,antipsychotics,DRD2,PharmGKB_CA,3,toxicity
rs7248668,peginterferon alfa-2a,IFNL3,PharmGKB_CA,3,efficacy
rs7248668,peginterferon alfa-2b,IFNL3,PharmGKB_CA,3,efficacy
rs7248668,ribavirin,IFNL3,PharmGKB_CA,3,efficacy
rs8105790,peginterferon alfa-2a,IFNL3,PharmGKB_CA,3,efficacy
rs8105790,peginterferon alfa-2b,IFNL3,PharmGKB_CA,3,efficacy
rs8105790,ribavirin,IFNL3,PharmGKB_CA,3,efficacy
rs4803217,peginterferon alfa-2a,IFNL3,PharmGKB_CA,3,efficacy
rs4803217,peginterferon alfa-2b,IFNL3,PharmGKB_CA,3,efficacy
rs4803217,ribavirin,IFNL3,PharmGKB_CA,3,efficacy
rs11568658,valganciclovir,ABCC4,PharmGKB_CA,3,toxicity
rs2229109,valganciclovir,ABCB1,PharmGKB_CA,3,toxicity
rs776746,imatinib,CYP3A5,PharmGKB_CA,3,metabolism/pk
rs11125,antibiotics,LGALS3,PharmGKB_CA,3,toxicity
rs5370,bevacizumab,EDN1,PharmGKB_CA,3,efficacy
rs3025039,bevacizumab,VEGFA,PharmGKB_CA,3,efficacy
rs2546890,tumor necrosis factor alpha (tnf-alpha) inhibitors,IL12B,PharmGKB_CA,3,efficacy
rs6908425,tumor necrosis factor alpha (tnf-alpha) inhibitors,CDKAL1,PharmGKB_CA,3,efficacy
rs12191877,tumor necrosis factor alpha (tnf-alpha) inhibitors,HLA-C,PharmGKB_CA,3,efficacy
rs9304742,tumor necrosis factor alpha (tnf-alpha) inhibitors,ZNF816,PharmGKB_CA,3,efficacy
rs11124945,atenolol,PLEKHH2,PharmGKB_CA,3,toxicity
rs11124945,verapamil,PLEKHH2,PharmGKB_CA,3,toxicity
rs2295632,morphine,FAAH,PharmGKB_CA,3,toxicity
rs261316,atenolol,ALDH1A2,PharmGKB_CA,3,efficacy
rs261316,hydrochlorothiazide,ALDH1A2,PharmGKB_CA,3,efficacy
rs7604115,montelukast,UGT1A3,PharmGKB_CA,3,metabolism/pk
rs704212,montelukast,ABCC9,PharmGKB_CA,3,metabolism/pk
rs1045642,fentanyl,ABCB1,PharmGKB_CA,3,toxicity
rs2032582,fentanyl,ABCB1,PharmGKB_CA,3,toxicity
rs1128503,fentanyl,ABCB1,PharmGKB_CA,3,toxicity
rs7583431,fentanyl,ATF2,PharmGKB_CA,3,efficacy
rs4646450,tacrolimus,CYP3A5;ZSCAN25,PharmGKB_CA,3,metabolism/pk
rs12248560,phenazepam,CYP2C19,PharmGKB_CA,3,efficacy
rs12148896,gemcitabine,SLC28A1,PharmGKB_CA,3,toxicity
rs3825876,gemcitabine,SLC28A1,PharmGKB_CA,3,toxicity
rs785423,risperidone,TJP1,PharmGKB_CA,3,efficacy
rs1799971,naloxone,OPRM1,PharmGKB_CA,3,toxicity
rs1799971,oxycodone,OPRM1,PharmGKB_CA,3,toxicity
rs4680,naloxone,COMT,PharmGKB_CA,3,toxicity
rs4680,oxycodone,COMT,PharmGKB_CA,3,toxicity
rs4680,naloxone,COMT,PharmGKB_CA,3,toxicity
rs4680,oxycodone,COMT,PharmGKB_CA,3,toxicity
rs1540339,selective beta-2-adrenoreceptor agonists,VDR,PharmGKB_CA,3,efficacy
rs75039782,ataluren,CFTR,PharmGKB_CA,3,other
rs77010898,ataluren,CFTR,PharmGKB_CA,3,other
rs13431554,clopidogrel,IRS1,PharmGKB_CA,3,efficacy
rs4278350,interferon beta-1a,,PharmGKB_CA,3,efficacy
rs4278350,interferon beta-1b,,PharmGKB_CA,3,efficacy
rs10494227,interferon beta-1a,ZNF697,PharmGKB_CA,3,efficacy
rs10494227,interferon beta-1b,ZNF697,PharmGKB_CA,3,efficacy
rs760316,interferon beta-1a,FHIT,PharmGKB_CA,3,efficacy
rs760316,interferon beta-1b,FHIT,PharmGKB_CA,3,efficacy
rs1448673,interferon beta-1a,,PharmGKB_CA,3,efficacy
rs1448673,interferon beta-1b,,PharmGKB_CA,3,efficacy
rs5186,losartan,AGTR1,PharmGKB_CA,3,efficacy
rs1128503,tipifarnib,ABCB1,PharmGKB_CA,3,metabolism/pk
rs1544410,conjugated estrogens,VDR,PharmGKB_CA,3,efficacy
rs1544410,medroxyprogesterone,VDR,PharmGKB_CA,3,efficacy
rs72551344,sn-38,UGT1A9,PharmGKB_CA,3,metabolism/pk
rs688,lovastatin,LDLR,PharmGKB_CA,3,efficacy
rs705379,atorvastatin,PON1,PharmGKB_CA,3,efficacy
rs705379,simvastatin,PON1,PharmGKB_CA,3,efficacy
rs1128503,simvastatin,ABCB1,PharmGKB_CA,3,toxicity
rs4244285,nelfinavir,CYP2C19,PharmGKB_CA,3,metabolism/pk
rs292449,hydrochlorothiazide,NEDD4L,PharmGKB_CA,3,efficacy
rs4341,"thiazides, plain",ACE,PharmGKB_CA,3,toxicity
rs3789243,antiepileptics,ABCB1,PharmGKB_CA,3,efficacy
rs1041983,ethambutol,NAT2,PharmGKB_CA,3,toxicity
rs1041983,isoniazid,NAT2,PharmGKB_CA,3,toxicity
rs1041983,pyrazinamide,NAT2,PharmGKB_CA,3,toxicity
rs1041983,rifampin,NAT2,PharmGKB_CA,3,toxicity
rs1947275,methylphenidate,ADGRL3,PharmGKB_CA,3,efficacy
rs2010963,sorafenib,VEGFA,PharmGKB_CA,3,efficacy
rs4604006,sorafenib,,PharmGKB_CA,3,efficacy
rs2070744,sorafenib,NOS3,PharmGKB_CA,3,efficacy
rs1799983,sorafenib,NOS3,PharmGKB_CA,3,efficacy
rs1045642,"antivirals for treatment of hiv infections, combinations",ABCB1,PharmGKB_CA,3,toxicity
rs1045642,drugs for treatment of tuberculosis,ABCB1,PharmGKB_CA,3,toxicity
rs3745274,"antivirals for treatment of hiv infections, combinations",CYP2B6,PharmGKB_CA,3,toxicity
rs3745274,drugs for treatment of tuberculosis,CYP2B6,PharmGKB_CA,3,toxicity
rs4148740,carbamazepine,ABCB1,PharmGKB_CA,3,metabolism/pk
rs61361928,ticagrelor,UGT2B7,PharmGKB_CA,3,metabolism/pk
rs1128503,codeine,ABCB1,PharmGKB_CA,3,toxicity
rs1799964,stavudine,TNF,PharmGKB_CA,3,toxicity
rs637137,nicotine,CHRNA5,PharmGKB_CA,3,toxicity
rs684513,nicotine,CHRNA5,PharmGKB_CA,3,toxicity
rs1695,isoniazid,GSTP1,PharmGKB_CA,3,toxicity
rs1695,rifampin,GSTP1,PharmGKB_CA,3,toxicity
rs3806596,deferasirox,UGT1A3,PharmGKB_CA,3,efficacy;metabolism/pk
rs13120400,deferasirox,ABCG2,PharmGKB_CA,3,efficacy;metabolism/pk
rs4673,doxorubicin,CYBA,PharmGKB_CA,3,efficacy;toxicity
rs4673,idarubicin,CYBA,PharmGKB_CA,3,efficacy;toxicity
rs8113007,peginterferon alfa-2b,,PharmGKB_CA,3,efficacy
rs8113007,ribavirin,,PharmGKB_CA,3,efficacy
rs1800497,aripiprazole,ANKK1,PharmGKB_CA,3,efficacy
rs746647,nevirapine,CCHCR1,PharmGKB_CA,3,toxicity
rs17701271,salbutamol,,PharmGKB_CA,3,efficacy
rs2231142,gefitinib,ABCG2,PharmGKB_CA,4,toxicity
rs5443,"thiazides, plain",GNB3,PharmGKB_CA,3,toxicity
rs1355368,methylphenidate,ADGRL3,PharmGKB_CA,3,efficacy
rs4271002,aspirin,NAT2,PharmGKB_CA,3,toxicity
rs370457585,cladribine,NT5C1A,PharmGKB_CA,3,other
rs370457585,fluorouracil,NT5C1A,PharmGKB_CA,3,other
rs370457585,gemcitabine,NT5C1A,PharmGKB_CA,3,other
rs11947402,citalopram,TSPAN5,PharmGKB_CA,4,other
rs11947402,escitalopram,TSPAN5,PharmGKB_CA,4,other
rs17021408,cyclophosphamide,,PharmGKB_CA,3,toxicity
rs17021408,cytarabine,,PharmGKB_CA,3,toxicity
rs17021408,daunorubicin,,PharmGKB_CA,3,toxicity
rs17021408,dexamethasone,,PharmGKB_CA,3,toxicity
rs17021408,doxorubicin,,PharmGKB_CA,3,toxicity
rs17021408,methotrexate,,PharmGKB_CA,3,toxicity
rs17021408,pegaspargase,,PharmGKB_CA,3,toxicity
rs17021408,prednisone,,PharmGKB_CA,3,toxicity
rs17021408,thioguanine,,PharmGKB_CA,3,toxicity
rs17021408,vincristine,,PharmGKB_CA,3,toxicity
rs10853728,peginterferon alfa-2b,,PharmGKB_CA,3,efficacy
rs10853728,ribavirin,,PharmGKB_CA,3,efficacy
rs28416813,peginterferon alfa-2a,IFNL3,PharmGKB_CA,3,efficacy
rs28416813,peginterferon alfa-2b,IFNL3,PharmGKB_CA,3,efficacy
rs28416813,ribavirin,IFNL3,PharmGKB_CA,3,efficacy
rs2011425,tamoxifen,UGT1A4,PharmGKB_CA,3,metabolism/pk
rs113993960,cysteamine,CFTR,PharmGKB_CA,3,efficacy
rs1801133,folic acid,MTHFR,PharmGKB_CA,3,metabolism/pk
rs78655421,ivacaftor,CFTR,PharmGKB_CA,1A,efficacy
rs17602729,regadenoson,AMPD1,PharmGKB_CA,3,toxicity
rs2231135,methotrexate,ABCG2,PharmGKB_CA,3,toxicity
rs1650723,methotrexate,DHFR,PharmGKB_CA,3,toxicity
rs1053129,methotrexate,DHFR,PharmGKB_CA,3,efficacy
rs183484,gemcitabine,RRM1,PharmGKB_CA,3,efficacy
rs4344,ramipril,ACE,PharmGKB_CA,3,efficacy
rs4359,ramipril,ACE,PharmGKB_CA,3,efficacy
rs5186,perindopril,AGTR1,PharmGKB_CA,3,efficacy
rs3780126,bevacizumab,GGH,PharmGKB_CA,3,efficacy
rs3780126,pemetrexed,GGH,PharmGKB_CA,3,efficacy
rs712830,cetuximab,EGFR,PharmGKB_CA,3,toxicity
rs712830,irinotecan,EGFR,PharmGKB_CA,3,toxicity
rs712830,leucovorin,EGFR,PharmGKB_CA,3,toxicity
rs712830,tegafur,EGFR,PharmGKB_CA,3,toxicity
rs878567,methamphetamine,HTR1A,PharmGKB_CA,3,toxicity
rs7142143,asparaginase,PYGL,PharmGKB_CA,3,efficacy
rs7142143,dexamethasone,PYGL,PharmGKB_CA,3,efficacy
rs7142143,methotrexate,PYGL,PharmGKB_CA,3,efficacy
rs800292,bevacizumab,CFH,PharmGKB_CA,3,efficacy
rs11200638,bevacizumab,HTRA1,PharmGKB_CA,4,efficacy
rs11200638,ranibizumab,HTRA1,PharmGKB_CA,4,efficacy
rs6600879,methadone,UGT2B7,PharmGKB_CA,3,efficacy;toxicity
rs6600880,methadone,UGT2B7,PharmGKB_CA,3,efficacy;toxicity
rs4554144,methadone,UGT2B7,PharmGKB_CA,3,efficacy;toxicity
rs11940316,methadone,UGT2B7,PharmGKB_CA,3,efficacy;toxicity
rs7438135,methadone,UGT2B7,PharmGKB_CA,3,efficacy;toxicity
rs7662029,methadone,UGT2B7,PharmGKB_CA,3,efficacy;toxicity
rs2108623,anthracyclines and related substances,CYP4F2,PharmGKB_CA,4,toxicity
rs4818,quetiapine,COMT,PharmGKB_CA,3,efficacy
rs1544105,methotrexate,FPGS,PharmGKB_CA,3,metabolism/pk
rs6108160,selective serotonin reuptake inhibitors,PLCB1,PharmGKB_CA,3,efficacy
rs183205964,capecitabine,TYMS,PharmGKB_CA,3,toxicity
rs183205964,fluorouracil,TYMS,PharmGKB_CA,3,toxicity
rs183205964,tegafur,TYMS,PharmGKB_CA,3,toxicity
rs6314,olanzapine,HTR2A,PharmGKB_CA,3,efficacy
rs7958904,platinum compounds,HOTAIR,PharmGKB_CA,3,efficacy
rs2513265,antipsychotics,,PharmGKB_CA,3,efficacy
rs619586,platinum compounds,MALAT1,PharmGKB_CA,3,efficacy
rs2839698,platinum compounds,H19,PharmGKB_CA,3,efficacy
rs1800544,selective serotonin reuptake inhibitors,ADRA2A,PharmGKB_CA,3,efficacy
rs6983267,platinum compounds,,PharmGKB_CA,3,efficacy
rs2075572,methadone,OPRM1,PharmGKB_CA,3,toxicity
rs1799971,methadone,OPRM1,PharmGKB_CA,3,toxicity
rs2813543,exemestane,ESR1,PharmGKB_CA,3,toxicity
rs1875705,risperidone,GRID2,PharmGKB_CA,3,efficacy
rs4135385,cyclophosphamide,CTNNB1,PharmGKB_CA,3,efficacy;toxicity
rs4135385,dexamethasone,CTNNB1,PharmGKB_CA,3,efficacy;toxicity
rs4135385,lenalidomide,CTNNB1,PharmGKB_CA,3,efficacy;toxicity
rs4135385,thalidomide,CTNNB1,PharmGKB_CA,3,efficacy;toxicity
rs17863783,anthracyclines and related substances,UGT1A6,PharmGKB_CA,4,toxicity
rs4533622,lenalidomide,CTNNB1,PharmGKB_CA,3,efficacy;toxicity
rs4533622,thalidomide,CTNNB1,PharmGKB_CA,3,efficacy;toxicity
rs2069062,risperidone,GRM7,PharmGKB_CA,3,efficacy
rs4880,asparaginase,SOD2,PharmGKB_CA,3,toxicity
rs10819043,interferon beta-1a,GAPVD1,PharmGKB_CA,3,efficacy
rs10819043,interferon beta-1b,GAPVD1,PharmGKB_CA,3,efficacy
rs1127354,mercaptopurine,ITPA,PharmGKB_CA,4,toxicity
rs11253043,exemestane,AKR1C4,PharmGKB_CA,3,metabolism/pk
rs3750920,acetylcysteine,TOLLIP,PharmGKB_CA,3,efficacy
rs7772821,corticosteroids,TAAR6,PharmGKB_CA,3,efficacy
rs4148739,carbamazepine,ABCB1,PharmGKB_CA,3,metabolism/pk
rs875858,docetaxel,VAC14,PharmGKB_CA,3,toxicity
rs80223967,cyclophosphamide,,PharmGKB_CA,3,toxicity
rs80223967,cytarabine,,PharmGKB_CA,3,toxicity
rs80223967,daunorubicin,,PharmGKB_CA,3,toxicity
rs80223967,dexamethasone,,PharmGKB_CA,3,toxicity
rs80223967,doxorubicin,,PharmGKB_CA,3,toxicity
rs80223967,methotrexate,,PharmGKB_CA,3,toxicity
rs80223967,pegaspargase,,PharmGKB_CA,3,toxicity
rs80223967,prednisone,,PharmGKB_CA,3,toxicity
rs80223967,thioguanine,,PharmGKB_CA,3,toxicity
rs80223967,vincristine,,PharmGKB_CA,3,toxicity
rs72552713,sulfasalazine,ABCG2,PharmGKB_CA,3,metabolism/pk
rs2112460,antidepressants,CACNA1A,PharmGKB_CA,3,efficacy
rs16969968,ethanol,CHRNA5,PharmGKB_CA,3,other
rs1051730,ethanol,CHRNA3,PharmGKB_CA,3,other
rs5275,capecitabine,PTGS2,PharmGKB_CA,3,efficacy
rs5275,oxaliplatin,PTGS2,PharmGKB_CA,3,efficacy
rs12364283,amphetamine,DRD2,PharmGKB_CA,3,other
rs11788456,nicotine,GRIN3A,PharmGKB_CA,3,other
rs2070995,methadone,KCNJ6,PharmGKB_CA,3,other
rs578776,ethanol,CHRNA3,PharmGKB_CA,3,other
rs615470,ethanol,CHRNA5,PharmGKB_CA,3,other
rs684513,cocaine,CHRNA5,PharmGKB_CA,3,other
rs4402960,repaglinide,IGF2BP2,PharmGKB_CA,3,efficacy
rs1470579,repaglinide,IGF2BP2,PharmGKB_CA,3,efficacy
rs2975226,clozapine,SLC6A3,PharmGKB_CA,3,efficacy
rs1205,rosuvastatin,CRP,PharmGKB_CA,3,efficacy
rs2808630,rosuvastatin,,PharmGKB_CA,3,efficacy
rs1125394,cocaine,DRD2,PharmGKB_CA,3,other
rs1149222,anthracyclines and related substances,ABCB4,PharmGKB_CA,4,toxicity
rs4148808,anthracyclines and related substances,ABCB4,PharmGKB_CA,4,toxicity
rs2019604,anthracyclines and related substances,SPG7,PharmGKB_CA,4,toxicity
rs4149056,cyclophosphamide,SLCO1B1,PharmGKB_CA,3,toxicity
rs4149056,docetaxel,SLCO1B1,PharmGKB_CA,3,toxicity
rs4149056,doxorubicin,SLCO1B1,PharmGKB_CA,3,toxicity
rs4149056,epirubicin,SLCO1B1,PharmGKB_CA,3,toxicity
rs4149056,fluorouracil,SLCO1B1,PharmGKB_CA,3,toxicity
rs50872,platinum compounds,ERCC2,PharmGKB_CA,3,toxicity
rs7170924,platinum compounds,IL16,PharmGKB_CA,3,toxicity
rs1128503,platinum compounds,ABCB1,PharmGKB_CA,3,toxicity
rs1051296,methotrexate,SLC19A1,PharmGKB_CA,3,metabolism/pk
rs9934438,warfarin,VKORC1,PharmGKB_CA,3,efficacy
rs179008,imiquimod,TLR7,PharmGKB_CA,3,efficacy
rs4646437,voriconazole,CYP3A4,PharmGKB_CA,3,metabolism/pk
rs2291858,interferon beta-1a,GAPVD1,PharmGKB_CA,3,efficacy
rs2291858,interferon beta-1b,GAPVD1,PharmGKB_CA,3,efficacy
rs1045642,platinum compounds,ABCB1,PharmGKB_CA,3,efficacy
rs2070744,enalapril,NOS3,PharmGKB_CA,3,efficacy
rs2242046,gemcitabine,SLC28A1,PharmGKB_CA,3,toxicity
rs719235,methotrexate,GGH,PharmGKB_CA,3,toxicity
rs5186,losartan,AGTR1,PharmGKB_CA,3,efficacy
rs699,quinapril,AGT,PharmGKB_CA,3,efficacy
rs2125739,nevirapine,ABCC10,PharmGKB_CA,3,metabolism/pk
rs1265112,nevirapine,CCHCR1,PharmGKB_CA,3,toxicity
rs8192719,efavirenz,CYP2B6,PharmGKB_CA,3,metabolism/pk
rs4986910,fluvastatin,CYP3A4,PharmGKB_CA,3,efficacy
rs1800588,fluvastatin,LIPC,PharmGKB_CA,3,efficacy
rs1800588,simvastatin,LIPC,PharmGKB_CA,3,efficacy
rs1800588,pravastatin,LIPC,PharmGKB_CA,3,efficacy
rs2869950,nicotine,CHRNB4,PharmGKB_CA,3,toxicity
rs11716445,pravastatin,RHOA,PharmGKB_CA,3,efficacy
rs11716445,simvastatin,RHOA,PharmGKB_CA,3,efficacy
rs2854744,fluorouracil,IGFBP3,PharmGKB_CA,3,efficacy
rs8192725,tegafur,CYP2A6,PharmGKB_CA,3,other
rs8192720,tegafur,CYP2A6,PharmGKB_CA,3,other
rs28399433,tegafur,CYP2A6,PharmGKB_CA,3,other
rs10916852,gemcitabine,SH2D5,PharmGKB_CA,3,efficacy
rs7543016,gemcitabine,CMPK1,PharmGKB_CA,3,efficacy
rs35687416,gemcitabine,CMPK1,PharmGKB_CA,3,efficacy
rs12507552,gemcitabine,DCTD,PharmGKB_CA,3,efficacy
rs274717,gemcitabine,TENT4A,PharmGKB_CA,3,efficacy
rs274713,gemcitabine,TENT4A,PharmGKB_CA,3,efficacy
rs62621365,exemestane,AKR1C3,PharmGKB_CA,3,metabolism/pk
rs750996195,bufuralol,CYP2D6,PharmGKB_CA,3,metabolism/pk
rs750996195,dextromethorphan,CYP2D6,PharmGKB_CA,3,metabolism/pk
rs745746329,bufuralol,CYP2D6,PharmGKB_CA,3,metabolism/pk
rs745746329,dextromethorphan,CYP2D6,PharmGKB_CA,3,metabolism/pk
rs12143842,amlodipine,,PharmGKB_CA,3,efficacy
rs12143842,chlorthalidone,,PharmGKB_CA,3,efficacy
rs12143842,lisinopril,,PharmGKB_CA,3,efficacy
rs1042714,atenolol,ADRB2,PharmGKB_CA,3,toxicity
rs1042714,metoprolol,ADRB2,PharmGKB_CA,3,toxicity
rs1061170,photodynamic therapy,CFH,PharmGKB_CA,4,efficacy
rs578776,nicotine,CHRNA3,PharmGKB_CA,3,efficacy;toxicity
rs12718541,nicotine,DDC,PharmGKB_CA,3,toxicity
rs265976,clozapine,DRD1,PharmGKB_CA,3,efficacy
rs324420,cannabinoids,FAAH,PharmGKB_CA,3,toxicity
rs7973796,olanzapine,PMCH,PharmGKB_CA,3,toxicity
rs3735451,methadone,CYP3A4,PharmGKB_CA,3,toxicity
rs762551,carbamazepine,CYP1A2,PharmGKB_CA,3,metabolism/pk
rs77107237,cotinine,,PharmGKB_CA,3,metabolism/pk
rs699947,enalapril,VEGFA,PharmGKB_CA,3,efficacy
rs16935279,antiepileptics,,PharmGKB_CA,3,metabolism/pk
rs11045819,rifampin,SLCO1B1,PharmGKB_CA,3,metabolism/pk
rs2299939,carboplatin,PTEN,PharmGKB_CA,3,toxicity
rs2299939,cisplatin,PTEN,PharmGKB_CA,3,toxicity
rs2523864,triamcinolone,HCG22,PharmGKB_CA,3,toxicity
rs3873352,triamcinolone,HCG22,PharmGKB_CA,3,toxicity
rs1042718,fentanyl,ADRB2,PharmGKB_CA,3,toxicity
rs1042718,propofol,ADRB2,PharmGKB_CA,3,toxicity
rs1042718,remifentanil,ADRB2,PharmGKB_CA,3,toxicity
rs1042718,sevoflurane,ADRB2,PharmGKB_CA,3,toxicity
rs17501331,irinotecan,ABCC1,PharmGKB_CA,3,toxicity
rs1057868,sirolimus,POR,PharmGKB_CA,3,metabolism/pk
rs508448,heroin,OPRD1,PharmGKB_CA,3,other
rs2074957,ethanol,PIP5K1C,PharmGKB_CA,3,toxicity
rs2292596,methotrexate,AHRR,PharmGKB_CA,3,efficacy
rs1128503,antiepileptics,ABCB1,PharmGKB_CA,4,efficacy
rs4646440,methadone,CYP3A4,PharmGKB_CA,3,toxicity
rs4646437,methadone,CYP3A4,PharmGKB_CA,3,toxicity
rs113993960,ivacaftor,CFTR,PharmGKB_CA,1A,efficacy
rs113993960,lumacaftor,CFTR,PharmGKB_CA,1A,efficacy
rs2246709,methadone,CYP3A4,PharmGKB_CA,3,toxicity
rs16909440,lithium,OR52E2,PharmGKB_CA,3,efficacy
rs11869731,lithium,ASIC2,PharmGKB_CA,3,efficacy
rs16973410,lithium,,PharmGKB_CA,3,efficacy
rs1800012,somatropin recombinant,COL1A1,PharmGKB_CA,3,dosage
rs28371706,nevirapine,CYP2D6,PharmGKB_CA,3,metabolism/pk
rs77010898,curcumin,CFTR,PharmGKB_CA,3,efficacy
rs77010898,ivacaftor,CFTR,PharmGKB_CA,3,efficacy
rs7754840,dipeptidyl peptidase 4 (dpp-4) inhibitors,CDKAL1,PharmGKB_CA,3,efficacy
rs232043,cisplatin,RRM1,PharmGKB_CA,3,efficacy
rs232043,gemcitabine,RRM1,PharmGKB_CA,3,efficacy
rs720106,cisplatin,RRM1,PharmGKB_CA,3,efficacy
rs720106,gemcitabine,RRM1,PharmGKB_CA,3,efficacy
rs9725457,docetaxel,NR1I3,PharmGKB_CA,3,toxicity
rs8450,cyclosporine,CRTC2,PharmGKB_CA,3,toxicity
rs8450,tacrolimus,CRTC2,PharmGKB_CA,3,toxicity
rs1800544,milnacipran,ADRA2A,PharmGKB_CA,3,efficacy
rs3087403,cisplatin,REV1,PharmGKB_CA,3,efficacy
rs12118636,carboplatin,,PharmGKB_CA,3,efficacy
rs12118636,cisplatin,,PharmGKB_CA,3,efficacy
rs12118636,gemcitabine,,PharmGKB_CA,3,efficacy
rs2036657,methamphetamine,ARRB2,PharmGKB_CA,3,toxicity
rs1801058,metoprolol,GRK4,PharmGKB_CA,3,efficacy
rs2727786,fenofibrate,APOA1,PharmGKB_CA,3,efficacy
rs320,fenofibrate,LPL,PharmGKB_CA,3,efficacy
rs1801282,olanzapine,PPARG,PharmGKB_CA,3,toxicity
rs705379,atorvastatin,PON1,PharmGKB_CA,3,efficacy
rs1801266,fluorouracil,DPYD,PharmGKB_CA,1A,other
rs1801268,fluorouracil,DPYD,PharmGKB_CA,1A,other
rs72549306,fluorouracil,DPYD,PharmGKB_CA,1A,other
rs78060119,fluorouracil,DPYD,PharmGKB_CA,1A,toxicity
rs115632870,fluorouracil,DPYD,PharmGKB_CA,3,other
rs56038477,fluorouracil,DPYD,PharmGKB_CA,1A,toxicity
rs72728438,fluorouracil,DPYD,PharmGKB_CA,3,other
rs2847153,fluorouracil,TYMS,PharmGKB_CA,3,efficacy
rs4386686,endoxifen,,PharmGKB_CA,3,other
rs2072658,nicotine,CHRNB2,PharmGKB_CA,3,other
rs6296,citalopram,HTR1B,PharmGKB_CA,3,toxicity
rs12621220,platinum compounds,IL1B,PharmGKB_CA,3,toxicity
rs1143623,platinum compounds,IL1B,PharmGKB_CA,3,toxicity
rs2306283,sorafenib,SLCO1B1,PharmGKB_CA,3,toxicity
rs1870377,sorafenib,KDR,PharmGKB_CA,3,toxicity
rs1061781,clopidogrel,B4GALT2,PharmGKB_CA,3,efficacy
rs3759467,rituximab,,PharmGKB_CA,3,efficacy
rs34650714,allopurinol,UGT1A1;UGT1A10;UGT1A3;UGT1A4;UGT1A5;UGT1A6;UGT1A7;UGT1A8;UGT1A9,PharmGKB_CA,3,dosage
rs34650714,febuxostat,UGT1A1;UGT1A10;UGT1A3;UGT1A4;UGT1A5;UGT1A6;UGT1A7;UGT1A8;UGT1A9,PharmGKB_CA,3,dosage
rs72549303,fluorouracil,DPYD,PharmGKB_CA,1A,other
rs72549309,fluorouracil,DPYD,PharmGKB_CA,1A,other
rs1060896,gemcitabine,SLC28A2,PharmGKB_CA,3,efficacy;toxicity
rs2283265,cocaine,DRD2,PharmGKB_CA,3,toxicity
rs699,"ace inhibitors, plain",AGT,PharmGKB_CA,3,efficacy
rs4646244,ethambutol,NAT2,PharmGKB_CA,3,toxicity;metabolism/pk
rs4646244,isoniazid,NAT2,PharmGKB_CA,3,toxicity;metabolism/pk
rs4646244,pyrazinamide,NAT2,PharmGKB_CA,3,toxicity;metabolism/pk
rs4646244,rifampin,NAT2,PharmGKB_CA,3,toxicity;metabolism/pk
rs6813183,methylphenidate,ADGRL3,PharmGKB_CA,3,efficacy
rs1803274,rivastigmine,BCHE,PharmGKB_CA,3,efficacy
rs717620,tamoxifen,ABCC2,PharmGKB_CA,3,efficacy
rs3806596,atazanavir,UGT1A3,PharmGKB_CA,3,toxicity
rs3806596,ritonavir,UGT1A3,PharmGKB_CA,3,toxicity
rs2306283,rifampin,SLCO1B1,PharmGKB_CA,3,metabolism/pk
rs10948059,mercaptopurine,GNMT,PharmGKB_CA,3,toxicity
rs8192675,metformin,SLC2A2,PharmGKB_CA,3,efficacy
rs4273729,peginterferon alfa-2a,,PharmGKB_CA,3,efficacy
rs4273729,peginterferon alfa-2b,,PharmGKB_CA,3,efficacy
rs4273729,ribavirin,,PharmGKB_CA,3,efficacy
rs247616,hmg coa reductase inhibitors,,PharmGKB_CA,3,efficacy
rs15524,carbamazepine,CYP3A5,PharmGKB_CA,3,metabolism/pk
rs5993883,quetiapine,COMT,PharmGKB_CA,3,efficacy
rs6269,quetiapine,COMT,PharmGKB_CA,3,efficacy
rs17268282,furosemide,ABCC4,PharmGKB_CA,3,efficacy
rs887829,warfarin,UGT1A1,PharmGKB_CA,3,dosage
rs7662029,buprenorphine,UGT2B7,PharmGKB_CA,3,metabolism/pk
rs7662029,naloxone,UGT2B7,PharmGKB_CA,3,metabolism/pk
rs7439366,buprenorphine,UGT2B7,PharmGKB_CA,3,metabolism/pk
rs7439366,naloxone,UGT2B7,PharmGKB_CA,3,metabolism/pk
rs1042713,"ace inhibitors, plain",ADRB2,PharmGKB_CA,3,efficacy
rs1042713,angiotensin ii antagonists,ADRB2,PharmGKB_CA,3,efficacy
rs1042713,beta blocking agents,ADRB2,PharmGKB_CA,3,efficacy
rs1042713,digoxin,ADRB2,PharmGKB_CA,3,efficacy
rs1042713,diuretics,ADRB2,PharmGKB_CA,3,efficacy
rs1042713,spironolactone,ADRB2,PharmGKB_CA,3,efficacy
rs1045642,voriconazole,ABCB1,PharmGKB_CA,3,metabolism/pk
rs1048101,nifedipine,ADRA1A,PharmGKB_CA,3,efficacy
rs17661089,carboplatin,,PharmGKB_CA,3,efficacy
rs17661089,cisplatin,,PharmGKB_CA,3,efficacy
rs17661089,docetaxel,,PharmGKB_CA,3,efficacy
rs17661089,paclitaxel,,PharmGKB_CA,3,efficacy
rs451774,carboplatin,GPX5,PharmGKB_CA,3,efficacy
rs451774,cisplatin,GPX5,PharmGKB_CA,3,efficacy
rs451774,gemcitabine,GPX5,PharmGKB_CA,3,efficacy
rs5186,nitrendipine,AGTR1,PharmGKB_CA,3,efficacy
rs2562519,nevirapine,POLR3G,PharmGKB_CA,3,toxicity
rs6545803,nevirapine,,PharmGKB_CA,3,toxicity
rs778293,methamphetamine,DAOA,PharmGKB_CA,3,toxicity
rs73748206,gemcitabine,FKBP5,PharmGKB_CA,3,other
rs2740574,atorvastatin,CYP3A4,PharmGKB_CA,3,dosage
rs2740574,simvastatin,CYP3A4,PharmGKB_CA,3,dosage
rs594709,metformin,SLC22A1,PharmGKB_CA,3,efficacy
rs4752219,platinum compounds,EIF3A,PharmGKB_CA,3,toxicity
rs1045642,antipsychotics,ABCB1,PharmGKB_CA,3,dosage
rs4148386,carbamazepine,ABCC2,PharmGKB_CA,3,metabolism/pk
rs2108622,warfarin,CYP4F2,PharmGKB_CA,3,efficacy
rs11676382,warfarin,GGCX,PharmGKB_CA,3,efficacy
rs2228014,bevacizumab,CXCR4,PharmGKB_CA,3,efficacy
rs10485058,methadone,OPRM1,PharmGKB_CA,3,efficacy
rs397508139,ivacaftor,CFTR,PharmGKB_CA,3,efficacy
rs77409459,ivacaftor,CFTR,PharmGKB_CA,1A,efficacy
rs74551128,ivacaftor,CFTR,PharmGKB_CA,1A,efficacy
rs121908753,ivacaftor,CFTR,PharmGKB_CA,1A,efficacy
rs8187725,catecholamines,SLC22A3,PharmGKB_CA,3,metabolism/pk
rs8187725,metformin,SLC22A3,PharmGKB_CA,3,metabolism/pk
rs2056527,nicotine,,PharmGKB_CA,3,efficacy
rs2032582,cyclosporine,ABCB1,PharmGKB_CA,3,metabolism/pk
rs2032582,dicloxacillin,ABCB1,PharmGKB_CA,3,metabolism/pk
rs1805094,atorvastatin,LEPR,PharmGKB_CA,3,efficacy
rs2290573,imatinib,ULK3,PharmGKB_CA,3,efficacy
rs2240017,corticosteroids,TBX21,PharmGKB_CA,3,efficacy
rs4790694,methamphetamine,ARRB2,PharmGKB_CA,3,toxicity
rs36118214,efavirenz,CYP2B6,PharmGKB_CA,3,metabolism/pk
rs1045642,drugs for treatment of tuberculosis,ABCB1,PharmGKB_CA,3,toxicity
rs1045642,isoniazid,ABCB1,PharmGKB_CA,3,toxicity
rs777560972,bufuralol,CYP2D6,PharmGKB_CA,3,metabolism/pk
rs777560972,dextromethorphan,CYP2D6,PharmGKB_CA,3,metabolism/pk
rs2571598,rivastigmine,ACHE,PharmGKB_CA,3,efficacy
rs12806698,gemcitabine,RRM1,PharmGKB_CA,3,efficacy
rs12806698,platinum compounds,RRM1,PharmGKB_CA,3,efficacy
rs2229959,nicotine,CHRNA4,PharmGKB_CA,3,other
rs3743078,nicotine,CHRNA3,PharmGKB_CA,3,toxicity
rs10494366,dihydropyridine derivatives,NOS1AP,PharmGKB_CA,3,toxicity
rs2235047,anthracyclines and related substances,ABCB1,PharmGKB_CA,4,toxicity
rs3025040,sorafenib,VEGFA,PharmGKB_CA,3,toxicity
rs17180299,methadone,,PharmGKB_CA,3,metabolism/pk
rs1800469,irinotecan,TGFB1,PharmGKB_CA,3,toxicity
rs3087465,irinotecan,TGFBR2,PharmGKB_CA,3,toxicity
rs397508435,ivacaftor,CFTR,PharmGKB_CA,3,efficacy
rs397508510,ivacaftor,CFTR,PharmGKB_CA,3,efficacy
rs121909019,ivacaftor,CFTR,PharmGKB_CA,3,efficacy
rs1800111,ivacaftor,CFTR,PharmGKB_CA,1A,efficacy
rs1800100,ivacaftor,CFTR,PharmGKB_CA,1A,efficacy
rs397508288,ivacaftor,CFTR,PharmGKB_CA,1A,efficacy
rs186045772,ivacaftor,CFTR,PharmGKB_CA,1A,efficacy
rs397508513,ivacaftor,CFTR,PharmGKB_CA,1A,efficacy
rs121909020,ivacaftor,CFTR,PharmGKB_CA,1A,efficacy
rs397508442,ivacaftor,CFTR,PharmGKB_CA,1A,efficacy
rs150212784,ivacaftor,CFTR,PharmGKB_CA,1A,efficacy
rs2239179,selective beta-2-adrenoreceptor agonists,VDR,PharmGKB_CA,3,efficacy
rs1801253,"ace inhibitors, plain",ADRB1,PharmGKB_CA,3,efficacy
rs1801253,angiotensin ii antagonists,ADRB1,PharmGKB_CA,3,efficacy
rs1801253,beta blocking agents,ADRB1,PharmGKB_CA,3,efficacy
rs1801253,digoxin,ADRB1,PharmGKB_CA,3,efficacy
rs1801253,diuretics,ADRB1,PharmGKB_CA,3,efficacy
rs1801253,spironolactone,ADRB1,PharmGKB_CA,3,efficacy
rs11568482,cefotaxime,SLC22A8,PharmGKB_CA,3,metabolism/pk
rs2740574,tamoxifen,CYP3A4,PharmGKB_CA,3,toxicity
rs199695765,asparaginase,CPA2,PharmGKB_CA,3,toxicity
rs699664,warfarin,GGCX,PharmGKB_CA,3,efficacy
rs12436663,zileuton,PRORP,PharmGKB_CA,3,efficacy
rs1439050,antidepressants,NTRK2,PharmGKB_CA,3,toxicity
rs1334802,antipsychotics,GRIK3,PharmGKB_CA,3,toxicity
rs363341,antipsychotics,SLC18A2,PharmGKB_CA,3,toxicity
rs1124491,antipsychotics,DRD2,PharmGKB_CA,3,toxicity
rs9567733,antipsychotics,HTR2A,PharmGKB_CA,3,toxicity
rs12720066,irinotecan,ABCB1,PharmGKB_CA,3,toxicity
rs6498588,sn-38,ABCC1,PharmGKB_CA,3,metabolism/pk
rs3743527,irinotecan,ABCC1,PharmGKB_CA,3,toxicity
rs1799752,fluoxetine,ACE,PharmGKB_CA,3,efficacy
rs1799752,sertraline,ACE,PharmGKB_CA,3,efficacy
rs3957356,cyclophosphamide,GSTA1,PharmGKB_CA,3,efficacy
rs6295,milnacipran,HTR1A,PharmGKB_CA,3,efficacy
rs10760397,interferon beta-1a,GAPVD1,PharmGKB_CA,3,efficacy
rs10760397,interferon beta-1b,GAPVD1,PharmGKB_CA,3,efficacy
rs3133084,interferon beta-1a,,PharmGKB_CA,3,efficacy
rs3133084,interferon beta-1b,,PharmGKB_CA,3,efficacy
rs11710163,carboplatin,RAF1,PharmGKB_CA,3,efficacy
rs11710163,cisplatin,RAF1,PharmGKB_CA,3,efficacy
rs11710163,docetaxel,RAF1,PharmGKB_CA,3,efficacy
rs11710163,gemcitabine,RAF1,PharmGKB_CA,3,efficacy
rs11710163,paclitaxel,RAF1,PharmGKB_CA,3,efficacy
rs11854484,gemcitabine,SLC28A2,PharmGKB_CA,3,efficacy
rs16886403,carboplatin,MAP3K1,PharmGKB_CA,3,efficacy
rs16886403,cisplatin,MAP3K1,PharmGKB_CA,3,efficacy
rs16886403,docetaxel,MAP3K1,PharmGKB_CA,3,efficacy
rs16886403,paclitaxel,MAP3K1,PharmGKB_CA,3,efficacy
rs17309872,carboplatin,ACSS2,PharmGKB_CA,3,efficacy
rs17309872,cisplatin,ACSS2,PharmGKB_CA,3,efficacy
rs17309872,docetaxel,ACSS2,PharmGKB_CA,3,efficacy
rs17309872,gemcitabine,ACSS2,PharmGKB_CA,3,efficacy
rs17309872,paclitaxel,ACSS2,PharmGKB_CA,3,efficacy
rs4341,pravastatin,ACE,PharmGKB_CA,3,efficacy
rs2960436,fluorouracil,,PharmGKB_CA,3,efficacy
rs2032582,antipsychotics,ABCB1,PharmGKB_CA,3,dosage
rs1057910,irbesartan,CYP2C9,PharmGKB_CA,3,efficacy;metabolism/pk
rs639174,cyclophosphamide,DROSHA,PharmGKB_CA,3,toxicity
rs639174,cytarabine,DROSHA,PharmGKB_CA,3,toxicity
rs639174,daunorubicin,DROSHA,PharmGKB_CA,3,toxicity
rs639174,mercaptopurine,DROSHA,PharmGKB_CA,3,toxicity
rs639174,methotrexate,DROSHA,PharmGKB_CA,3,toxicity
rs639174,prednisone,DROSHA,PharmGKB_CA,3,toxicity
rs639174,vincristine,DROSHA,PharmGKB_CA,3,toxicity
rs10934498,irinotecan,NR1I2,PharmGKB_CA,3,metabolism/pk
rs3093105,vitamin e,CYP4F2,PharmGKB_CA,3,metabolism/pk
rs4492666,cisplatin,CMPK1,PharmGKB_CA,3,efficacy
rs4492666,gemcitabine,CMPK1,PharmGKB_CA,3,efficacy
rs2284449,cisplatin,RRM1,PharmGKB_CA,3,efficacy
rs2284449,gemcitabine,RRM1,PharmGKB_CA,3,efficacy
rs75114882,docetaxel,NR1I3,PharmGKB_CA,3,toxicity
rs187238,interferons,IL18,PharmGKB_CA,3,efficacy
rs187238,ribavirin,IL18,PharmGKB_CA,3,efficacy
rs1946518,interferons,IL18,PharmGKB_CA,3,efficacy
rs1946518,ribavirin,IL18,PharmGKB_CA,3,efficacy
rs1805128,amiodarone,KCNE1,PharmGKB_CA,3,toxicity
rs1805128,antibiotics,KCNE1,PharmGKB_CA,3,toxicity
rs1805128,antipsychotics,KCNE1,PharmGKB_CA,3,toxicity
rs1805128,diuretics,KCNE1,PharmGKB_CA,3,toxicity
rs1805128,quinidine,KCNE1,PharmGKB_CA,3,toxicity
rs1805128,sotalol,KCNE1,PharmGKB_CA,3,toxicity
rs6280,methamphetamine,DRD3,PharmGKB_CA,3,toxicity
rs11881222,peginterferon alfa-2a,IFNL3,PharmGKB_CA,2A,efficacy
rs11881222,peginterferon alfa-2b,IFNL3,PharmGKB_CA,2A,efficacy
rs11881222,ribavirin,IFNL3,PharmGKB_CA,2A,efficacy
rs5569,methylphenidate,SLC6A2,PharmGKB_CA,4,efficacy
rs3213094,ustekinumab,IL12B,PharmGKB_CA,3,efficacy
rs610604,ustekinumab,TNFAIP3,PharmGKB_CA,4,efficacy
rs121909011,ivacaftor,CFTR,PharmGKB_CA,3,efficacy
rs12566888,ticagrelor,PEAR1,PharmGKB_CA,3,efficacy
rs12041331,ticagrelor,PEAR1,PharmGKB_CA,3,efficacy
rs4661012,ticagrelor,PEAR1,PharmGKB_CA,3,efficacy
rs12119882,capecitabine,DPYD,PharmGKB_CA,3,toxicity
rs1045642,tramadol,ABCB1,PharmGKB_CA,3,toxicity
rs10514475,selective serotonin reuptake inhibitors,,PharmGKB_CA,3,efficacy
rs1042714,terbutaline,ADRB2,PharmGKB_CA,3,efficacy
rs2293347,gefitinib,EGFR,PharmGKB_CA,3,efficacy
rs881152,salbutamol,DUSP1,PharmGKB_CA,3,efficacy
rs734644,methylphenidate,ADGRL3,PharmGKB_CA,3,efficacy
rs1409314,platinum compounds,EIF3A,PharmGKB_CA,3,toxicity
rs10510050,platinum compounds,EIF3A,PharmGKB_CA,3,toxicity
rs1433099,pravastatin,LDLR,PharmGKB_CA,3,efficacy
rs2413739,mercaptopurine,PACSIN2,PharmGKB_CA,3,toxicity
rs2413739,methotrexate,PACSIN2,PharmGKB_CA,3,toxicity
rs324650,nicotine,CHRM2,PharmGKB_CA,3,other
rs10994982,methotrexate,ARID5B,PharmGKB_CA,3,metabolism/pk
rs2699887,carboplatin,PIK3CA,PharmGKB_CA,3,toxicity
rs2699887,cisplatin,PIK3CA,PharmGKB_CA,3,toxicity
rs17645700,anthracyclines and related substances,,PharmGKB_CA,4,toxicity
rs4148350,anthracyclines and related substances,ABCC1,PharmGKB_CA,4,toxicity
rs2071559,sorafenib,KDR,PharmGKB_CA,3,efficacy
rs11676382,warfarin,GGCX,PharmGKB_CA,3,efficacy
rs4819554,tumor necrosis factor alpha (tnf-alpha) inhibitors,IL17RA,PharmGKB_CA,3,efficacy
rs1008805,anastrozole,CYP19A1,PharmGKB_CA,3,toxicity
rs4149178,capecitabine,SLC22A7,PharmGKB_CA,3,toxicity
rs1801131,capecitabine,MTHFR,PharmGKB_CA,3,toxicity
rs1801131,fluorouracil,MTHFR,PharmGKB_CA,3,toxicity
rs1801131,leucovorin,MTHFR,PharmGKB_CA,3,toxicity
rs1801131,oxaliplatin,MTHFR,PharmGKB_CA,3,toxicity
rs72549435,nicotine,CYP2A6,PharmGKB_CA,3,metabolism/pk
rs10787959,beta blocking agents,GRK5,PharmGKB_CA,3,efficacy
rs3740563,beta blocking agents,GRK5,PharmGKB_CA,3,efficacy
rs77932196,ivacaftor,CFTR,PharmGKB_CA,1A,efficacy
rs10511905,salbutamol,,PharmGKB_CA,3,efficacy
rs1663330,salbutamol,,PharmGKB_CA,3,efficacy
rs1663332,salbutamol,,PharmGKB_CA,3,efficacy
rs518350,salbutamol,,PharmGKB_CA,3,efficacy
rs6002674,salbutamol,,PharmGKB_CA,3,efficacy
rs5925,lovastatin,LDLR,PharmGKB_CA,3,efficacy
rs351855,cyclophosphamide,FGFR4,PharmGKB_CA,3,efficacy
rs351855,fluorouracil,FGFR4,PharmGKB_CA,3,efficacy
rs351855,methotrexate,FGFR4,PharmGKB_CA,3,efficacy
rs61886492,mercaptopurine,FOLH1,PharmGKB_CA,3,toxicity
rs61886492,methotrexate,FOLH1,PharmGKB_CA,3,toxicity
rs7756992,dipeptidyl peptidase 4 (dpp-4) inhibitors,CDKAL1,PharmGKB_CA,3,efficacy
rs885036,bevacizumab,MGAT4A,PharmGKB_CA,3,efficacy
rs885036,capecitabine,MGAT4A,PharmGKB_CA,3,efficacy
rs885036,cetuximab,MGAT4A,PharmGKB_CA,3,efficacy
rs885036,oxaliplatin,MGAT4A,PharmGKB_CA,3,efficacy
rs3832043,mycophenolic acid,UGT1A9,PharmGKB_CA,3,metabolism/pk
rs1803274,cocaine,BCHE,PharmGKB_CA,3,other
rs6277,methadone,DRD2,PharmGKB_CA,4,efficacy
rs1804645,tamoxifen,NCOA1,PharmGKB_CA,3,toxicity
rs10509373,tamoxifen,LRMDA,PharmGKB_CA,3,efficacy
rs2717162,bupropion,GALR1,PharmGKB_CA,3,efficacy
rs2717162,nicotine,GALR1,PharmGKB_CA,3,efficacy
rs2269879,hydrochlorothiazide,DOT1L,PharmGKB_CA,3,efficacy
rs1544410,midazolam,VDR,PharmGKB_CA,3,metabolism/pk
rs4516035,midazolam,VDR,PharmGKB_CA,3,metabolism/pk
rs11568820,midazolam,VDR,PharmGKB_CA,3,metabolism/pk
rs7958375,rifampin,CUX2,PharmGKB_CA,3,toxicity
rs10946739,rifampin,RIPOR2,PharmGKB_CA,3,toxicity
rs10946737,drugs for treatment of tuberculosis,RIPOR2,PharmGKB_CA,3,toxicity
rs10946737,rifampin,RIPOR2,PharmGKB_CA,3,toxicity
rs320003,rifampin,AGBL4,PharmGKB_CA,3,toxicity
rs319952,rifampin,AGBL4,PharmGKB_CA,3,toxicity
rs11198893,beta blocking agents,GRK5,PharmGKB_CA,3,efficacy
rs4752292,beta blocking agents,GRK5,PharmGKB_CA,3,efficacy
rs11854484,peginterferon alfa-2b,SLC28A2,PharmGKB_CA,3,toxicity
rs11854484,protease inhibitors,SLC28A2,PharmGKB_CA,3,toxicity
rs11854484,ribavirin,SLC28A2,PharmGKB_CA,3,toxicity
rs462779,cisplatin,REV3L,PharmGKB_CA,3,efficacy
rs340874,atenolol,PROX1,PharmGKB_CA,3,toxicity
rs113646094,pravastatin,ABCC2,PharmGKB_CA,3,metabolism/pk
rs5186,"thiazides, plain",AGTR1,PharmGKB_CA,3,toxicity
rs2234693,leflunomide,ESR1,PharmGKB_CA,3,efficacy
rs6962291,aspirin,TBXAS1,PharmGKB_CA,3,toxicity
rs1799978,methadone,DRD2,PharmGKB_CA,3,dosage
rs7668258,methadone,UGT2B7,PharmGKB_CA,3,efficacy
rs7439366,methadone,UGT2B7,PharmGKB_CA,3,efficacy;toxicity
rs4655226,difluorodeoxyuridine,CDA,PharmGKB_CA,3,metabolism/pk
rs3750117,gemcitabine,NT5C3A,PharmGKB_CA,3,metabolism/pk
rs28365062,efavirenz,UGT2B7,PharmGKB_CA,4,metabolism/pk
rs784888,metformin,SP1,PharmGKB_CA,3,efficacy;metabolism/pk
rs4261716,anthracyclines and related substances,UGT1A6,PharmGKB_CA,4,toxicity
rs1045642,dabigatran,ABCB1,PharmGKB_CA,3,metabolism/pk
rs41273215,clopidogrel,PEAR1,PharmGKB_CA,3,efficacy
rs766023281,mercaptopurine,NUDT15,PharmGKB_CA,3,dosage;toxicity
rs1126742,amiloride,CYP4A11,PharmGKB_CA,3,efficacy
rs1126742,spironolactone,CYP4A11,PharmGKB_CA,3,efficacy
rs1805054,risperidone,,PharmGKB_CA,3,toxicity
rs696692,citalopram,ERICH3,PharmGKB_CA,3,efficacy
rs696692,escitalopram,ERICH3,PharmGKB_CA,3,efficacy
rs3957357,cyclophosphamide,GSTA1,PharmGKB_CA,3,efficacy
rs3957357,doxorubicin,GSTA1,PharmGKB_CA,3,efficacy
rs3957357,prednisone,GSTA1,PharmGKB_CA,3,efficacy
rs3957357,rituximab,GSTA1,PharmGKB_CA,3,efficacy
rs3957357,vincristine,GSTA1,PharmGKB_CA,3,efficacy
rs671,heroin,ALDH2,PharmGKB_CA,3,other
rs2228570,peginterferon alfa-2b,VDR,PharmGKB_CA,3,efficacy
rs2228570,ribavirin,VDR,PharmGKB_CA,3,efficacy
rs4877847,anthracyclines and related substances,SLC28A3,PharmGKB_CA,4,toxicity
rs11543791,raloxifene,ESR1,PharmGKB_CA,3,efficacy
rs628031,lamotrigine,SLC22A1,PharmGKB_CA,3,metabolism/pk
rs35621,sn-38,ABCC1,PharmGKB_CA,3,metabolism/pk
rs10995,hydrochlorothiazide,VASP,PharmGKB_CA,3,efficacy
rs1799808,phenprocoumon,PROC,PharmGKB_CA,3,dosage
rs5186,angiotensin ii,AGTR1,PharmGKB_CA,3,efficacy
rs1044457,gemcitabine,CMPK1,PharmGKB_CA,3,efficacy
rs35350960,sn-38,UGT1A9,PharmGKB_CA,3,metabolism/pk
rs6600893,methadone,UGT2B7,PharmGKB_CA,3,efficacy;toxicity
rs4148157,topotecan,ABCG2,PharmGKB_CA,3,metabolism/pk
rs7311358,carboplatin,SLCO1B3,PharmGKB_CA,3,toxicity
rs7311358,paclitaxel,SLCO1B3,PharmGKB_CA,3,toxicity
rs1799853,irbesartan,CYP2C9,PharmGKB_CA,3,efficacy
rs510432,adalimumab,ATG5,PharmGKB_CA,3,efficacy
rs1076560,rasagiline,DRD2,PharmGKB_CA,3,efficacy
rs10945919,tumor necrosis factor alpha (tnf-alpha) inhibitors,,PharmGKB_CA,3,efficacy
rs8192935,dabigatran,CES1,PharmGKB_CA,3,metabolism/pk
rs4958381,asparaginase,GRIA1,PharmGKB_CA,3,toxicity
rs3761548,methotrexate,FOXP3,PharmGKB_CA,3,efficacy
rs1611255,lithium,,PharmGKB_CA,3,efficacy
rs2283265,rasagiline,DRD2,PharmGKB_CA,3,efficacy
rs28363170,ethanol,SLC6A3,PharmGKB_CA,3,other
rs2585428,telaprevir,CYP24A1,PharmGKB_CA,3,metabolism/pk
rs2231142,lamotrigine,ABCG2,PharmGKB_CA,3,metabolism/pk
rs3114020,lamotrigine,ABCG2,PharmGKB_CA,3,metabolism/pk
rs2071197,lamotrigine,HNF4A,PharmGKB_CA,4,efficacy;metabolism/pk
rs6923761,sitagliptin,GLP1R,PharmGKB_CA,3,efficacy
rs6923761,vildagliptin,GLP1R,PharmGKB_CA,3,efficacy
rs2514036,bisoprolol,ACY3,PharmGKB_CA,3,efficacy
rs9282564,tacrolimus,ABCB1,PharmGKB_CA,3,metabolism/pk
rs3740066,mycophenolic acid,ABCC2,PharmGKB_CA,3,metabolism/pk
rs4148738,dabigatran,ABCB1,PharmGKB_CA,3,metabolism/pk
rs557881,aspirin,SLC6A12,PharmGKB_CA,3,toxicity
rs2228075,mycophenolate mofetil,IMPDH1,PharmGKB_CA,3,toxicity
rs622342,amantadine,SLC22A1,PharmGKB_CA,3,dosage;toxicity
rs622342,anticholinergics,SLC22A1,PharmGKB_CA,3,dosage;toxicity
rs622342,dopamine agonists,SLC22A1,PharmGKB_CA,3,dosage;toxicity
rs622342,levodopa,SLC22A1,PharmGKB_CA,3,dosage;toxicity
rs622342,selegiline,SLC22A1,PharmGKB_CA,3,dosage;toxicity
rs12042763,aspirin,PTGS2,PharmGKB_CA,3,efficacy
rs676210,fenofibrate,APOB,PharmGKB_CA,3,efficacy
rs16969968,opium alkaloids and derivatives,CHRNA5,PharmGKB_CA,3,toxicity
rs660652,nicotine,CHRNA5,PharmGKB_CA,3,toxicity
rs660652,opium alkaloids and derivatives,CHRNA5,PharmGKB_CA,3,toxicity
rs2072660,nicotine,CHRNB2,PharmGKB_CA,3,toxicity
rs2072661,nicotine,CHRNB2,PharmGKB_CA,3,efficacy;toxicity
rs760370,peginterferon alfa-2a,SLC29A1,PharmGKB_CA,3,efficacy
rs760370,peginterferon alfa-2b,SLC29A1,PharmGKB_CA,3,efficacy
rs760370,ribavirin,SLC29A1,PharmGKB_CA,3,efficacy
rs3813567,nicotine,CHRNB4,PharmGKB_CA,3,toxicity
rs4803219,peginterferon alfa-2a,IFNL3,PharmGKB_CA,3,efficacy
rs4803219,peginterferon alfa-2b,IFNL3,PharmGKB_CA,3,efficacy
rs4803219,ribavirin,IFNL3,PharmGKB_CA,3,efficacy
rs2010963,capecitabine,VEGFA,PharmGKB_CA,3,efficacy
rs2010963,oxaliplatin,VEGFA,PharmGKB_CA,3,efficacy
rs2302489,adalimumab,KLRD1,PharmGKB_CA,3,efficacy
rs2302489,certolizumab pegol,KLRD1,PharmGKB_CA,3,efficacy
rs2302489,etanercept,KLRD1,PharmGKB_CA,3,efficacy
rs2302489,glucocorticoids,KLRD1,PharmGKB_CA,3,efficacy
rs2302489,infliximab,KLRD1,PharmGKB_CA,3,efficacy
rs2302489,methotrexate,KLRD1,PharmGKB_CA,3,efficacy
rs7301582,adalimumab,KLRC1,PharmGKB_CA,3,efficacy
rs7301582,certolizumab pegol,KLRC1,PharmGKB_CA,3,efficacy
rs7301582,etanercept,KLRC1,PharmGKB_CA,3,efficacy
rs7301582,glucocorticoids,KLRC1,PharmGKB_CA,3,efficacy
rs7301582,infliximab,KLRC1,PharmGKB_CA,3,efficacy
rs7301582,methotrexate,KLRC1,PharmGKB_CA,3,efficacy
rs1021737,busulfan,CTH,PharmGKB_CA,3,toxicity
rs1021737,cyclophosphamide,CTH,PharmGKB_CA,3,toxicity
rs2741049,oxcarbazepine,UGT1A10;UGT1A7;UGT1A8;UGT1A9,PharmGKB_CA,3,efficacy
rs308395,lenalidomide,FGF2,PharmGKB_CA,3,efficacy
rs308395,thalidomide,FGF2,PharmGKB_CA,3,efficacy
rs4553808,tacrolimus,CTLA4,PharmGKB_CA,3,metabolism/pk
rs3834939,rocuronium,SLCO1A2,PharmGKB_CA,3,metabolism/pk
rs10774053,ritodrine,CACNA1C,PharmGKB_CA,3,toxicity
rs2740574,atazanavir,CYP3A4,PharmGKB_CA,3,metabolism/pk
rs1060467,warfarin,CYP4F11,PharmGKB_CA,3,dosage
rs2645400,warfarin,GATA4,PharmGKB_CA,3,dosage
rs1051740,phenprocoumon,EPHX1,PharmGKB_CA,3,efficacy
rs1799732,bupropion,DRD2,PharmGKB_CA,3,efficacy
rs1799732,nicotine,DRD2,PharmGKB_CA,3,efficacy
rs2853826,efavirenz,,PharmGKB_CA,3,toxicity
rs2853826,lopinavir,,PharmGKB_CA,3,toxicity
rs2853826,nucleoside and nucleotide reverse transcriptase inhibitors,,PharmGKB_CA,3,toxicity
rs2853826,ritonavir,,PharmGKB_CA,3,toxicity
rs1042028,acetaminophen,SULT1A1,PharmGKB_CA,3,efficacy
rs72558187,irbesartan,CYP2C9,PharmGKB_CA,3,metabolism/pk
rs7586110,atazanavir,UGT1A7,PharmGKB_CA,3,toxicity
rs7586110,ritonavir,UGT1A7,PharmGKB_CA,3,toxicity
rs17868323,atazanavir,UGT1A7,PharmGKB_CA,3,toxicity
rs17868323,ritonavir,UGT1A7,PharmGKB_CA,3,toxicity
rs17863778,atazanavir,UGT1A7,PharmGKB_CA,3,toxicity
rs17863778,ritonavir,UGT1A7,PharmGKB_CA,3,toxicity
rs4532,nicotine,DRD1,PharmGKB_CA,3,other
rs686,nicotine,DRD1,PharmGKB_CA,3,other
rs17587100,antipsychotics,INSIG2,PharmGKB_CA,3,toxicity
rs2071303,adalimumab,HFE,PharmGKB_CA,3,efficacy
rs2738466,pravastatin,LDLR,PharmGKB_CA,3,efficacy
rs6092,dexamethasone,SERPINE1,PharmGKB_CA,3,toxicity
rs1800795,peginterferon alfa-2b,IL6,PharmGKB_CA,3,toxicity
rs1800795,ribavirin,IL6,PharmGKB_CA,3,toxicity
rs3814637,warfarin,CYP2C19,PharmGKB_CA,3,dosage
rs3765534,azathioprine,ABCC4,PharmGKB_CA,3,toxicity
rs3765534,mercaptopurine,ABCC4,PharmGKB_CA,3,toxicity
rs28365063,lamotrigine,UGT2B7,PharmGKB_CA,4,metabolism/pk
rs56324128,ticagrelor,CYP3A4,PharmGKB_CA,3,metabolism/pk
rs62471956,ticagrelor,CYP3A43,PharmGKB_CA,3,metabolism/pk
rs4149056,ticagrelor,SLCO1B1,PharmGKB_CA,3,metabolism/pk
rs113681054,ticagrelor,SLCO1B1,PharmGKB_CA,3,metabolism/pk
rs12201199,mercaptopurine,TPMT,PharmGKB_CA,3,other
rs2535629,clozapine,ITIH3,PharmGKB_CA,3,efficacy
rs2228000,platinum compounds,XPC,PharmGKB_CA,3,toxicity
rs9394992,tipiracil,SLC29A1,PharmGKB_CA,3,efficacy
rs9394992,trifluridine,SLC29A1,PharmGKB_CA,3,efficacy
rs760370,tipiracil,SLC29A1,PharmGKB_CA,3,efficacy
rs760370,trifluridine,SLC29A1,PharmGKB_CA,3,efficacy
rs12979860,sofosbuvir,IFNL3;IFNL4,PharmGKB_CA,3,efficacy
rs12979860,velpatasvir,IFNL3;IFNL4,PharmGKB_CA,3,efficacy
rs12979860,voxilaprevir,IFNL3;IFNL4,PharmGKB_CA,3,efficacy
rs2740574,buprenorphine,CYP3A4,PharmGKB_CA,3,efficacy
rs10494366,digoxin,NOS1AP,PharmGKB_CA,3,toxicity
rs429358,simvastatin,APOE,PharmGKB_CA,3,efficacy
rs717620,atazanavir,ABCC2,PharmGKB_CA,3,toxicity
rs717620,lopinavir,ABCC2,PharmGKB_CA,3,toxicity
rs717620,ritonavir,ABCC2,PharmGKB_CA,3,toxicity
rs717620,tenofovir,ABCC2,PharmGKB_CA,3,toxicity
rs4149117,carboplatin,SLCO1B3,PharmGKB_CA,3,toxicity
rs4149117,paclitaxel,SLCO1B3,PharmGKB_CA,3,toxicity
rs371793722,bufuralol,CYP2D6,PharmGKB_CA,3,metabolism/pk
rs371793722,dextromethorphan,CYP2D6,PharmGKB_CA,3,metabolism/pk
rs138417770,bufuralol,CYP2D6,PharmGKB_CA,3,metabolism/pk
rs138417770,dextromethorphan,CYP2D6,PharmGKB_CA,3,metabolism/pk
rs201045130,cladribine,NT5C1A,PharmGKB_CA,3,other
rs201045130,fluorouracil,NT5C1A,PharmGKB_CA,3,other
rs201045130,gemcitabine,NT5C1A,PharmGKB_CA,3,other
rs2306283,mycophenolic acid,SLCO1B1,PharmGKB_CA,3,metabolism/pk
rs1891059,cyclophosphamide,,PharmGKB_CA,3,toxicity
rs1891059,cytarabine,,PharmGKB_CA,3,toxicity
rs1891059,daunorubicin,,PharmGKB_CA,3,toxicity
rs1891059,dexamethasone,,PharmGKB_CA,3,toxicity
rs1891059,doxorubicin,,PharmGKB_CA,3,toxicity
rs1891059,methotrexate,,PharmGKB_CA,3,toxicity
rs1891059,pegaspargase,,PharmGKB_CA,3,toxicity
rs1891059,prednisone,,PharmGKB_CA,3,toxicity
rs1891059,thioguanine,,PharmGKB_CA,3,toxicity
rs1891059,vincristine,,PharmGKB_CA,3,toxicity
rs10898815,calcium channel blockers,NUMA1,PharmGKB_CA,3,efficacy
rs588076,calcium channel blockers,PICALM,PharmGKB_CA,3,efficacy
rs117532069,cyclophosphamide,DOK5,PharmGKB_CA,3,toxicity
rs117532069,cytarabine,DOK5,PharmGKB_CA,3,toxicity
rs117532069,daunorubicin,DOK5,PharmGKB_CA,3,toxicity
rs117532069,dexamethasone,DOK5,PharmGKB_CA,3,toxicity
rs117532069,doxorubicin,DOK5,PharmGKB_CA,3,toxicity
rs117532069,methotrexate,DOK5,PharmGKB_CA,3,toxicity
rs117532069,pegaspargase,DOK5,PharmGKB_CA,3,toxicity
rs117532069,prednisone,DOK5,PharmGKB_CA,3,toxicity
rs117532069,thioguanine,DOK5,PharmGKB_CA,3,toxicity
rs117532069,vincristine,DOK5,PharmGKB_CA,3,toxicity
rs11868035,hmg coa reductase inhibitors,SREBF1,PharmGKB_CA,3,toxicity
rs2032582,atorvastatin,ABCB1,PharmGKB_CA,3,toxicity
rs1330344,clopidogrel,PTGS1,PharmGKB_CA,3,efficacy
rs2046934,clopidogrel,P2RY12,PharmGKB_CA,3,efficacy
rs17126068,warfarin,DDHD1,PharmGKB_CA,3,dosage
rs2288344,warfarin,NEDD4,PharmGKB_CA,3,dosage
rs4379440,warfarin,ASPH,PharmGKB_CA,3,efficacy
rs1042597,raloxifene,UGT1A8,PharmGKB_CA,3,efficacy
rs10846744,peginterferon alfa-2a,SCARB1,PharmGKB_CA,3,efficacy
rs10846744,ribavirin,SCARB1,PharmGKB_CA,3,efficacy
rs1045642,anastrozole,ABCB1,PharmGKB_CA,3,toxicity
rs2032582,anastrozole,ABCB1,PharmGKB_CA,3,metabolism/pk
rs708272,hmg coa reductase inhibitors,CETP,PharmGKB_CA,3,efficacy
rs361525,infliximab,TNF,PharmGKB_CA,3,efficacy
rs3814055,tacrolimus,NR1I2,PharmGKB_CA,3,metabolism/pk
rs1065634,carboplatin,NRAS,PharmGKB_CA,3,efficacy
rs1065634,cisplatin,NRAS,PharmGKB_CA,3,efficacy
rs1065634,gemcitabine,NRAS,PharmGKB_CA,3,efficacy
rs1143634,infliximab,IL1B,PharmGKB_CA,3,efficacy
rs6493497,anastrozole,CYP19A1,PharmGKB_CA,3,efficacy
rs6493497,exemestane,CYP19A1,PharmGKB_CA,3,efficacy
rs6493497,letrozole,CYP19A1,PharmGKB_CA,3,efficacy
rs1695,dimethyl fumarate,GSTP1,PharmGKB_CA,3,efficacy
rs6924995,simvastatin,,PharmGKB_CA,3,efficacy
rs442767,methotrexate,DHFR,PharmGKB_CA,3,toxicity
rs713729,methamphetamine,PICK1,PharmGKB_CA,3,other
rs521093,antidepressants,,PharmGKB_CA,3,efficacy
rs231775,cyclosporine,CTLA4,PharmGKB_CA,3,toxicity
rs49411,antidepressants,FHIT,PharmGKB_CA,3,efficacy
rs672170,antidepressants,RGS17,PharmGKB_CA,3,efficacy
rs16873129,antidepressants,RAPGEF5,PharmGKB_CA,3,efficacy
rs2299267,antidepressants,PON2,PharmGKB_CA,3,efficacy
rs4737771,antidepressants,CRH,PharmGKB_CA,3,efficacy
rs10997242,antidepressants,CTNNA3,PharmGKB_CA,3,efficacy
rs2532560,antidepressants,PARP11,PharmGKB_CA,3,efficacy
rs9315310,antidepressants,NBEA,PharmGKB_CA,3,efficacy
rs3814995,losartan,NPHS1,PharmGKB_CA,3,efficacy
rs10494366,repaglinide,NOS1AP,PharmGKB_CA,3,efficacy
rs717620,sorafenib,ABCC2,PharmGKB_CA,3,toxicity
rs393994,rifampin,AGBL4,PharmGKB_CA,3,toxicity
rs11506105,peginterferon alfa-2a,EGFR,PharmGKB_CA,3,efficacy
rs11506105,peginterferon alfa-2b,EGFR,PharmGKB_CA,3,efficacy
rs11506105,ribavirin,EGFR,PharmGKB_CA,3,efficacy
rs7041,deferasirox,GC,PharmGKB_CA,3,efficacy
rs610604,tumor necrosis factor alpha (tnf-alpha) inhibitors,TNFAIP3,PharmGKB_CA,3,efficacy
rs2159140,ethanol,MAP2K4,PharmGKB_CA,3,toxicity
rs2271339,nicotine,ADGRL3,PharmGKB_CA,3,toxicity
rs2231137,imatinib,ABCG2,PharmGKB_CA,3,dosage
rs121908547,mexiletine,SCN4A,PharmGKB_CA,3,efficacy
rs869312138,migalastat,GLA;HNRNPH2,PharmGKB_CA,3,efficacy
rs1019385,valproic acid,GRIN2B,PharmGKB_CA,3,dosage
rs1799929,drugs for treatment of tuberculosis,NAT2,PharmGKB_CA,3,toxicity
rs992160,gemcitabine,CDC5L,PharmGKB_CA,3,efficacy
rs846664,ethanol,TAS2R16,PharmGKB_CA,3,toxicity
rs6500843,antineoplastic agents,RBFOX1,PharmGKB_CA,3,efficacy
rs2502815,docetaxel,NR1I3,PharmGKB_CA,3,toxicity
rs2501873,docetaxel,NR1I3,PharmGKB_CA,3,toxicity
rs10538494,docetaxel,NR1I3,PharmGKB_CA,3,toxicity
rs3732359,docetaxel,NR1I2,PharmGKB_CA,3,toxicity
rs3732360,docetaxel,NR1I2,PharmGKB_CA,3,toxicity
rs3814058,docetaxel,NR1I2,PharmGKB_CA,3,toxicity
rs11185647,docetaxel,RXRA,PharmGKB_CA,3,toxicity
rs1536475,docetaxel,RXRA,PharmGKB_CA,3,toxicity
rs79085477,cyclophosphamide,BMP7,PharmGKB_CA,3,toxicity
rs79085477,cytarabine,BMP7,PharmGKB_CA,3,toxicity
rs79085477,daunorubicin,BMP7,PharmGKB_CA,3,toxicity
rs79085477,dexamethasone,BMP7,PharmGKB_CA,3,toxicity
rs79085477,doxorubicin,BMP7,PharmGKB_CA,3,toxicity
rs79085477,methotrexate,BMP7,PharmGKB_CA,3,toxicity
rs79085477,pegaspargase,BMP7,PharmGKB_CA,3,toxicity
rs79085477,prednisone,BMP7,PharmGKB_CA,3,toxicity
rs79085477,thioguanine,BMP7,PharmGKB_CA,3,toxicity
rs79085477,vincristine,BMP7,PharmGKB_CA,3,toxicity
rs5985,photodynamic therapy,F13A1,PharmGKB_CA,3,efficacy
rs12979860,ledipasvir,IFNL3;IFNL4,PharmGKB_CA,3,efficacy
rs12979860,sofosbuvir,IFNL3;IFNL4,PharmGKB_CA,3,efficacy
rs1611131,opioids,DBH,PharmGKB_CA,3,toxicity
rs2070762,opioids,TH,PharmGKB_CA,3,toxicity
rs776746,rosuvastatin,CYP3A5,PharmGKB_CA,3,efficacy
rs12980275,peginterferon alfa-2a,IFNL3,PharmGKB_CA,3,efficacy
rs12980275,peginterferon alfa-2b,IFNL3,PharmGKB_CA,3,efficacy
rs12980275,ribavirin,IFNL3,PharmGKB_CA,3,efficacy
rs113993959,ataluren,CFTR,PharmGKB_CA,3,other
rs141059755,cyclophosphamide,LINC00251,PharmGKB_CA,3,toxicity
rs141059755,cytarabine,LINC00251,PharmGKB_CA,3,toxicity
rs141059755,daunorubicin,LINC00251,PharmGKB_CA,3,toxicity
rs141059755,dexamethasone,LINC00251,PharmGKB_CA,3,toxicity
rs141059755,doxorubicin,LINC00251,PharmGKB_CA,3,toxicity
rs141059755,methotrexate,LINC00251,PharmGKB_CA,3,toxicity
rs141059755,pegaspargase,LINC00251,PharmGKB_CA,3,toxicity
rs141059755,prednisone,LINC00251,PharmGKB_CA,3,toxicity
rs141059755,thioguanine,LINC00251,PharmGKB_CA,3,toxicity
rs141059755,vincristine,LINC00251,PharmGKB_CA,3,toxicity
rs2032582,tramadol,ABCB1,PharmGKB_CA,3,efficacy
rs3746574,docetaxel,HNF4A,PharmGKB_CA,3,toxicity
rs6413517,docetaxel,RXRA,PharmGKB_CA,3,toxicity
rs6130615,docetaxel,HNF4A,PharmGKB_CA,3,toxicity
rs2234753,docetaxel,RXRA,PharmGKB_CA,3,toxicity
rs12613732,cisplatin,GALNT14,PharmGKB_CA,3,efficacy
rs12613732,fluorouracil,GALNT14,PharmGKB_CA,3,efficacy
rs12613732,mitoxantrone,GALNT14,PharmGKB_CA,3,efficacy
rs1801157,alemtuzumab,CXCL12,PharmGKB_CA,3,efficacy
rs1801157,chlorambucil,CXCL12,PharmGKB_CA,3,efficacy
rs1801157,cyclophosphamide,CXCL12,PharmGKB_CA,3,efficacy
rs1801157,fludarabine,CXCL12,PharmGKB_CA,3,efficacy
rs1801157,prednisone,CXCL12,PharmGKB_CA,3,efficacy
rs1801157,rituximab,CXCL12,PharmGKB_CA,3,efficacy
rs1801157,vincristine,CXCL12,PharmGKB_CA,3,efficacy
rs4149056,rosiglitazone,SLCO1B1,PharmGKB_CA,3,efficacy
rs2227983,cetuximab,EGFR,PharmGKB_CA,3,efficacy
rs11636687,cyclophosphamide,,PharmGKB_CA,3,toxicity
rs11636687,epirubicin,,PharmGKB_CA,3,toxicity
rs11636687,fluorouracil,,PharmGKB_CA,3,toxicity
rs3077,peginterferon alfa-2b,HLA-DPA1,PharmGKB_CA,3,efficacy
rs2228171,cisplatin,LRP2,PharmGKB_CA,3,toxicity
rs3957357,busulfan,GSTA1,PharmGKB_CA,3,metabolism/pk
rs4305746,aripiprazole,TAAR6,PharmGKB_CA,3,efficacy
rs1870377,sorafenib,KDR,PharmGKB_CA,3,efficacy
rs2916205,tumor necrosis factor alpha (tnf-alpha) inhibitors,PGLYRP4,PharmGKB_CA,3,efficacy
rs8099917,ledipasvir,IFNL3;IFNL4,PharmGKB_CA,3,efficacy
rs8099917,sofosbuvir,IFNL3;IFNL4,PharmGKB_CA,3,efficacy
rs35112940,gemtuzumab ozogamicin,CD33,PharmGKB_CA,3,efficacy
rs199515342,nicotine,CYP2A6,PharmGKB_CA,3,metabolism/pk
rs571335587,nicotine,CYP2A6,PharmGKB_CA,3,metabolism/pk
rs11052877,tocilizumab,CD69,PharmGKB_CA,3,efficacy
rs4910008,tocilizumab,GALNT18,PharmGKB_CA,3,efficacy
rs11572080,repaglinide,CYP2C8,PharmGKB_CA,3,dosage
rs2010851,fluorouracil,WNT5B,PharmGKB_CA,3,other
rs1937840,docetaxel,AKR1C3,PharmGKB_CA,3,efficacy
rs1937840,doxorubicin,AKR1C3,PharmGKB_CA,3,efficacy
rs12800734,antidepressants,GRIK4,PharmGKB_CA,3,efficacy
rs4918758,warfarin,CYP2C9,PharmGKB_CA,3,dosage
rs57098334,paroxetine,SLC6A4,PharmGKB_CA,3,efficacy
rs1800896,tacrolimus,IL10,PharmGKB_CA,4,metabolism/pk
rs4986893,ethambutol,CYP2C19,PharmGKB_CA,3,toxicity
rs4986893,isoniazid,CYP2C19,PharmGKB_CA,3,toxicity
rs4986893,pyrazinamide,CYP2C19,PharmGKB_CA,3,toxicity
rs4986893,rifampin,CYP2C19,PharmGKB_CA,3,toxicity
rs61605570,nicotine,CYP2A6,PharmGKB_CA,3,metabolism/pk
rs768416963,nicotine,CYP2A6,PharmGKB_CA,3,metabolism/pk
rs10929302,irinotecan,UGT1A1,PharmGKB_CA,2A,toxicity
rs9606186,risperidone,COMT,PharmGKB_CA,3,efficacy
rs20455,atorvastatin,KIF6,PharmGKB_CA,3,efficacy
rs34130495,tramadol,SLC22A1,PharmGKB_CA,3,other
rs11144870,citalopram,RFK,PharmGKB_CA,3,efficacy
rs11144870,escitalopram,RFK,PharmGKB_CA,3,efficacy
rs1049353,risperidone,CNR1,PharmGKB_CA,3,toxicity
rs1799930,sulfamethoxazole,NAT2,PharmGKB_CA,3,toxicity
rs1799930,trimethoprim,NAT2,PharmGKB_CA,3,toxicity
rs7856096,warfarin,FPGS,PharmGKB_CA,3,dosage
rs2291073,lovastatin,SLCO1B1,PharmGKB_CA,3,efficacy
rs4149032,rifampin,SLCO1B1,PharmGKB_CA,3,metabolism/pk
rs2770150,pertussis vaccines,TLR4,PharmGKB_CA,3,efficacy
rs4646,tamoxifen,CYP19A1,PharmGKB_CA,3,efficacy
rs2279343,bupropion,CYP2B6,PharmGKB_CA,3,efficacy
rs11155012,anthracyclines and related substances,ECT2L,PharmGKB_CA,3,efficacy
rs74795342,lithium,,PharmGKB_CA,3,efficacy
rs1045642,agomelatine,ABCB1,PharmGKB_CA,3,efficacy
rs1045642,tacrolimus,ABCB1,PharmGKB_CA,3,toxicity
rs1059150,adalimumab,ATP5F1E,PharmGKB_CA,3,efficacy
rs1059150,certolizumab pegol,ATP5F1E,PharmGKB_CA,3,efficacy
rs1059150,etanercept,ATP5F1E,PharmGKB_CA,3,efficacy
rs1059150,glucocorticoids,ATP5F1E,PharmGKB_CA,3,efficacy
rs1059150,infliximab,ATP5F1E,PharmGKB_CA,3,efficacy
rs1059150,methotrexate,ATP5F1E,PharmGKB_CA,3,efficacy
rs1072388,clozapine,GRIN2B,PharmGKB_CA,3,efficacy
rs1264457,adalimumab,HLA-E,PharmGKB_CA,3,efficacy
rs1264457,certolizumab pegol,HLA-E,PharmGKB_CA,3,efficacy
rs1264457,etanercept,HLA-E,PharmGKB_CA,3,efficacy
rs1264457,glucocorticoids,HLA-E,PharmGKB_CA,3,efficacy
rs1264457,infliximab,HLA-E,PharmGKB_CA,3,efficacy
rs1264457,methotrexate,HLA-E,PharmGKB_CA,3,efficacy
rs1128503,capecitabine,ABCB1,PharmGKB_CA,3,toxicity
rs1137101,antipsychotics,LEPR,PharmGKB_CA,3,toxicity
rs274622,heroin,GRM3,PharmGKB_CA,3,other
rs885036,bevacizumab,MGAT4A,PharmGKB_CA,3,efficacy
rs885036,capecitabine,MGAT4A,PharmGKB_CA,3,efficacy
rs885036,oxaliplatin,MGAT4A,PharmGKB_CA,3,efficacy
rs16973225,"antiinflammatory agents, non-steroids",,PharmGKB_CA,3,other
rs16973225,aspirin,,PharmGKB_CA,3,other
rs11185648,docetaxel,,PharmGKB_CA,3,toxicity
rs62576288,docetaxel,RXRA,PharmGKB_CA,3,toxicity
rs2291075,cytarabine,SLCO1B1,PharmGKB_CA,3,efficacy
rs2291075,daunorubicin,SLCO1B1,PharmGKB_CA,3,efficacy
rs2291075,etoposide,SLCO1B1,PharmGKB_CA,3,efficacy
rs2291075,mitoxantrone,SLCO1B1,PharmGKB_CA,3,efficacy
rs766127,antidepressants,MTRF1L,PharmGKB_CA,3,efficacy
rs1799852,adalimumab,TF,PharmGKB_CA,3,efficacy
rs7349683,paclitaxel,EPHA5,PharmGKB_CA,3,toxicity
rs2606345,carbamazepine,CYP1A1,PharmGKB_CA,3,efficacy
rs2606345,phenobarbital,CYP1A1,PharmGKB_CA,3,efficacy
rs2606345,phenytoin,CYP1A1,PharmGKB_CA,3,efficacy
rs2606345,valproic acid,CYP1A1,PharmGKB_CA,3,efficacy
rs6431558,abt-751,UGT1A8,PharmGKB_CA,3,other
rs2238032,calcium channel blockers,CACNA1C,PharmGKB_CA,3,efficacy
rs3135506,fenofibrate,APOA5,PharmGKB_CA,3,efficacy
rs1045642,tacrolimus,ABCB1,PharmGKB_CA,4,dosage;metabolism/pk
rs4363657,simvastatin,SLCO1B1,PharmGKB_CA,4,toxicity
rs7661530,"ace inhibitors, plain",KCNIP4,PharmGKB_CA,4,toxicity
rs112445441,cetuximab,KRAS,PharmGKB_CA,3,efficacy
rs11676382,warfarin,GGCX,PharmGKB_CA,3,dosage
rs4880,methotrexate,SOD2,PharmGKB_CA,3,other
rs4678145,capecitabine,UMPS,PharmGKB_CA,3,toxicity
rs2270860,capecitabine,SLC22A7,PharmGKB_CA,3,toxicity
rs699517,capecitabine,TYMS,PharmGKB_CA,3,toxicity
rs4646316,cisplatin,COMT,PharmGKB_CA,3,toxicity
rs9332377,cisplatin,COMT,PharmGKB_CA,3,toxicity
rs36217263,beta blocking agents,KL,PharmGKB_CA,3,efficacy
rs1302192284,nicotine,CYP2A6,PharmGKB_CA,3,metabolism/pk
rs111869995,nicotine,CYP2A6,PharmGKB_CA,3,metabolism/pk
rs137904044,nicotine,CYP2A6,PharmGKB_CA,3,metabolism/pk
rs200554095,nicotine,CYP2A6,PharmGKB_CA,3,metabolism/pk
rs772964366,nicotine,CYP2A6,PharmGKB_CA,3,metabolism/pk
rs3846662,simvastatin,HMGCR,PharmGKB_CA,3,other
rs1801252,metoprolol,ADRB1,PharmGKB_CA,3,efficacy
rs861539,fluorouracil,KLC1;XRCC3,PharmGKB_CA,3,efficacy
rs861539,irinotecan,KLC1;XRCC3,PharmGKB_CA,3,efficacy
rs861539,leucovorin,KLC1;XRCC3,PharmGKB_CA,3,efficacy
rs2239128,calcium channel blockers,CACNA1C,PharmGKB_CA,3,efficacy
rs2239050,calcium channel blockers,CACNA1C,PharmGKB_CA,3,efficacy
rs11080344,isoniazid,NOS2,PharmGKB_CA,3,toxicity
rs11080344,rifampin,NOS2,PharmGKB_CA,3,toxicity
rs3761422,caffeine,ADORA2A,PharmGKB_CA,3,toxicity
rs2257212,sorafenib,SLC15A2,PharmGKB_CA,3,efficacy
rs3918290,fluorouracil,DPYD,PharmGKB_CA,4,efficacy
rs1129844,methadone,CCL11,PharmGKB_CA,3,toxicity
rs678849,methadone,OPRD1,PharmGKB_CA,3,efficacy
rs6853,fentanyl,MYD88,PharmGKB_CA,3,toxicity
rs12979860,peginterferon alfa-2a,IFNL3;IFNL4,PharmGKB_CA,3,efficacy
rs12979860,peginterferon alfa-2b,IFNL3;IFNL4,PharmGKB_CA,3,efficacy
rs2886059,methylphenidate,ALDH1L1,PharmGKB_CA,3,efficacy
rs75527207,ivacaftor,CFTR,PharmGKB_CA,3,efficacy
rs75527207,tezacaftor,CFTR,PharmGKB_CA,3,efficacy
rs2108622,warfarin,CYP4F2,PharmGKB_CA,4,other
rs112783657,cyclophosphamide,CBR3,PharmGKB_CA,3,toxicity
rs112783657,epirubicin,CBR3,PharmGKB_CA,3,toxicity
rs112783657,fluorouracil,CBR3,PharmGKB_CA,3,toxicity
rs111618861,antithyroid preparations,,PharmGKB_CA,3,toxicity
rs113993960,ivacaftor,CFTR,PharmGKB_CA,3,toxicity
rs113993960,lumacaftor,CFTR,PharmGKB_CA,3,toxicity
rs1801158,fluorouracil,DPYD,PharmGKB_CA,1A,toxicity
rs3812718,carbamazepine,SCN1A,PharmGKB_CA,2B,dosage
rs316019,cisplatin,SLC22A2,PharmGKB_CA,3,toxicity
rs3918290,fluorouracil,DPYD,PharmGKB_CA,1A,toxicity
rs1801159,fluorouracil,DPYD,PharmGKB_CA,1A,toxicity
rs1801160,fluorouracil,DPYD,PharmGKB_CA,1A,other
rs894160,rosiglitazone,PLIN1,PharmGKB_CA,3,toxicity
rs2236857,heroin,OPRD1,PharmGKB_CA,3,toxicity
rs1799732,ethanol,DRD2,PharmGKB_CA,3,toxicity
rs2164660,quetiapine,PDE4D,PharmGKB_CA,3,efficacy
rs3845446,fentanyl,CACNA1E,PharmGKB_CA,3,dosage
rs12041331,aspirin,PEAR1,PharmGKB_CA,3,efficacy
rs12041331,clopidogrel,PEAR1,PharmGKB_CA,3,efficacy
rs12041331,prasugrel,PEAR1,PharmGKB_CA,3,efficacy
rs1229984,acetaldehyde,ADH1B,PharmGKB_CA,3,metabolism/pk
rs1128503,cyclosporine,ABCB1,PharmGKB_CA,3,toxicity
rs1047303,glucocorticoids,HSD3B1,PharmGKB_CA,3,efficacy
rs76394784,carbocisteine,PAH,PharmGKB_CA,3,metabolism/pk
rs138809906,l-phenylalanine,PAH,PharmGKB_CA,3,metabolism/pk
rs758479488,nicotine,CYP2A6,PharmGKB_CA,3,metabolism/pk
rs145157460,nicotine,CYP2A6,PharmGKB_CA,3,metabolism/pk
rs148693084,nicotine,CYP2A6,PharmGKB_CA,3,metabolism/pk
rs429358,"antivirals for treatment of hiv infections, combinations",APOE,PharmGKB_CA,3,toxicity
rs429358,ritonavir,APOE,PharmGKB_CA,3,toxicity
rs7412,warfarin,APOE,PharmGKB_CA,3,efficacy
rs77010898,ivacaftor,CFTR,PharmGKB_CA,3,efficacy
rs316019,platinum compounds,SLC22A2,PharmGKB_CA,3,toxicity
rs201279313,atenolol,SLC25A31,PharmGKB_CA,3,efficacy
rs201279313,hydrochlorothiazide,SLC25A31,PharmGKB_CA,3,efficacy
rs201279313,metoprolol,SLC25A31,PharmGKB_CA,3,efficacy
rs8192950,clopidogrel,CES1,PharmGKB_CA,3,efficacy
rs1799793,platinum compounds,ERCC2,PharmGKB_CA,3,toxicity
rs1799793,platinum compounds,ERCC2,PharmGKB_CA,3,toxicity
rs429358,warfarin,APOE,PharmGKB_CA,3,efficacy
rs1303839356,nicotine,CYP2A6,PharmGKB_CA,3,metabolism/pk
rs778019189,nicotine,CYP2A6,PharmGKB_CA,3,metabolism/pk
rs7294,warfarin,VKORC1,PharmGKB_CA,1B,dosage
rs2359612,warfarin,VKORC1,PharmGKB_CA,1B,dosage
rs1045642,cytarabine,ABCB1,PharmGKB_CA,3,efficacy
rs1799978,risperidone,DRD2,PharmGKB_CA,4,efficacy
rs2032582,cytarabine,ABCB1,PharmGKB_CA,3,efficacy
rs2032582,daunorubicin,ABCB1,PharmGKB_CA,3,efficacy
rs2032582,dexrazoxane,ABCB1,PharmGKB_CA,3,efficacy
rs2032582,idarubicin,ABCB1,PharmGKB_CA,3,efficacy
rs9934438,acenocoumarol,VKORC1,PharmGKB_CA,2A,dosage
rs9923231,warfarin,VKORC1,PharmGKB_CA,1B,toxicity
rs374515279,nicotine,CYP2A6,PharmGKB_CA,3,metabolism/pk
rs777098658,nicotine,CYP2A6,PharmGKB_CA,3,metabolism/pk
rs145308399,nicotine,CYP2A6,PharmGKB_CA,3,metabolism/pk
rs1042713,propranolol,ADRB2,PharmGKB_CA,3,efficacy
rs324498,antihypertensives,PTPRD,PharmGKB_CA,3,efficacy
rs11749255,antihypertensives,,PharmGKB_CA,3,efficacy
rs6487504,antihypertensives,,PharmGKB_CA,3,efficacy
rs2740574,fentanyl,CYP3A4,PharmGKB_CA,3,metabolism/pk
rs4149117,mycophenolic acid,SLCO1B3,PharmGKB_CA,3,efficacy
rs1799971,ethanol,OPRM1,PharmGKB_CA,4,toxicity
rs1229984,ethanol,ADH1B,PharmGKB_CA,3,toxicity
rs6473797,ethanol,OPRK1,PharmGKB_CA,3,toxicity
rs61826952,ethanol,RABGAP1L,PharmGKB_CA,3,toxicity
rs2838956,methotrexate,SLC19A1,PharmGKB_CA,3,toxicity
rs4149056,lopinavir,SLCO1B1,PharmGKB_CA,3,metabolism/pk
rs1799971,opioids,OPRM1,PharmGKB_CA,3,toxicity
rs4149056,amprenavir,SLCO1B1,PharmGKB_CA,3,metabolism/pk
rs12521868,hydrochlorothiazide,C5orf56,PharmGKB_CA,3,efficacy
rs1275988,candesartan,KCNK3,PharmGKB_CA,3,efficacy
rs1378942,hydrochlorothiazide,CSK,PharmGKB_CA,3,efficacy
rs12579720,hydrochlorothiazide,PDE3A,PharmGKB_CA,3,efficacy
rs6722745,candesartan,SULT1C3,PharmGKB_CA,3,efficacy
rs4387287,atenolol,STN1,PharmGKB_CA,3,efficacy
rs8068318,atenolol,TBX2,PharmGKB_CA,3,efficacy
rs932764,hydrochlorothiazide,PLCE1,PharmGKB_CA,3,efficacy
rs10995311,hydrochlorothiazide,ADO,PharmGKB_CA,3,efficacy
rs147451859,docetaxel,PPCDC,PharmGKB_CA,3,toxicity
rs147451859,fec100,PPCDC,PharmGKB_CA,3,toxicity
rs147451859,gemcitabine,PPCDC,PharmGKB_CA,3,toxicity
rs147451859,trastuzumab,PPCDC,PharmGKB_CA,3,toxicity
rs147451859,zoledronate,PPCDC,PharmGKB_CA,3,toxicity
rs17587029,docetaxel,,PharmGKB_CA,3,toxicity
rs17587029,fec100,,PharmGKB_CA,3,toxicity
rs17587029,gemcitabine,,PharmGKB_CA,3,toxicity
rs17587029,trastuzumab,,PharmGKB_CA,3,toxicity
rs17587029,zoledronate,,PharmGKB_CA,3,toxicity
rs2133896,ethanol,ANKS1B,PharmGKB_CA,3,toxicity
rs2133896,heroin,ANKS1B,PharmGKB_CA,3,toxicity
rs910080,opioids,PDYN,PharmGKB_CA,3,toxicity
rs9262132,carboplatin,ATAT1,PharmGKB_CA,3,toxicity
rs9262132,gemcitabine,ATAT1,PharmGKB_CA,3,toxicity
rs886423,carboplatin,,PharmGKB_CA,3,toxicity
rs886423,gemcitabine,,PharmGKB_CA,3,toxicity
rs9262143,carboplatin,PPP1R18,PharmGKB_CA,3,toxicity
rs9262143,gemcitabine,PPP1R18,PharmGKB_CA,3,toxicity
rs886424,carboplatin,,PharmGKB_CA,3,toxicity
rs886424,gemcitabine,,PharmGKB_CA,3,toxicity
rs3130985,carboplatin,CDSN;PSORS1C1,PharmGKB_CA,3,toxicity
rs3130985,gemcitabine,CDSN;PSORS1C1,PharmGKB_CA,3,toxicity
rs1049709,carboplatin,HLA-C,PharmGKB_CA,3,toxicity
rs1049709,gemcitabine,HLA-C,PharmGKB_CA,3,toxicity
rs3094086,carboplatin,MUCL3,PharmGKB_CA,3,toxicity
rs3094086,gemcitabine,MUCL3,PharmGKB_CA,3,toxicity
rs717620,tenofovir,ABCC2,PharmGKB_CA,3,toxicity
rs3130907,carboplatin,HCP5,PharmGKB_CA,3,toxicity
rs3130907,gemcitabine,HCP5,PharmGKB_CA,3,toxicity
rs11229,carboplatin,PRRC2A,PharmGKB_CA,3,toxicity
rs11229,gemcitabine,PRRC2A,PharmGKB_CA,3,toxicity
rs1800629,carboplatin,TNF,PharmGKB_CA,3,toxicity
rs1800629,gemcitabine,TNF,PharmGKB_CA,3,toxicity
rs10885,carboplatin,PRRC2A,PharmGKB_CA,3,toxicity
rs10885,gemcitabine,PRRC2A,PharmGKB_CA,3,toxicity
rs3115672,carboplatin,MSH5,PharmGKB_CA,3,toxicity
rs3115672,gemcitabine,MSH5,PharmGKB_CA,3,toxicity
rs10491684,carboplatin,DOCK8,PharmGKB_CA,3,toxicity
rs10491684,gemcitabine,DOCK8,PharmGKB_CA,3,toxicity
rs1058932,carboplatin,CYP2C8,PharmGKB_CA,3,toxicity
rs1058932,gemcitabine,CYP2C8,PharmGKB_CA,3,toxicity
rs11572078,carboplatin,CYP2C8,PharmGKB_CA,3,toxicity
rs11572078,gemcitabine,CYP2C8,PharmGKB_CA,3,toxicity
rs6119,carboplatin,SERPINA5,PharmGKB_CA,3,toxicity
rs6119,gemcitabine,SERPINA5,PharmGKB_CA,3,toxicity
rs6504649,carboplatin,XYLT2,PharmGKB_CA,3,toxicity
rs6504649,gemcitabine,XYLT2,PharmGKB_CA,3,toxicity
rs6113,carboplatin,SERPINA5,PharmGKB_CA,3,toxicity
rs6113,gemcitabine,SERPINA5,PharmGKB_CA,3,toxicity
rs6118,carboplatin,SERPINA5,PharmGKB_CA,3,toxicity
rs6118,gemcitabine,SERPINA5,PharmGKB_CA,3,toxicity
rs73450548,carboplatin,ETS2,PharmGKB_CA,3,toxicity
rs73450548,gemcitabine,ETS2,PharmGKB_CA,3,toxicity
rs1801253,beta blocking agents,ADRB1,PharmGKB_CA,4,efficacy
rs1042713,beta blocking agents,ADRB2,PharmGKB_CA,4,efficacy
rs61767072,beta blocking agents,ADRA2C,PharmGKB_CA,3,efficacy
rs10799590,opioids,CNIH3,PharmGKB_CA,3,toxicity
rs1544105,methotrexate,FPGS,PharmGKB_CA,3,efficacy
rs4149009,methotrexate,SLCO1A2,PharmGKB_CA,3,metabolism/pk
rs444904,sorafenib,PIK3R5,PharmGKB_CA,3,toxicity
rs4035887,sorafenib,EPAS1,PharmGKB_CA,3,toxicity
rs4864950,sorafenib,KDR,PharmGKB_CA,3,toxicity
rs4864950,regorafenib,KDR,PharmGKB_CA,3,toxicity
rs10958704,sorafenib,,PharmGKB_CA,3,toxicity
rs1868089,sorafenib,EPAS1,PharmGKB_CA,3,toxicity
rs1801394,sevoflurane,FASTKD3;MTRR,PharmGKB_CA,3,efficacy
rs7557402,sorafenib,EPAS1,PharmGKB_CA,3,toxicity
rs36120609,cisplatin,GSTM3,PharmGKB_CA,3,toxicity
rs36120609,cyclophosphamide,GSTM3,PharmGKB_CA,3,toxicity
rs36120609,olanzapine,GSTM3,PharmGKB_CA,3,metabolism/pk
rs371194629,methotrexate,HLA-G,PharmGKB_CA,3,efficacy
rs9282564,opioids,ABCB1,PharmGKB_CA,3,toxicity
rs4680,opioids,COMT,PharmGKB_CA,3,toxicity
rs62103056,tafenoquine,,PharmGKB_CA,3,efficacy
rs11125039,sorafenib,PRKCE,PharmGKB_CA,3,toxicity
rs11651488,sorafenib,MAP2K6,PharmGKB_CA,3,toxicity
rs17682789,sorafenib,CDH13,PharmGKB_CA,3,toxicity
rs9927200,sorafenib,WWOX,PharmGKB_CA,3,toxicity
rs1800497,nicotine,ANKK1;DRD2,PharmGKB_CA,3,toxicity
rs1800497,nicotine,DRD2,PharmGKB_CA,3,toxicity
rs1045642,fentanyl,ABCB1,PharmGKB_CA,3,dosage
rs1042522,antineoplastic agents,TP53,PharmGKB_CA,3,toxicity
rs1042522,platinum compounds,TP53,PharmGKB_CA,3,efficacy
rs17244841,simvastatin,HMGCR,PharmGKB_CA,3,efficacy
rs1346563,sorafenib,ADAMTS18,PharmGKB_CA,3,toxicity
rs2330951,sorafenib,EGFR,PharmGKB_CA,3,toxicity
rs11280056,methotrexate,ENOSF1;TYMS,PharmGKB_CA,3,toxicity
rs45445694,fluorouracil,TYMS,PharmGKB_CA,3,efficacy
rs45445694,folfiri,TYMS,PharmGKB_CA,3,efficacy
rs45445694,folfox,TYMS,PharmGKB_CA,3,efficacy
rs45445694,fluorouracil,TYMS,PharmGKB_CA,3,toxicity
rs1293732453,tapentadol,SULT1A3,PharmGKB_CA,3,metabolism/pk
rs1328799050,acetaminophen,SULT1A3,PharmGKB_CA,3,metabolism/pk
rs1328799050,morphine,SULT1A3,PharmGKB_CA,3,metabolism/pk
rs1328799050,tapentadol,SULT1A3,PharmGKB_CA,3,metabolism/pk
rs1328799050,o-desmethyltramadol,SULT1A3,PharmGKB_CA,3,metabolism/pk
rs1328799050,tramadol,SULT1A3,PharmGKB_CA,3,metabolism/pk
rs8124728,stavudine,SAMHD1,PharmGKB_CA,3,toxicity
rs524731,ethanol,OPRM1,PharmGKB_CA,3,efficacy
rs648007,ethanol,OPRM1,PharmGKB_CA,3,efficacy
rs2236861,heroin,OPRD1,PharmGKB_CA,3,toxicity
rs1051730,nicotine,CHRNA3,PharmGKB_CA,3,dosage
rs1051730,nicotine,CHRNA3,PharmGKB_CA,3,other
rs16872401,atenolol,,PharmGKB_CA,3,efficacy
rs9923231,phenprocoumon,VKORC1,PharmGKB_CA,1A,dosage
rs9923231,phenprocoumon,VKORC1,PharmGKB_CA,2A,toxicity
rs9934438,phenprocoumon,VKORC1,PharmGKB_CA,2A,dosage
rs121434569,gefitinib,EGFR,PharmGKB_CA,2B,efficacy
rs12366035,sorafenib,VEGFB,PharmGKB_CA,3,toxicity
rs917881,sorafenib,EGFR,PharmGKB_CA,3,toxicity
rs12948059,sorafenib,MAP2K6,PharmGKB_CA,3,toxicity
rs315498,sorafenib,,PharmGKB_CA,3,toxicity
rs4720833,isoniazid,MAFK,PharmGKB_CA,3,toxicity
rs17685420,methylphenidate,PEBP4,PharmGKB_CA,3,efficacy
rs3210967,methylphenidate,ZDHHC7,PharmGKB_CA,3,efficacy
rs10413455,methylphenidate,ZNF134,PharmGKB_CA,3,efficacy
rs2071421,methylphenidate,ARSA,PharmGKB_CA,3,efficacy
rs12302749,methylphenidate,SPSB2,PharmGKB_CA,3,efficacy
rs10420097,methylphenidate,ZNF211,PharmGKB_CA,3,efficacy
rs3810818,methylphenidate,CORO7,PharmGKB_CA,3,efficacy
rs9901675,methylphenidate,FXR2,PharmGKB_CA,3,efficacy
rs4805162,methylphenidate,ZNF565,PharmGKB_CA,3,efficacy
rs4562,methylphenidate,ELP5,PharmGKB_CA,3,efficacy
rs11552708,methylphenidate,SENP3,PharmGKB_CA,3,efficacy
rs1061735,methylphenidate,ESYT2,PharmGKB_CA,3,efficacy
rs11553441,methylphenidate,RRP7A,PharmGKB_CA,3,efficacy
rs362272,methylphenidate,HTT,PharmGKB_CA,3,efficacy
rs757978,methylphenidate,FARP2,PharmGKB_CA,3,efficacy
rs17279558,methylphenidate,GGH,PharmGKB_CA,3,efficacy
rs3761372,methylphenidate,,PharmGKB_CA,3,efficacy
rs2013169,methylphenidate,PURA,PharmGKB_CA,3,efficacy
rs9310657,duloxetine,ZNF385D,PharmGKB_CA,3,efficacy
rs9310658,duloxetine,ZNF385D,PharmGKB_CA,3,efficacy
rs7616119,duloxetine,ZNF385D,PharmGKB_CA,3,efficacy
rs7653345,duloxetine,ZNF385D,PharmGKB_CA,3,efficacy
rs9819548,duloxetine,ZNF385D,PharmGKB_CA,3,efficacy
rs13093500,duloxetine,ZNF385D,PharmGKB_CA,3,efficacy
rs4639250,duloxetine,SKIC3,PharmGKB_CA,3,efficacy
rs9369266,duloxetine,TREML4,PharmGKB_CA,3,efficacy
rs13204353,duloxetine,TREML4,PharmGKB_CA,3,efficacy
rs10123866,duloxetine,INVS,PharmGKB_CA,3,efficacy
rs7472,duloxetine,TEX10,PharmGKB_CA,3,efficacy
rs10124893,duloxetine,TEX10,PharmGKB_CA,3,efficacy
rs7035619,duloxetine,TEX10,PharmGKB_CA,3,efficacy
rs6479008,duloxetine,TEX10,PharmGKB_CA,3,efficacy
rs10989064,duloxetine,TEX10,PharmGKB_CA,3,efficacy
rs3124955,duloxetine,FCN2,PharmGKB_CA,3,efficacy
rs3128624,duloxetine,FCN2,PharmGKB_CA,3,efficacy
rs61908411,duloxetine,ANO2,PharmGKB_CA,3,efficacy
rs7316769,duloxetine,,PharmGKB_CA,3,efficacy
rs7306991,duloxetine,,PharmGKB_CA,3,efficacy
rs2740574,buprenorphine,CYP3A4,PharmGKB_CA,3,dosage
rs540825,fentanyl,OPRM1,PharmGKB_CA,3,toxicity
rs648893,opioids,OPRM1,PharmGKB_CA,3,toxicity
rs1534891,heroin,CSNK1E,PharmGKB_CA,3,toxicity
rs7178270,nicotine,CHRNB4,PharmGKB_CA,3,toxicity
rs9973653,sorafenib,EPAS1,PharmGKB_CA,3,toxicity
rs1800896,"antiinflammatory agents, non-steroids",IL10,PharmGKB_CA,3,toxicity
rs61908402,duloxetine,ANO2,PharmGKB_CA,3,efficacy
rs61908403,duloxetine,ANO2,PharmGKB_CA,3,efficacy
rs61908404,duloxetine,ANO2,PharmGKB_CA,3,efficacy
rs61908405,duloxetine,ANO2,PharmGKB_CA,3,efficacy
rs17724452,duloxetine,ANO2,PharmGKB_CA,3,efficacy
rs17724464,duloxetine,ANO2,PharmGKB_CA,3,efficacy
rs17786394,duloxetine,ANO2,PharmGKB_CA,3,efficacy
rs17786400,duloxetine,ANO2,PharmGKB_CA,3,efficacy
rs61908406,duloxetine,ANO2,PharmGKB_CA,3,efficacy
rs17786412,duloxetine,ANO2,PharmGKB_CA,3,efficacy
rs61908407,duloxetine,ANO2,PharmGKB_CA,3,efficacy
rs61908408,duloxetine,ANO2,PharmGKB_CA,3,efficacy
rs61908409,duloxetine,ANO2,PharmGKB_CA,3,efficacy
rs12595802,duloxetine,ATP10A,PharmGKB_CA,3,efficacy
rs3889402,duloxetine,MIEF2,PharmGKB_CA,3,efficacy
rs12603700,duloxetine,MIEF2,PharmGKB_CA,3,efficacy
rs56355515,duloxetine,MIEF2,PharmGKB_CA,3,efficacy
rs58042962,duloxetine,,PharmGKB_CA,3,efficacy
rs7439366,fentanyl,UGT2B7,PharmGKB_CA,3,efficacy
rs20455,rosuvastatin,KIF6,PharmGKB_CA,3,efficacy
rs1799972,opioids,OPRM1,PharmGKB_CA,4,toxicity
rs1800497,nicotine,DRD2,PharmGKB_CA,3,toxicity
rs5443,sibutramine,GNB3,PharmGKB_CA,3,efficacy
rs495491,ethanol,OPRM1,PharmGKB_CA,3,toxicity
rs1128503,methadone,ABCB1,PharmGKB_CA,4,dosage
rs553202,ethanol,OPRM1,PharmGKB_CA,3,efficacy
rs3778151,heroin,OPRM1,PharmGKB_CA,3,toxicity
rs6473797,heroin,OPRK1,PharmGKB_CA,3,toxicity
rs8109525,bupropion,CYP2B6,PharmGKB_CA,3,efficacy
rs671531,highly active antiretroviral therapy (haart),OPRM1,PharmGKB_CA,3,efficacy
rs1801131,l-methylfolate,MTHFR,PharmGKB_CA,3,efficacy
rs1801131,"vitamin b-complex, incl. combinations",MTHFR,PharmGKB_CA,3,efficacy
rs1801133,l-methylfolate,MTHFR,PharmGKB_CA,3,efficacy
rs1801133,"vitamin b-complex, incl. combinations",MTHFR,PharmGKB_CA,3,efficacy
rs11503014,cocaine,GABRA2,PharmGKB_CA,3,toxicity
rs6688363,olanzapine,ATP1A2,PharmGKB_CA,3,efficacy
rs17382202,quetiapine,PDE4D,PharmGKB_CA,3,efficacy
rs2036527,varenicline,CHRNA5,PharmGKB_CA,3,efficacy
rs1051730,nicotine,CHRNA3,PharmGKB_CA,3,toxicity
rs1045642,oxycodone,ABCB1,PharmGKB_CA,3,dosage
rs1544410,deferasirox,VDR,PharmGKB_CA,3,efficacy
rs1718125,fentanyl,P2RX7,PharmGKB_CA,3,dosage
rs2740574,cyclosporine,CYP3A4,PharmGKB_CA,3,metabolism/pk
rs1801394,sevoflurane,FASTKD3;MTRR,PharmGKB_CA,3,other
rs1275988,sevoflurane,KCNK3,PharmGKB_CA,3,other
rs3813867,sevoflurane,CYP2E1,PharmGKB_CA,3,other
rs1799971,cotinine,OPRM1,PharmGKB_CA,3,metabolism/pk
rs1799971,nicotine,OPRM1,PharmGKB_CA,3,metabolism/pk
rs12209447,cotinine,OPRM1,PharmGKB_CA,3,metabolism/pk
rs12209447,nicotine,OPRM1,PharmGKB_CA,3,metabolism/pk
rs563649,cotinine,OPRM1,PharmGKB_CA,3,metabolism/pk
rs563649,nicotine,OPRM1,PharmGKB_CA,3,metabolism/pk
rs2075572,cotinine,OPRM1,PharmGKB_CA,3,metabolism/pk
rs2075572,nicotine,OPRM1,PharmGKB_CA,3,metabolism/pk
rs1045642,antineoplastic agents,ABCB1,PharmGKB_CA,3,toxicity
rs62638690,cocaine,OPRM1,PharmGKB_CA,3,toxicity
rs62638690,heroin,OPRM1,PharmGKB_CA,3,toxicity
rs1076560,opioids,DRD2,PharmGKB_CA,3,other
rs117341846,cyclophosphamide,PIK3R2,PharmGKB_CA,3,toxicity
rs117341846,epirubicin,PIK3R2,PharmGKB_CA,3,toxicity
rs117341846,fluorouracil,PIK3R2,PharmGKB_CA,3,toxicity
rs55633228,cyclophosphamide,PIK3R2,PharmGKB_CA,3,toxicity
rs55633228,epirubicin,PIK3R2,PharmGKB_CA,3,toxicity
rs55633228,fluorouracil,PIK3R2,PharmGKB_CA,3,toxicity
rs1799971,heroin,OPRM1,PharmGKB_CA,4,toxicity
rs9479757,heroin,OPRM1,PharmGKB_CA,3,dosage
rs104894021,disopyramide,KCNH2,PharmGKB_CA,3,efficacy
rs104894021,quinidine,KCNH2,PharmGKB_CA,3,efficacy
rs2031920,ethanol,CYP2E1,PharmGKB_CA,3,toxicity
rs548646,ethanol,OPRM1,PharmGKB_CA,3,efficacy
rs3778148,ethanol,OPRM1,PharmGKB_CA,3,efficacy
rs2075572,ethanol,OPRM1,PharmGKB_CA,3,efficacy
rs681243,ethanol,OPRM1,PharmGKB_CA,3,efficacy
rs72552266,nicotine,CYP2A13,PharmGKB_CA,3,toxicity
rs813676,risperidone,TJP1,PharmGKB_CA,3,efficacy
rs711355,risperidone,TJP1,PharmGKB_CA,3,efficacy
rs2636719,risperidone,PPA2,PharmGKB_CA,3,efficacy
rs1799971,alfentanil,OPRM1,PharmGKB_CA,3,dosage
rs1799971,codeine,OPRM1,PharmGKB_CA,3,dosage
rs1799971,fentanyl,OPRM1,PharmGKB_CA,3,efficacy
rs886043595,mexiletine,SCN4A,PharmGKB_CA,3,efficacy
rs279858,sevoflurane,GABRA2,PharmGKB_CA,3,other
rs2307116,sevoflurane,FASTKD3;MTRR,PharmGKB_CA,3,other
rs710446,hormonal contraceptives for systemic use,KNG1,PharmGKB_CA,3,toxicity
rs2289252,hormonal contraceptives for systemic use,F11,PharmGKB_CA,3,toxicity
rs4379368,hormonal contraceptives for systemic use,SUGCT,PharmGKB_CA,3,toxicity
rs56392308,hormonal contraceptives for systemic use,ABO,PharmGKB_CA,3,toxicity
rs41412545,cyclophosphamide,INSR,PharmGKB_CA,3,toxicity
rs41412545,epirubicin,INSR,PharmGKB_CA,3,toxicity
rs41412545,fluorouracil,INSR,PharmGKB_CA,3,toxicity
rs118129530,cyclophosphamide,PIK3R2,PharmGKB_CA,3,toxicity
rs118129530,epirubicin,PIK3R2,PharmGKB_CA,3,toxicity
rs118129530,fluorouracil,PIK3R2,PharmGKB_CA,3,toxicity
rs56022120,cyclophosphamide,PIK3R2,PharmGKB_CA,3,toxicity
rs56022120,epirubicin,PIK3R2,PharmGKB_CA,3,toxicity
rs56022120,fluorouracil,PIK3R2,PharmGKB_CA,3,toxicity
rs117951771,cyclophosphamide,PIK3R2,PharmGKB_CA,3,toxicity
rs117951771,epirubicin,PIK3R2,PharmGKB_CA,3,toxicity
rs117951771,fluorouracil,PIK3R2,PharmGKB_CA,3,toxicity
rs148235907,cyclophosphamide,PIK3R2,PharmGKB_CA,3,toxicity
rs148235907,epirubicin,PIK3R2,PharmGKB_CA,3,toxicity
rs148235907,fluorouracil,PIK3R2,PharmGKB_CA,3,toxicity
rs138602176,cyclophosphamide,PIK3R2,PharmGKB_CA,3,toxicity
rs138602176,epirubicin,PIK3R2,PharmGKB_CA,3,toxicity
rs138602176,fluorouracil,PIK3R2,PharmGKB_CA,3,toxicity
rs767263838,acetaminophen,SULT1A3,PharmGKB_CA,3,metabolism/pk
rs757573592,tapentadol,SULT1A3,PharmGKB_CA,3,metabolism/pk
rs757573592,o-desmethyltramadol,SULT1A3,PharmGKB_CA,3,metabolism/pk
rs757573592,tramadol,SULT1A3,PharmGKB_CA,3,metabolism/pk
rs776817009,acetaminophen,SULT1A3,PharmGKB_CA,3,metabolism/pk
rs776817009,tapentadol,SULT1A3,PharmGKB_CA,3,metabolism/pk
rs776817009,o-desmethyltramadol,SULT1A3,PharmGKB_CA,3,metabolism/pk
rs776817009,tramadol,SULT1A3,PharmGKB_CA,3,metabolism/pk
rs1293732453,o-desmethyltramadol,SULT1A3,PharmGKB_CA,3,metabolism/pk
rs1293732453,tramadol,SULT1A3,PharmGKB_CA,3,metabolism/pk
rs238406,bleomycin,ERCC2,PharmGKB_CA,3,toxicity
rs238406,cisplatin,ERCC2,PharmGKB_CA,3,toxicity
rs238406,etoposide,ERCC2,PharmGKB_CA,3,toxicity
rs2075572,heroin,OPRM1,PharmGKB_CA,3,toxicity
rs3778156,opioids,OPRM1,PharmGKB_CA,3,toxicity
rs678849,cocaine,OPRD1,PharmGKB_CA,3,toxicity
rs562859,heroin,OPRM1,PharmGKB_CA,3,toxicity
rs9478495,heroin,,PharmGKB_CA,3,toxicity
rs1799971,morphine,OPRM1,PharmGKB_CA,3,efficacy
rs1799971,oxycodone,OPRM1,PharmGKB_CA,3,dosage
rs795484,opioids,TAOK3,PharmGKB_CA,3,dosage
rs1051730,drugs used in nicotine dependence,CHRNA3,PharmGKB_CA,3,other
rs1051730,nicotine,CHRNA3,PharmGKB_CA,3,other
rs1045642,methadone,ABCB1,PharmGKB_CA,3,dosage
rs1045642,methadone,ABCB1,PharmGKB_CA,4,dosage
rs9332096,ethambutol,CYP2C9,PharmGKB_CA,3,toxicity
rs9332096,isoniazid,CYP2C9,PharmGKB_CA,3,toxicity
rs9332096,pyrazinamide,CYP2C9,PharmGKB_CA,3,toxicity
rs9332096,rifampin,CYP2C9,PharmGKB_CA,3,toxicity
rs1983023,deferasirox,UGT1A3,PharmGKB_CA,3,efficacy
rs144928727,mephenytoin,CYP2C19,PharmGKB_CA,3,metabolism/pk
rs765399160,desmethylnaproxen,SULT1A1,PharmGKB_CA,3,metabolism/pk
rs28374453,desmethylnaproxen,NPIPB8;SULT1A1,PharmGKB_CA,3,metabolism/pk
rs1042028,acetaminophen,SULT1A1,PharmGKB_CA,3,metabolism/pk
rs2233945,etanercept,PSORS1C1,PharmGKB_CA,3,efficacy
rs12459249,nicotine,,PharmGKB_CA,3,metabolism/pk
rs1071816,antithyroid preparations,HLA-B,PharmGKB_CA,3,toxicity
rs7439366,(r)-methadone,UGT2B7,PharmGKB_CA,3,metabolism/pk
rs7439366,methadone,UGT2B7,PharmGKB_CA,3,metabolism/pk
rs7439366,s-eddp,UGT2B7,PharmGKB_CA,3,metabolism/pk
rs1045642,methadone,ABCB1,PharmGKB_CA,3,metabolism/pk
rs1128503,propofol,ABCB1,PharmGKB_CA,3,efficacy
rs1128503,remifentanil,ABCB1,PharmGKB_CA,3,efficacy
rs1799971,nicotine,OPRM1,PharmGKB_CA,3,efficacy
rs510769,heroin,OPRM1,PharmGKB_CA,3,toxicity
rs3766951,heroin,OPRD1,PharmGKB_CA,3,toxicity
rs10170310,olanzapine,SPOPL,PharmGKB_CA,3,efficacy
rs429358,hmg coa reductase inhibitors,APOE,PharmGKB_CA,3,efficacy
rs3778150,ethanol,OPRM1,PharmGKB_CA,3,efficacy
rs1799971,fentanyl,OPRM1,PharmGKB_CA,3,dosage
rs1799971,sufentanil,OPRM1,PharmGKB_CA,3,dosage
rs5441,sertraline,GNB3;P3H3,PharmGKB_CA,3,efficacy
rs869312136,migalastat,GLA;HNRNPH2,PharmGKB_CA,3,efficacy
rs398123217,migalastat,GLA,PharmGKB_CA,3,efficacy
rs552524124,acetaminophen,SULT1A1,PharmGKB_CA,3,metabolism/pk
rs1049305,cisplatin,AQP1,PharmGKB_CA,3,toxicity
rs1049305,cisplatin,AQP1,PharmGKB_CA,3,toxicity
rs6686529,sevoflurane,KCNK2,PharmGKB_CA,3,efficacy
rs199564443,antithyroid preparations,FOXF2,PharmGKB_CA,3,toxicity
rs34911792,ivacaftor,CFTR,PharmGKB_CA,3,efficacy
rs397508453,ivacaftor,CFTR,PharmGKB_CA,3,efficacy
rs74551128,ivacaftor,CFTR,PharmGKB_CA,3,efficacy
rs74551128,lumacaftor,CFTR,PharmGKB_CA,3,efficacy
rs121909047,ivacaftor,CFTR,PharmGKB_CA,3,efficacy
rs9282564,methadone,ABCB1,PharmGKB_CA,3,metabolism/pk
rs1799971,ethanol,OPRM1,PharmGKB_CA,3,toxicity
rs2075572,methamphetamine,OPRM1,PharmGKB_CA,3,toxicity
rs2239128,nimodipine,CACNA1C,PharmGKB_CA,3,efficacy
rs2980976,risperidone,TNFRSF11A,PharmGKB_CA,3,efficacy
rs1799971,morphine,OPRM1,PharmGKB_CA,4,metabolism/pk
rs1799971,acetaminophen,OPRM1,PharmGKB_CA,3,efficacy
rs1799971,tramadol,OPRM1,PharmGKB_CA,3,efficacy
rs397515874,migalastat,GLA,PharmGKB_CA,3,efficacy
rs727504348,migalastat,GLA,PharmGKB_CA,3,efficacy
rs1799971,tianeptine,OPRM1,PharmGKB_CA,3,toxicity
rs5030843,l-phenylalanine,PAH,PharmGKB_CA,3,metabolism/pk
rs75193786,carbocisteine,PAH,PharmGKB_CA,3,metabolism/pk
rs5030843,carbocisteine,PAH,PharmGKB_CA,3,metabolism/pk
rs138809906,carbocisteine,PAH,PharmGKB_CA,3,metabolism/pk
rs5030849,l-phenylalanine,PAH,PharmGKB_CA,3,metabolism/pk
rs5030849,carbocisteine,PAH,PharmGKB_CA,3,metabolism/pk
rs62516101,carbocisteine,PAH,PharmGKB_CA,3,metabolism/pk
rs62516101,l-phenylalanine,PAH,PharmGKB_CA,3,metabolism/pk
rs5030858,l-phenylalanine,PAH,PharmGKB_CA,3,metabolism/pk
rs5030858,carbocisteine,PAH,PharmGKB_CA,3,metabolism/pk
rs5030860,carbocisteine,PAH,PharmGKB_CA,3,metabolism/pk
rs5030860,l-phenylalanine,PAH,PharmGKB_CA,3,metabolism/pk
rs76394784,l-phenylalanine,PAH,PharmGKB_CA,3,metabolism/pk
rs72732317,o-desmethyltramadol,,PharmGKB_CA,3,metabolism/pk
rs72732317,tramadol,,PharmGKB_CA,3,metabolism/pk
rs184199168,o-desmethyltramadol,RGL4,PharmGKB_CA,3,metabolism/pk
rs184199168,tramadol,RGL4,PharmGKB_CA,3,metabolism/pk
rs62435418,o-desmethyltramadol,ICA1,PharmGKB_CA,3,metabolism/pk
rs62435418,tramadol,ICA1,PharmGKB_CA,3,metabolism/pk
rs79983226,o-desmethyltramadol,HCN1,PharmGKB_CA,3,metabolism/pk
rs79983226,tramadol,HCN1,PharmGKB_CA,3,metabolism/pk
rs9384825,o-desmethyltramadol,RFPL4B,PharmGKB_CA,3,metabolism/pk
rs9384825,tramadol,RFPL4B,PharmGKB_CA,3,metabolism/pk
rs4643,acetaldehyde,PGM1,PharmGKB_CA,3,metabolism/pk
rs671,ethanol,ALDH2,PharmGKB_CA,3,metabolism/pk
rs4149117,mycophenolic acid,SLCO1B3,PharmGKB_CA,3,efficacy
rs7311358,mycophenolic acid,SLCO1B3,PharmGKB_CA,3,efficacy
rs4149117,mycophenolic acid,SLCO1B3,PharmGKB_CA,3,efficacy
rs7311358,mycophenolic acid,SLCO1B3,PharmGKB_CA,3,efficacy
rs7311358,mycophenolic acid,SLCO1B3,PharmGKB_CA,3,efficacy
rs222749,botulinum toxin type a,TRPV1,PharmGKB_CA,3,efficacy
rs3781719,botulinum toxin type a,CALCA,PharmGKB_CA,3,efficacy
rs4149032,letermovir,SLCO1B1,PharmGKB_CA,3,metabolism/pk
rs4149056,letermovir,SLCO1B1,PharmGKB_CA,3,metabolism/pk
rs2242480,sufentanil,CYP3A4,PharmGKB_CA,3,efficacy
rs2242480,tacrolimus,CYP3A4,PharmGKB_CA,3,toxicity
rs2242480,atorvastatin,CYP3A4,PharmGKB_CA,3,efficacy
rs2242480,fentanyl,CYP3A4,PharmGKB_CA,2A,dosage
rs2031920,sevoflurane,CYP2E1;DUX1,PharmGKB_CA,3,other
rs397508602,ivacaftor,CFTR,PharmGKB_CA,1A,efficacy
rs75541969,ivacaftor,CFTR,PharmGKB_CA,1A,efficacy
rs11971167,ivacaftor,CFTR,PharmGKB_CA,1A,efficacy
rs1799971,cannabinoids,OPRM1,PharmGKB_CA,4,toxicity
rs1799971,cocaine,OPRM1,PharmGKB_CA,4,toxicity
rs1799971,ethanol,OPRM1,PharmGKB_CA,4,toxicity
rs1799971,nicotine,OPRM1,PharmGKB_CA,4,toxicity
rs1799971,opioids,OPRM1,PharmGKB_CA,4,toxicity
rs1799971,opioids,OPRM1,PharmGKB_CA,3,dosage
rs4148323,letermovir,UGT1A1,PharmGKB_CA,3,metabolism/pk
rs12364283,heroin,DRD2,PharmGKB_CA,3,toxicity
rs45545233,atenolol,SLC4A1,PharmGKB_CA,3,efficacy
rs45545233,metoprolol,SLC4A1,PharmGKB_CA,3,efficacy
rs294610,atenolol,,PharmGKB_CA,3,efficacy
rs294610,metoprolol,,PharmGKB_CA,3,efficacy
rs9828223,adalimumab,,PharmGKB_CA,3,efficacy
rs2251214,cocaine,SYT1,PharmGKB_CA,3,toxicity
rs1042713,atenolol,ADRB2,PharmGKB_CA,3,efficacy
rs1042713,metoprolol,ADRB2,PharmGKB_CA,3,efficacy
rs1042714,atenolol,ADRB2,PharmGKB_CA,3,efficacy
rs1042714,metoprolol,ADRB2,PharmGKB_CA,3,efficacy
rs28363170,disulfiram,SLC6A3,PharmGKB_CA,3,efficacy
rs679899,warfarin,APOB,PharmGKB_CA,3,toxicity
rs1367117,warfarin,APOB,PharmGKB_CA,3,toxicity
rs776746,lopinavir,CYP3A5;ZSCAN25,PharmGKB_CA,3,metabolism/pk
rs1446468,metoprolol,,PharmGKB_CA,3,efficacy
rs757081,hydrochlorothiazide,NUCB2,PharmGKB_CA,3,efficacy
rs9306160,atenolol,RRP1B,PharmGKB_CA,3,efficacy
rs3184504,candesartan,SH2B3,PharmGKB_CA,3,efficacy
rs10224002,hydrochlorothiazide,PRKAG2,PharmGKB_CA,3,efficacy
rs740406,candesartan,DOT1L;PLEKHJ1,PharmGKB_CA,3,efficacy
rs1045642,remifentanil,ABCB1,PharmGKB_CA,3,dosage
rs1045642,remifentanil,ABCB1,PharmGKB_CA,3,efficacy
rs114077267,opioids,MCOLN1,PharmGKB_CA,3,toxicity
rs115208233,opioids,MCOLN1,PharmGKB_CA,3,toxicity
rs116181528,opioids,MCOLN1,PharmGKB_CA,3,toxicity
rs1801133,phenobarbital,MTHFR,PharmGKB_CA,3,toxicity
rs1801133,phenytoin,MTHFR,PharmGKB_CA,3,toxicity
rs2229959,nicotine,CHRNA4,PharmGKB_CA,3,toxicity
rs578776,nicotine,CHRNA3;CHRNA5,PharmGKB_CA,3,toxicity
rs1044396,nicotine,CHRNA4,PharmGKB_CA,3,toxicity
rs28404156,"beta blocking agents, selective",BST1,PharmGKB_CA,3,efficacy
rs7720513,antipsychotics,,PharmGKB_CA,3,toxicity
rs62097526,antipsychotics,,PharmGKB_CA,3,toxicity
rs1525085,antipsychotics,DGKB,PharmGKB_CA,3,toxicity
rs2133896,methamphetamine,ANKS1B,PharmGKB_CA,3,toxicity
rs581111,oxycodone,OPRD1,PharmGKB_CA,3,efficacy
rs6848893,oxycodone,,PharmGKB_CA,3,efficacy
rs2392165,budesonide,,PharmGKB_CA,3,efficacy
rs2066713,ethanol,SLC6A4,PharmGKB_CA,3,toxicity
rs25531,ethanol,SLC6A4,PharmGKB_CA,3,toxicity
rs4251417,ethanol,SLC6A4,PharmGKB_CA,3,toxicity
rs7439366,morphine,UGT2B7,PharmGKB_CA,3,efficacy
rs7439366,morphine,UGT2B7,PharmGKB_CA,3,metabolism/pk
rs6025211,cisplatin,,PharmGKB_CA,3,efficacy
rs6025211,fluorouracil,,PharmGKB_CA,3,efficacy
rs6025211,mitoxantrone,,PharmGKB_CA,3,efficacy
rs7439366,morphine,UGT2B7,PharmGKB_CA,4,dosage
rs616147,creatine,MOBP,PharmGKB_CA,3,efficacy
rs901865,desloratadine,HRH1,PharmGKB_CA,3,toxicity
rs3749187,aspirin,ZDHHC3,PharmGKB_CA,3,efficacy
rs3749187,clopidogrel,ZDHHC3,PharmGKB_CA,3,efficacy
rs3733784,sevoflurane,FASTKD3;MTRR,PharmGKB_CA,3,efficacy
rs1127354,azathioprine,ITPA,PharmGKB_CA,3,efficacy
rs3211371,efavirenz,CYP2B6,PharmGKB_CA,4,metabolism/pk
rs1034936,ethanol,CACNA1C,PharmGKB_CA,3,toxicity
rs6295,lurasidone,HTR1A,PharmGKB_CA,3,efficacy
rs3740065,drugs for treatment of tuberculosis,ABCC2,PharmGKB_CA,3,toxicity
rs4774388,interferon beta-1a,RORA,PharmGKB_CA,3,efficacy
rs11227247,gefitinib,RELA,PharmGKB_CA,3,toxicity
rs2272733,gefitinib,IKBKB,PharmGKB_CA,3,efficacy
rs2151222,gefitinib,IKBKE,PharmGKB_CA,3,toxicity
rs12142086,gefitinib,IKBKE,PharmGKB_CA,3,toxicity
rs2233406,gefitinib,NFKBIA,PharmGKB_CA,3,toxicity
rs2233407,gefitinib,NFKBIA,PharmGKB_CA,3,toxicity
rs9694958,gefitinib,IKBKB,PharmGKB_CA,3,toxicity
rs3748022,gefitinib,IKBKE,PharmGKB_CA,3,toxicity
rs2233409,gefitinib,NFKBIA,PharmGKB_CA,3,toxicity
rs2053071,gefitinib,NFKBIB;SIRT2,PharmGKB_CA,3,toxicity
rs2695121,gefitinib,NR1H2,PharmGKB_CA,3,toxicity
rs577001,gefitinib,TAB2,PharmGKB_CA,3,toxicity
rs8904,gefitinib,NFKBIA,PharmGKB_CA,3,toxicity
rs1045642,morphine,ABCB1,PharmGKB_CA,3,efficacy
rs1045642,nortriptyline,ABCB1,PharmGKB_CA,3,efficacy
rs4633,opioids,COMT,PharmGKB_CA,3,toxicity
rs4633,opioids,COMT,PharmGKB_CA,3,toxicity
rs2032582,sufentanil,ABCB1,PharmGKB_CA,3,dosage
rs917881,sorafenib,EGFR,PharmGKB_CA,3,toxicity
rs1323040,sufentanil,OPRM1,PharmGKB_CA,3,dosage
rs1128503,sufentanil,ABCB1,PharmGKB_CA,3,dosage
rs2366929,opioids,ADGRV1,PharmGKB_CA,3,toxicity
rs71647871,heroin,CES1,PharmGKB_CA,3,metabolism/pk
rs10457090,opioids,OPRM1,PharmGKB_CA,3,toxicity
rs589046,opioids,OPRM1,PharmGKB_CA,3,toxicity
rs3762555,methadone,GAD1,PharmGKB_CA,3,dosage
rs3749034,methadone,GAD1,PharmGKB_CA,3,dosage
rs3762556,methadone,GAD1,PharmGKB_CA,3,dosage
rs769404,methadone,GAD1,PharmGKB_CA,3,dosage
rs204047,methadone,OPRD1,PharmGKB_CA,3,dosage
rs797397,methadone,OPRD1,PharmGKB_CA,3,metabolism/pk
rs204047,methadone,OPRD1,PharmGKB_CA,3,metabolism/pk
rs3802279,methadone,OPRK1,PharmGKB_CA,3,dosage
rs3802281,methadone,OPRK1,PharmGKB_CA,3,dosage
rs963549,methadone,OPRK1,PharmGKB_CA,3,dosage
rs36024412,opioids,CRYBG2,PharmGKB_CA,3,toxicity
rs168107,opioids,CLCC1,PharmGKB_CA,3,toxicity
rs41269255,opioids,POM121L2,PharmGKB_CA,3,toxicity
rs9393888,opioids,ZNF165,PharmGKB_CA,3,toxicity
rs11882256,opioids,MUC16,PharmGKB_CA,3,toxicity
rs12305038,opioids,PDE3A,PharmGKB_CA,3,toxicity
rs10405238,opioids,ZNF568,PharmGKB_CA,3,toxicity
rs3804100,morphine,TLR2,PharmGKB_CA,3,dosage
rs35599367,alprazolam,CYP3A4,PharmGKB_CA,3,metabolism/pk
rs588765,cocaine,CHRNA5,PharmGKB_CA,3,toxicity
rs16969968,cocaine,CHRNA3;CHRNA5,PharmGKB_CA,3,toxicity
rs10770141,opioids,TH,PharmGKB_CA,3,toxicity
rs10770140,opioids,TH,PharmGKB_CA,3,toxicity
rs1800035,dexmedetomidine,ADRA2A,PharmGKB_CA,3,efficacy
rs201376588,dexmedetomidine,ADRA2A,PharmGKB_CA,3,efficacy
rs775887911,dexmedetomidine,ADRA2A,PharmGKB_CA,3,efficacy
rs933271,methadone,COMT;TXNRD2,PharmGKB_CA,3,efficacy
rs4680,opioids,COMT,PharmGKB_CA,3,toxicity
rs780801862,flurbiprofen,CYP2C9,PharmGKB_CA,3,metabolism/pk
rs780801862,naproxen,CYP2C9,PharmGKB_CA,3,metabolism/pk
rs780801862,phenytoin,CYP2C9,PharmGKB_CA,3,metabolism/pk
rs780801862,warfarin,CYP2C9,PharmGKB_CA,3,metabolism/pk
rs1042173,morphine,SLC6A4,PharmGKB_CA,3,dosage
rs6421482,ethanol,PDE4B,PharmGKB_CA,3,toxicity
rs61767420,ethanol,,PharmGKB_CA,3,toxicity
rs1260326,ethanol,GCKR,PharmGKB_CA,3,toxicity
rs494904,ethanol,,PharmGKB_CA,3,toxicity
rs9679319,ethanol,,PharmGKB_CA,3,toxicity
rs13382553,ethanol,THSD7B,PharmGKB_CA,3,toxicity
rs2673136,ethanol,,PharmGKB_CA,3,toxicity
rs62250713,ethanol,CADM2,PharmGKB_CA,3,toxicity
rs13129401,ethanol,,PharmGKB_CA,3,toxicity
rs13125415,ethanol,ADH1C,PharmGKB_CA,3,toxicity
rs13135092,ethanol,SLC39A8,PharmGKB_CA,3,toxicity
rs2533200,ethanol,DPP6,PharmGKB_CA,3,toxicity
rs2582405,ethanol,,PharmGKB_CA,3,toxicity
rs7900002,ethanol,,PharmGKB_CA,3,toxicity
rs56722963,ethanol,,PharmGKB_CA,3,toxicity
rs576859,ethanol,MED19;TMX2,PharmGKB_CA,3,toxicity
rs1783835,ethanol,,PharmGKB_CA,3,toxicity
rs12296477,ethanol,SLC4A8,PharmGKB_CA,3,toxicity
rs6589386,ethanol,,PharmGKB_CA,3,toxicity
rs8008020,ethanol,,PharmGKB_CA,3,toxicity
rs72768626,ethanol,TNRC6A,PharmGKB_CA,3,toxicity
rs9937709,ethanol,FTO,PharmGKB_CA,3,toxicity
rs492602,ethanol,FUT2,PharmGKB_CA,3,toxicity
rs6313,risperidone,HTR2A,PharmGKB_CA,3,efficacy
rs6313,olanzapine,HTR2A,PharmGKB_CA,3,efficacy
rs1128503,morphine,ABCB1,PharmGKB_CA,3,metabolism/pk
rs1045642,rivaroxaban,ABCB1,PharmGKB_CA,3,metabolism/pk
rs1057868,tacrolimus,POR,PharmGKB_CA,4,toxicity
rs12979860,peginterferon alfa-2a,IFNL3;IFNL4,PharmGKB_CA,3,efficacy
rs12979860,sofosbuvir,IFNL3;IFNL4,PharmGKB_CA,3,efficacy
rs12979860,interferons,IFNL3;IFNL4,PharmGKB_CA,3,efficacy
rs12979860,interferons,IFNL3;IFNL4,PharmGKB_CA,3,efficacy
rs1799971,methadone,OPRM1,PharmGKB_CA,3,toxicity
rs1799971,morphine,OPRM1,PharmGKB_CA,3,toxicity
rs2279343,methadone,CYP2B6,PharmGKB_CA,3,toxicity
rs351776,buprenorphine,PNOC,PharmGKB_CA,3,toxicity
rs351776,methadone,PNOC,PharmGKB_CA,3,toxicity
rs3745274,methadone,CYP2A7P1;CYP2B6,PharmGKB_CA,3,toxicity
rs1801394,methotrexate,MTRR,PharmGKB_CA,3,efficacy
rs55886062,tegafur,DPYD,PharmGKB_CA,1A,toxicity
rs3918290,tegafur,DPYD,PharmGKB_CA,1A,toxicity
rs67376798,tegafur,DPYD,PharmGKB_CA,1A,toxicity
rs3813929,olanzapine,HTR2C,PharmGKB_CA,3,toxicity
rs3813929,risperidone,HTR2C,PharmGKB_CA,3,toxicity
rs3813929,clozapine,HTR2C,PharmGKB_CA,3,toxicity
rs1059513,esomeprazole,STAT6,PharmGKB_CA,3,efficacy
rs4646,tamoxifen,CYP19A1,PharmGKB_CA,3,efficacy
rs1544410,clodronate,VDR,PharmGKB_CA,3,efficacy
rs1799971,oxycodone,OPRM1,PharmGKB_CA,3,efficacy
rs59086055,fluorouracil,DPYD,PharmGKB_CA,1A,toxicity
rs11615,cisplatin,ERCC1,PharmGKB_CA,3,efficacy
rs11615,gemcitabine,ERCC1,PharmGKB_CA,3,efficacy
rs11615,cisplatin,ERCC1,PharmGKB_CA,3,efficacy
rs746071566,azathioprine,NUDT15,PharmGKB_CA,3,toxicity
rs746071566,mercaptopurine,NUDT15,PharmGKB_CA,3,toxicity
rs746071566,thioguanine,NUDT15,PharmGKB_CA,3,toxicity
rs3212986,cisplatin,ERCC1,PharmGKB_CA,4,efficacy
rs2336219,cisplatin,ERCC1,PharmGKB_CA,3,efficacy
rs11545077,methotrexate,GGH,PharmGKB_CA,3,efficacy
rs3758149,methotrexate,GGH,PharmGKB_CA,3,efficacy
rs11545076,methotrexate,GGH,PharmGKB_CA,3,efficacy
rs3745274,tramadol,CYP2A7P1;CYP2B6,PharmGKB_CA,3,metabolism/pk
rs45445694,methotrexate,C18orf56;TYMS,PharmGKB_CA,4,metabolism/pk
rs1045642,methotrexate,ABCB1,PharmGKB_CA,3,metabolism/pk
rs1045642,methotrexate,ABCB1,PharmGKB_CA,4,efficacy
rs12885713,cyclosporine,CALM1,PharmGKB_CA,3,efficacy
rs2874116,cyclosporine,,PharmGKB_CA,3,efficacy
rs1800497,bupropion,ANKK1;DRD2,PharmGKB_CA,3,efficacy
rs1800497,naltrexone,ANKK1;DRD2,PharmGKB_CA,3,efficacy
rs7853758,anthracyclines and related substances,SLC28A3,PharmGKB_CA,2B,toxicity
rs7853758,daunorubicin,SLC28A3,PharmGKB_CA,2B,toxicity
rs7853758,doxorubicin,SLC28A3,PharmGKB_CA,2B,toxicity
rs145837941,fentanyl,CALCA,PharmGKB_CA,3,dosage
rs28360521,aspirin,CYP2D6,PharmGKB_CA,3,toxicity
rs568367673,fluorouracil,DPYD,PharmGKB_CA,3,toxicity
rs187713395,fluorouracil,DPYD,PharmGKB_CA,3,toxicity
rs570122671,fluorouracil,DPYD,PharmGKB_CA,3,toxicity
rs527580106,fluorouracil,DPYD,PharmGKB_CA,3,toxicity
rs367619008,capecitabine,DPYD,PharmGKB_CA,3,toxicity
rs367619008,fluorouracil,DPYD,PharmGKB_CA,3,toxicity
rs367619008,xelox,DPYD,PharmGKB_CA,3,toxicity
rs376073289,fluorouracil,DPYD,PharmGKB_CA,3,toxicity
rs140039091,fluorouracil,DPYD,PharmGKB_CA,3,toxicity
rs369103276,fluorouracil,DPYD,PharmGKB_CA,3,toxicity
rs758649719,fluorouracil,DPYD,PharmGKB_CA,3,toxicity
rs372307932,fluorouracil,DPYD,PharmGKB_CA,3,toxicity
rs201268750,fluorouracil,DPYD,PharmGKB_CA,3,toxicity
rs528152707,fluorouracil,DPYD,PharmGKB_CA,3,toxicity
rs558354142,fluorouracil,DPYD,PharmGKB_CA,3,toxicity
rs140989814,fluorouracil,DPYD,PharmGKB_CA,3,toxicity
rs538703919,fluorouracil,DPYD,PharmGKB_CA,3,toxicity
rs538336580,fluorouracil,DPYD,PharmGKB_CA,3,toxicity
rs371258350,fluorouracil,DPYD,PharmGKB_CA,3,toxicity
rs368146607,fluorouracil,DPYD,PharmGKB_CA,3,toxicity
rs548783838,fluorouracil,DPYD,PharmGKB_CA,3,toxicity
rs575853463,fluorouracil,DPYD,PharmGKB_CA,3,toxicity
rs569661196,fluorouracil,DPYD,PharmGKB_CA,3,toxicity
rs374825099,fluorouracil,DPYD,PharmGKB_CA,3,toxicity
rs755416212,capecitabine,DPYD,PharmGKB_CA,3,toxicity
rs755416212,fluorouracil,DPYD,PharmGKB_CA,3,toxicity
rs2016520,capecitabine,PPARD,PharmGKB_CA,3,toxicity
rs2016520,fluorouracil,PPARD,PharmGKB_CA,3,toxicity
rs143004875,capecitabine,DPYS,PharmGKB_CA,3,toxicity
rs143004875,fluorouracil,DPYS,PharmGKB_CA,3,toxicity
rs55886062,fluorouracil,DPYD,PharmGKB_CA,1A,toxicity
rs536577604,fluorouracil,DPYD,PharmGKB_CA,3,toxicity
rs374527058,fluorouracil,DPYD,PharmGKB_CA,3,toxicity
rs2372536,methotrexate,ATIC,PharmGKB_CA,4,efficacy
rs1871450,docetaxel,CHST3,PharmGKB_CA,3,efficacy;toxicity
rs1871450,thalidomide,CHST3,PharmGKB_CA,3,efficacy;toxicity
rs2207396,alkylating agents,ESR1,PharmGKB_CA,3,toxicity
rs2207396,cisplatin,ESR1,PharmGKB_CA,3,toxicity
rs118192172,desflurane,RYR1,PharmGKB_CA,1A,toxicity
rs118192172,enflurane,RYR1,PharmGKB_CA,1A,toxicity
rs118192172,halothane,RYR1,PharmGKB_CA,1A,toxicity
rs118192172,isoflurane,RYR1,PharmGKB_CA,1A,toxicity
rs118192172,methoxyflurane,RYR1,PharmGKB_CA,1A,toxicity
rs118192172,sevoflurane,RYR1,PharmGKB_CA,1A,toxicity
rs118192172,succinylcholine,RYR1,PharmGKB_CA,1A,toxicity
rs118192162,desflurane,RYR1,PharmGKB_CA,1A,toxicity
rs118192162,enflurane,RYR1,PharmGKB_CA,1A,toxicity
rs118192162,halothane,RYR1,PharmGKB_CA,1A,toxicity
rs118192162,isoflurane,RYR1,PharmGKB_CA,1A,toxicity
rs118192162,methoxyflurane,RYR1,PharmGKB_CA,1A,toxicity
rs118192162,sevoflurane,RYR1,PharmGKB_CA,1A,toxicity
rs118192162,succinylcholine,RYR1,PharmGKB_CA,1A,toxicity
rs118192163,desflurane,RYR1,PharmGKB_CA,1A,toxicity
rs118192163,enflurane,RYR1,PharmGKB_CA,1A,toxicity
rs118192163,halothane,RYR1,PharmGKB_CA,1A,toxicity
rs118192163,isoflurane,RYR1,PharmGKB_CA,1A,toxicity
rs118192163,methoxyflurane,RYR1,PharmGKB_CA,1A,toxicity
rs118192163,sevoflurane,RYR1,PharmGKB_CA,1A,toxicity
rs118192163,succinylcholine,RYR1,PharmGKB_CA,1A,toxicity
rs118192167,desflurane,RYR1,PharmGKB_CA,3,toxicity
rs118192167,enflurane,RYR1,PharmGKB_CA,3,toxicity
rs118192167,halothane,RYR1,PharmGKB_CA,3,toxicity
rs118192167,isoflurane,RYR1,PharmGKB_CA,3,toxicity
rs118192167,methoxyflurane,RYR1,PharmGKB_CA,3,toxicity
rs118192167,sevoflurane,RYR1,PharmGKB_CA,3,toxicity
rs118192167,succinylcholine,RYR1,PharmGKB_CA,3,toxicity
rs118192170,desflurane,RYR1,PharmGKB_CA,3,toxicity
rs118192170,enflurane,RYR1,PharmGKB_CA,3,toxicity
rs118192170,halothane,RYR1,PharmGKB_CA,3,toxicity
rs118192170,isoflurane,RYR1,PharmGKB_CA,3,toxicity
rs118192170,methoxyflurane,RYR1,PharmGKB_CA,3,toxicity
rs118192170,sevoflurane,RYR1,PharmGKB_CA,3,toxicity
rs118192170,succinylcholine,RYR1,PharmGKB_CA,3,toxicity
rs118192175,desflurane,RYR1,PharmGKB_CA,1A,toxicity
rs118192175,enflurane,RYR1,PharmGKB_CA,1A,toxicity
rs118192175,halothane,RYR1,PharmGKB_CA,1A,toxicity
rs118192175,isoflurane,RYR1,PharmGKB_CA,1A,toxicity
rs118192175,methoxyflurane,RYR1,PharmGKB_CA,1A,toxicity
rs118192175,sevoflurane,RYR1,PharmGKB_CA,1A,toxicity
rs118192175,succinylcholine,RYR1,PharmGKB_CA,1A,toxicity
rs118192177,desflurane,RYR1,PharmGKB_CA,1A,toxicity
rs118192177,enflurane,RYR1,PharmGKB_CA,1A,toxicity
rs118192177,halothane,RYR1,PharmGKB_CA,1A,toxicity
rs118192177,isoflurane,RYR1,PharmGKB_CA,1A,toxicity
rs118192177,methoxyflurane,RYR1,PharmGKB_CA,1A,toxicity
rs118192177,sevoflurane,RYR1,PharmGKB_CA,1A,toxicity
rs118192177,succinylcholine,RYR1,PharmGKB_CA,1A,toxicity
rs193922876,desflurane,RYR1,PharmGKB_CA,1A,toxicity
rs193922876,enflurane,RYR1,PharmGKB_CA,1A,toxicity
rs193922876,halothane,RYR1,PharmGKB_CA,1A,toxicity
rs193922876,isoflurane,RYR1,PharmGKB_CA,1A,toxicity
rs193922876,methoxyflurane,RYR1,PharmGKB_CA,1A,toxicity
rs193922876,sevoflurane,RYR1,PharmGKB_CA,1A,toxicity
rs193922876,succinylcholine,RYR1,PharmGKB_CA,1A,toxicity
rs193922803,desflurane,RYR1,PharmGKB_CA,1A,toxicity
rs193922803,enflurane,RYR1,PharmGKB_CA,1A,toxicity
rs193922803,halothane,RYR1,PharmGKB_CA,1A,toxicity
rs193922803,isoflurane,RYR1,PharmGKB_CA,1A,toxicity
rs193922803,methoxyflurane,RYR1,PharmGKB_CA,1A,toxicity
rs193922803,sevoflurane,RYR1,PharmGKB_CA,1A,toxicity
rs193922803,succinylcholine,RYR1,PharmGKB_CA,1A,toxicity
rs118192122,desflurane,RYR1,PharmGKB_CA,1A,toxicity
rs118192122,enflurane,RYR1,PharmGKB_CA,1A,toxicity
rs118192122,halothane,RYR1,PharmGKB_CA,1A,toxicity
rs118192122,isoflurane,RYR1,PharmGKB_CA,1A,toxicity
rs118192122,methoxyflurane,RYR1,PharmGKB_CA,1A,toxicity
rs118192122,sevoflurane,RYR1,PharmGKB_CA,1A,toxicity
rs118192122,succinylcholine,RYR1,PharmGKB_CA,1A,toxicity
rs193922772,desflurane,RYR1,PharmGKB_CA,1A,toxicity
rs193922772,enflurane,RYR1,PharmGKB_CA,1A,toxicity
rs193922772,halothane,RYR1,PharmGKB_CA,1A,toxicity
rs193922772,isoflurane,RYR1,PharmGKB_CA,1A,toxicity
rs193922772,methoxyflurane,RYR1,PharmGKB_CA,1A,toxicity
rs193922772,sevoflurane,RYR1,PharmGKB_CA,1A,toxicity
rs193922772,succinylcholine,RYR1,PharmGKB_CA,1A,toxicity
rs193922802,desflurane,RYR1,PharmGKB_CA,1A,toxicity
rs193922802,enflurane,RYR1,PharmGKB_CA,1A,toxicity
rs193922802,halothane,RYR1,PharmGKB_CA,1A,toxicity
rs193922802,isoflurane,RYR1,PharmGKB_CA,1A,toxicity
rs193922802,methoxyflurane,RYR1,PharmGKB_CA,1A,toxicity
rs193922802,sevoflurane,RYR1,PharmGKB_CA,1A,toxicity
rs193922802,succinylcholine,RYR1,PharmGKB_CA,1A,toxicity
rs193922747,desflurane,RYR1,PharmGKB_CA,1A,toxicity
rs193922747,enflurane,RYR1,PharmGKB_CA,1A,toxicity
rs193922747,halothane,RYR1,PharmGKB_CA,1A,toxicity
rs193922747,isoflurane,RYR1,PharmGKB_CA,1A,toxicity
rs193922747,methoxyflurane,RYR1,PharmGKB_CA,1A,toxicity
rs193922747,sevoflurane,RYR1,PharmGKB_CA,1A,toxicity
rs193922747,succinylcholine,RYR1,PharmGKB_CA,1A,toxicity
rs63749869,desflurane,RYR1,PharmGKB_CA,3,toxicity
rs63749869,enflurane,RYR1,PharmGKB_CA,3,toxicity
rs63749869,halothane,RYR1,PharmGKB_CA,3,toxicity
rs63749869,isoflurane,RYR1,PharmGKB_CA,3,toxicity
rs63749869,methoxyflurane,RYR1,PharmGKB_CA,3,toxicity
rs63749869,sevoflurane,RYR1,PharmGKB_CA,3,toxicity
rs63749869,succinylcholine,RYR1,PharmGKB_CA,3,toxicity
rs193922809,desflurane,RYR1,PharmGKB_CA,1A,toxicity
rs193922809,enflurane,RYR1,PharmGKB_CA,1A,toxicity
rs193922809,halothane,RYR1,PharmGKB_CA,1A,toxicity
rs193922809,isoflurane,RYR1,PharmGKB_CA,1A,toxicity
rs193922809,methoxyflurane,RYR1,PharmGKB_CA,1A,toxicity
rs193922809,sevoflurane,RYR1,PharmGKB_CA,1A,toxicity
rs193922809,succinylcholine,RYR1,PharmGKB_CA,1A,toxicity
rs118192178,desflurane,RYR1,PharmGKB_CA,1A,toxicity
rs118192178,enflurane,RYR1,PharmGKB_CA,1A,toxicity
rs118192178,halothane,RYR1,PharmGKB_CA,1A,toxicity
rs118192178,isoflurane,RYR1,PharmGKB_CA,1A,toxicity
rs118192178,methoxyflurane,RYR1,PharmGKB_CA,1A,toxicity
rs118192178,sevoflurane,RYR1,PharmGKB_CA,1A,toxicity
rs118192178,succinylcholine,RYR1,PharmGKB_CA,1A,toxicity
rs193922818,desflurane,RYR1,PharmGKB_CA,1A,toxicity
rs193922818,enflurane,RYR1,PharmGKB_CA,1A,toxicity
rs193922818,halothane,RYR1,PharmGKB_CA,1A,toxicity
rs193922818,isoflurane,RYR1,PharmGKB_CA,1A,toxicity
rs193922818,methoxyflurane,RYR1,PharmGKB_CA,1A,toxicity
rs193922818,sevoflurane,RYR1,PharmGKB_CA,1A,toxicity
rs193922818,succinylcholine,RYR1,PharmGKB_CA,1A,toxicity
rs118192116,desflurane,RYR1,PharmGKB_CA,3,toxicity
rs118192116,enflurane,RYR1,PharmGKB_CA,3,toxicity
rs118192116,halothane,RYR1,PharmGKB_CA,3,toxicity
rs118192116,isoflurane,RYR1,PharmGKB_CA,3,toxicity
rs118192116,methoxyflurane,RYR1,PharmGKB_CA,3,toxicity
rs118192116,sevoflurane,RYR1,PharmGKB_CA,3,toxicity
rs118192116,succinylcholine,RYR1,PharmGKB_CA,3,toxicity
rs193922807,desflurane,RYR1,PharmGKB_CA,1A,toxicity
rs193922807,enflurane,RYR1,PharmGKB_CA,1A,toxicity
rs193922807,halothane,RYR1,PharmGKB_CA,1A,toxicity
rs193922807,isoflurane,RYR1,PharmGKB_CA,1A,toxicity
rs193922807,methoxyflurane,RYR1,PharmGKB_CA,1A,toxicity
rs193922807,sevoflurane,RYR1,PharmGKB_CA,1A,toxicity
rs193922807,succinylcholine,RYR1,PharmGKB_CA,1A,toxicity
rs193922770,desflurane,RYR1,PharmGKB_CA,1A,toxicity
rs193922770,enflurane,RYR1,PharmGKB_CA,1A,toxicity
rs193922770,halothane,RYR1,PharmGKB_CA,1A,toxicity
rs193922770,isoflurane,RYR1,PharmGKB_CA,1A,toxicity
rs193922770,methoxyflurane,RYR1,PharmGKB_CA,1A,toxicity
rs193922770,sevoflurane,RYR1,PharmGKB_CA,1A,toxicity
rs193922770,succinylcholine,RYR1,PharmGKB_CA,1A,toxicity
rs118204423,succinylcholine,RYR1,PharmGKB_CA,3,toxicity
rs118204423,volatile anesthetics,RYR1,PharmGKB_CA,3,toxicity
rs118192168,desflurane,RYR1,PharmGKB_CA,1A,toxicity
rs118192168,enflurane,RYR1,PharmGKB_CA,1A,toxicity
rs118192168,halothane,RYR1,PharmGKB_CA,1A,toxicity
rs118192168,isoflurane,RYR1,PharmGKB_CA,1A,toxicity
rs118192168,methoxyflurane,RYR1,PharmGKB_CA,1A,toxicity
rs118192168,sevoflurane,RYR1,PharmGKB_CA,1A,toxicity
rs118192168,succinylcholine,RYR1,PharmGKB_CA,1A,toxicity
rs193922764,desflurane,RYR1,PharmGKB_CA,1A,toxicity
rs193922764,enflurane,RYR1,PharmGKB_CA,1A,toxicity
rs193922764,halothane,RYR1,PharmGKB_CA,1A,toxicity
rs193922764,isoflurane,RYR1,PharmGKB_CA,1A,toxicity
rs193922764,methoxyflurane,RYR1,PharmGKB_CA,1A,toxicity
rs193922764,sevoflurane,RYR1,PharmGKB_CA,1A,toxicity
rs193922764,succinylcholine,RYR1,PharmGKB_CA,1A,toxicity
rs772226819,desflurane,CACNA1S,PharmGKB_CA,1A,toxicity
rs193922768,desflurane,RYR1,PharmGKB_CA,1A,toxicity
rs193922768,enflurane,RYR1,PharmGKB_CA,1A,toxicity
rs193922768,halothane,RYR1,PharmGKB_CA,1A,toxicity
rs193922768,isoflurane,RYR1,PharmGKB_CA,1A,toxicity
rs193922768,methoxyflurane,RYR1,PharmGKB_CA,1A,toxicity
rs193922768,sevoflurane,RYR1,PharmGKB_CA,1A,toxicity
rs193922768,succinylcholine,RYR1,PharmGKB_CA,1A,toxicity
rs1800559,enflurane,CACNA1S,PharmGKB_CA,1A,toxicity
rs121918596,desflurane,RYR1,PharmGKB_CA,1A,toxicity
rs121918596,enflurane,RYR1,PharmGKB_CA,1A,toxicity
rs121918596,halothane,RYR1,PharmGKB_CA,1A,toxicity
rs121918596,isoflurane,RYR1,PharmGKB_CA,1A,toxicity
rs121918596,methoxyflurane,RYR1,PharmGKB_CA,1A,toxicity
rs121918596,sevoflurane,RYR1,PharmGKB_CA,1A,toxicity
rs121918596,succinylcholine,RYR1,PharmGKB_CA,1A,toxicity
rs1800559,methoxyflurane,CACNA1S,PharmGKB_CA,1A,toxicity
rs1800559,sevoflurane,CACNA1S,PharmGKB_CA,1A,toxicity
rs1800559,halothane,CACNA1S,PharmGKB_CA,1A,toxicity
rs1800559,isoflurane,CACNA1S,PharmGKB_CA,1A,toxicity
rs1800559,succinylcholine,CACNA1S,PharmGKB_CA,1A,toxicity
rs772226819,enflurane,CACNA1S,PharmGKB_CA,1A,toxicity
rs772226819,halothane,CACNA1S,PharmGKB_CA,1A,toxicity
rs772226819,isoflurane,CACNA1S,PharmGKB_CA,1A,toxicity
rs772226819,methoxyflurane,CACNA1S,PharmGKB_CA,1A,toxicity
rs772226819,succinylcholine,CACNA1S,PharmGKB_CA,1A,toxicity
rs772226819,sevoflurane,CACNA1S,PharmGKB_CA,1A,toxicity
rs118192178,desflurane,RYR1,PharmGKB_CA,3,toxicity
rs118192178,enflurane,RYR1,PharmGKB_CA,3,toxicity
rs118192178,halothane,RYR1,PharmGKB_CA,3,toxicity
rs118192178,isoflurane,RYR1,PharmGKB_CA,3,toxicity
rs118192178,methoxyflurane,RYR1,PharmGKB_CA,3,toxicity
rs118192178,sevoflurane,RYR1,PharmGKB_CA,3,toxicity
rs118192178,succinylcholine,RYR1,PharmGKB_CA,3,toxicity
rs717620,mycophenolic acid,ABCC2,PharmGKB_CA,3,metabolism/pk
rs717620,tacrolimus,ABCC2,PharmGKB_CA,3,metabolism/pk
rs11580409,antidepressants,ERICH3,PharmGKB_CA,3,efficacy
rs20455,pravastatin,KIF6,PharmGKB_CA,3,efficacy
rs72547516,clozapine,CYP1A2,PharmGKB_CA,3,metabolism/pk
rs895819,capecitabine,MIR27A,PharmGKB_CA,3,toxicity
rs895819,fluorouracil,MIR27A,PharmGKB_CA,3,toxicity
rs1128503,aripiprazole,ABCB1,PharmGKB_CA,3,metabolism/pk
rs1128503,antidepressants,ABCB1,PharmGKB_CA,3,efficacy
rs2306283,pravastatin,SLCO1B1,PharmGKB_CA,3,metabolism/pk
rs3745274,efavirenz,CYP2B6,PharmGKB_CA,1A,metabolism/pk
rs2306283,atorvastatin,SLCO1B1,PharmGKB_CA,4,efficacy
rs628031,metformin,SLC22A1,PharmGKB_CA,3,toxicity
rs11045819,hmg coa reductase inhibitors,SLCO1B1,PharmGKB_CA,3,efficacy
rs2306283,pravastatin,SLCO1B1,PharmGKB_CA,4,efficacy
rs2306283,hmg coa reductase inhibitors,SLCO1B1,PharmGKB_CA,3,efficacy
rs2306283,simvastatin,SLCO1B1,PharmGKB_CA,4,efficacy
rs1751034,tenofovir,ABCC4,PharmGKB_CA,4,metabolism/pk
rs4149056,hmg coa reductase inhibitors,SLCO1B1,PharmGKB_CA,3,efficacy
rs4149056,atorvastatin,SLCO1B1,PharmGKB_CA,4,efficacy
rs1805128,qt-prolonging drugs,KCNE1,PharmGKB_CA,3,toxicity
rs12979860,tenofovir,IFNL3;IFNL4,PharmGKB_CA,3,metabolism/pk
rs1803155,rifampin,AADAC,PharmGKB_CA,3,metabolism/pk
rs1059698,platinum compounds,,PharmGKB_CA,3,toxicity
rs1059698,radiotherapy,,PharmGKB_CA,3,toxicity
rs73189762,mercaptopurine,MED4;NUDT15,PharmGKB_CA,3,dosage
rs899494,tenofovir,ABCC4,PharmGKB_CA,4,toxicity
rs4149081,methotrexate,SLCO1B1,PharmGKB_CA,3,toxicity
rs1045642,opioids,ABCB1,PharmGKB_CA,3,other
rs1799963,hormonal contraceptives for systemic use,F2,PharmGKB_CA,2B,toxicity
rs3740065,methotrexate,ABCC2,PharmGKB_CA,3,toxicity
rs3745274,cyclophosphamide,CYP2A7P1;CYP2B6,PharmGKB_CA,3,efficacy
rs3745274,cyclophosphamide,CYP2A7P1;CYP2B6,PharmGKB_CA,4,toxicity
rs6166,follitropin beta,FSHR,PharmGKB_CA,3,dosage
rs6166,menotropins,FSHR,PharmGKB_CA,3,dosage
rs6166,thyrotropin alfa,FSHR,PharmGKB_CA,3,dosage
rs6166,urofollitropin,FSHR,PharmGKB_CA,3,dosage
rs6166,follitropin beta,FSHR,PharmGKB_CA,3,dosage
rs6166,urofollitropin,FSHR,PharmGKB_CA,3,dosage
rs339097,warfarin,CALU,PharmGKB_CA,3,dosage
rs7046653,tumor necrosis factor alpha (tnf-alpha) inhibitors,MOB3B,PharmGKB_CA,3,efficacy
rs774359,tumor necrosis factor alpha (tnf-alpha) inhibitors,C9orf72,PharmGKB_CA,3,efficacy
rs868856,tumor necrosis factor alpha (tnf-alpha) inhibitors,MOB3B,PharmGKB_CA,3,efficacy
rs2740574,docetaxel,CYP3A4,PharmGKB_CA,3,toxicity;metabolism/pk
rs17244841,pravastatin,HMGCR,PharmGKB_CA,3,efficacy
rs17244841,simvastatin,HMGCR,PharmGKB_CA,3,efficacy
rs17238540,atorvastatin,HMGCR,PharmGKB_CA,3,efficacy
rs17238540,fluvastatin,HMGCR,PharmGKB_CA,3,efficacy
rs17238540,hmg coa reductase inhibitors,HMGCR,PharmGKB_CA,3,efficacy
rs17238540,lovastatin,HMGCR,PharmGKB_CA,3,efficacy
rs17238540,pravastatin,HMGCR,PharmGKB_CA,3,efficacy
rs17238540,simvastatin,HMGCR,PharmGKB_CA,3,efficacy
rs4149056,repaglinide,SLCO1B1,PharmGKB_CA,3,efficacy
rs10811661,troglitazone,,PharmGKB_CA,3,efficacy
rs10494366,verapamil,NOS1AP,PharmGKB_CA,3,toxicity
rs4986938,tamoxifen,ESR2,PharmGKB_CA,3,toxicity
rs2238476,methotrexate,ABCC1,PharmGKB_CA,3,efficacy;toxicity
rs2108622,warfarin,CYP4F2,PharmGKB_CA,1A,dosage
rs1800497,bupropion,ANKK1,PharmGKB_CA,3,efficacy
rs2070995,analgesics,KCNJ6,PharmGKB_CA,3,efficacy
rs1801253,metoprolol,ADRB1,PharmGKB_CA,3,efficacy
rs9895420,methotrexate,ABCC3,PharmGKB_CA,3,efficacy
rs9272105,interferon beta-1a,HLA-DQA1,PharmGKB_CA,3,efficacy
rs9272105,interferon beta-1b,HLA-DQA1,PharmGKB_CA,3,efficacy
rs1051375,atenolol,CACNA1C,PharmGKB_CA,3,efficacy
rs1051375,verapamil,CACNA1C,PharmGKB_CA,3,efficacy
rs1801133,methotrexate,MTHFR,PharmGKB_CA,3,efficacy
rs2072671,gemcitabine,CDA,PharmGKB_CA,3,toxicity
rs662,clopidogrel,PON1,PharmGKB_CA,4,efficacy;toxicity
rs4444903,cetuximab,EGF,PharmGKB_CA,3,efficacy
rs4673993,methotrexate,ATIC,PharmGKB_CA,2B,efficacy
rs4961,hydrochlorothiazide,ADD1,PharmGKB_CA,2B,efficacy
rs602950,cytarabine,CDA,PharmGKB_CA,3,toxicity
rs17222723,tenofovir,ABCC2,PharmGKB_CA,3,toxicity
rs4149056,pravastatin,SLCO1B1,PharmGKB_CA,1A,metabolism/pk
rs4149056,hmg coa reductase inhibitors,SLCO1B1,PharmGKB_CA,2A,toxicity
rs121434568,gefitinib,EGFR,PharmGKB_CA,1A,efficacy
rs17238540,pravastatin,HMGCR,PharmGKB_CA,3,efficacy
rs17244841,pravastatin,HMGCR,PharmGKB_CA,3,efficacy
rs2246709,amlodipine,CYP3A4,PharmGKB_CA,4,efficacy
rs1801701,irbesartan,APOB,PharmGKB_CA,3,efficacy
rs12415607,docetaxel,CASP7,PharmGKB_CA,3,efficacy
rs12415607,gemcitabine,CASP7,PharmGKB_CA,3,efficacy
rs12415607,paclitaxel,CASP7,PharmGKB_CA,3,efficacy
rs12415607,platinum compounds,CASP7,PharmGKB_CA,3,efficacy
rs12415607,vinorelbine,CASP7,PharmGKB_CA,3,efficacy
rs4713916,antidepressants,FKBP5,PharmGKB_CA,3,efficacy
rs4713916,selective serotonin reuptake inhibitors,FKBP5,PharmGKB_CA,3,efficacy
rs12046844,gemcitabine,,PharmGKB_CA,3,toxicity
rs1799971,opioids,OPRM1,PharmGKB_CA,4,toxicity
rs3823010,cocaine,OPRM1,PharmGKB_CA,3,toxicity
rs495491,opioids,OPRM1,PharmGKB_CA,3,toxicity
rs1801253,carvedilol,ADRB1,PharmGKB_CA,4,efficacy
rs1801253,atenolol,ADRB1,PharmGKB_CA,4,efficacy
rs2228001,doxorubicin,TMEM43;XPC,PharmGKB_CA,3,toxicity
rs3212986,doxorubicin,ERCC1;POLR1G;PPP1R13L,PharmGKB_CA,3,toxicity
rs1042713,salbutamol,ADRB2,PharmGKB_CA,3,pd
rs3212980,cisplatin,ERCC1,PharmGKB_CA,3,efficacy
rs1800566,warfarin,NQO1,PharmGKB_CA,3,toxicity
rs62436463,codeine,OPRM1,PharmGKB_CA,3,toxicity
rs11049274,meperidine,,PharmGKB_CA,3,toxicity
rs115200108,penicillin g,,PharmGKB_CA,3,toxicity
rs115200108,penicillin v,,PharmGKB_CA,3,toxicity
rs11782370,buprenorphine,,PharmGKB_CA,3,efficacy
rs1799752,captopril,ACE,PharmGKB_CA,2A,efficacy
rs57098334,sertraline,SLC6A4,PharmGKB_CA,4,efficacy
rs11322783,direct acting antivirals,IFNL4,PharmGKB_CA,3,efficacy
rs6314,antidepressants,HTR2A,PharmGKB_CA,3,efficacy
rs4791040,hydrochlorothiazide,PRKCA,PharmGKB_CA,3,efficacy
rs1045642,ondansetron,ABCB1,PharmGKB_CA,3,efficacy
rs1346268,simvastatin,,PharmGKB_CA,3,toxicity
rs17376848,fluorouracil,DPYD,PharmGKB_CA,1A,toxicity
rs61742245,warfarin,VKORC1,PharmGKB_CA,2A,dosage
rs2011425,lamotrigine,UGT1A4,PharmGKB_CA,3,metabolism/pk
rs2683511,metformin,SP1,PharmGKB_CA,3,efficacy;metabolism/pk
rs12248560,busulfan,CYP2C19,PharmGKB_CA,3,metabolism/pk
rs2276707,tacrolimus,NR1I2,PharmGKB_CA,3,metabolism/pk
rs3804099,tumor necrosis factor alpha (tnf-alpha) inhibitors,TLR2,PharmGKB_CA,3,efficacy
rs2275913,tumor necrosis factor alpha (tnf-alpha) inhibitors,IL17A,PharmGKB_CA,3,efficacy
rs10499563,tumor necrosis factor alpha (tnf-alpha) inhibitors,IL6,PharmGKB_CA,3,efficacy
rs5030728,tumor necrosis factor alpha (tnf-alpha) inhibitors,TLR4,PharmGKB_CA,3,efficacy
rs10711,radiotherapy,CDK1,PharmGKB_CA,3,toxicity
rs12979860,deleobuvir,IFNL3;IFNL4,PharmGKB_CA,3,efficacy
rs12979860,faldaprevir,IFNL3;IFNL4,PharmGKB_CA,3,efficacy
rs1611115,naltrexone,DBH,PharmGKB_CA,3,efficacy
rs699664,warfarin,GGCX,PharmGKB_CA,4,dosage
rs1127354,peginterferon alfa-2b,ITPA,PharmGKB_CA,2B,toxicity
rs1127354,ribavirin,ITPA,PharmGKB_CA,2B,toxicity
rs662,atorvastatin,PON1,PharmGKB_CA,3,efficacy
rs662,simvastatin,PON1,PharmGKB_CA,3,efficacy
rs2231142,allopurinol,ABCG2,PharmGKB_CA,1A,efficacy
rs4752220,platinum compounds,EIF3A,PharmGKB_CA,3,toxicity
rs6166,follitropin beta,FSHR,PharmGKB_CA,3,efficacy
rs6166,menotropins,FSHR,PharmGKB_CA,3,efficacy
rs6166,thyrotropin alfa,FSHR,PharmGKB_CA,3,efficacy
rs6166,urofollitropin,FSHR,PharmGKB_CA,3,efficacy
rs6166,chorionic gonadotropin,FSHR,PharmGKB_CA,3,dosage
rs28363170,ethanol,SLC6A3,PharmGKB_CA,3,toxicity
rs1799971,methadone,OPRM1,PharmGKB_CA,4,efficacy
rs130060,dihydroergotamine,HTR1B,PharmGKB_CA,3,pd
rs130060,methysergide,HTR1B,PharmGKB_CA,3,pd
rs130060,sumatriptan,HTR1B,PharmGKB_CA,3,pd
rs130060,ketanserin,HTR1B,PharmGKB_CA,3,pd
rs267606617,neomycin,MT-RNR1,PharmGKB_CA,1A,toxicity
rs2199936,rosuvastatin,ABCG2,PharmGKB_CA,3,efficacy
rs16906115,pd-1,IL7,PharmGKB_CA,3,toxicity
rs16906115,pdl-1 (programmed cell death protein 1,IL7,PharmGKB_CA,3,toxicity
rs16906115,death ligand 1) inhibitors,IL7,PharmGKB_CA,3,toxicity
rs121909019,elexacaftor,CFTR,PharmGKB_CA,3,efficacy
rs121909019,tezacaftor,CFTR,PharmGKB_CA,3,efficacy
rs121909019,ivacaftor,CFTR,PharmGKB_CA,3,efficacy
rs121909011,elexacaftor,CFTR,PharmGKB_CA,3,efficacy
rs121909011,tezacaftor,CFTR,PharmGKB_CA,3,efficacy
rs121909011,ivacaftor,CFTR,PharmGKB_CA,3,efficacy
rs121909047,elexacaftor,CFTR,PharmGKB_CA,3,efficacy
rs121909047,tezacaftor,CFTR,PharmGKB_CA,3,efficacy
rs121909047,ivacaftor,CFTR,PharmGKB_CA,3,efficacy
rs80034486,elexacaftor,CFTR,PharmGKB_CA,3,efficacy
rs80034486,tezacaftor,CFTR,PharmGKB_CA,3,efficacy
rs80034486,ivacaftor,CFTR,PharmGKB_CA,3,efficacy
rs75961395,elexacaftor,CFTR,PharmGKB_CA,3,efficacy
rs75961395,tezacaftor,CFTR,PharmGKB_CA,3,efficacy
rs75961395,ivacaftor,CFTR,PharmGKB_CA,3,efficacy
rs2097432,infliximab,,PharmGKB_CA,3,efficacy
rs6275,rizatriptan,DRD2,PharmGKB_CA,3,efficacy
rs6770663,bevacizumab,KCNAB1,PharmGKB_CA,3,toxicity
rs776746,opioids,CYP3A5;ZSCAN25,PharmGKB_CA,3,toxicity
rs2069514,opioids,CYP1A2,PharmGKB_CA,3,toxicity
rs2740574,opioids,CYP3A4,PharmGKB_CA,3,toxicity
rs15524,opioids,CYP3A5;ZSCAN25,PharmGKB_CA,3,toxicity
rs4680,erenumab,COMT,PharmGKB_CA,3,efficacy
rs4680,fremanezumab,COMT,PharmGKB_CA,3,efficacy
rs4680,galcanezumab,COMT,PharmGKB_CA,3,efficacy
rs12615320,erenumab,,PharmGKB_CA,3,efficacy
rs12615320,fremanezumab,,PharmGKB_CA,3,efficacy
rs12615320,galcanezumab,,PharmGKB_CA,3,efficacy
rs1800629,aspirin,TNF,PharmGKB_CA,3,efficacy
rs1800629,diclofenac,LST1;LTA;TNF,PharmGKB_CA,3,efficacy
rs1800629,ibuprofen,LST1;LTA;TNF,PharmGKB_CA,3,efficacy
rs1800629,indomethacin,LST1;LTA;TNF,PharmGKB_CA,3,efficacy
rs1800629,ketorolac,LST1;LTA;TNF,PharmGKB_CA,3,efficacy
rs1800629,naproxen,LST1;LTA;TNF,PharmGKB_CA,3,efficacy
rs1045642,topiramate,ABCB1,PharmGKB_CA,3,efficacy
rs1799983,nortriptyline,NOS3,PharmGKB_CA,3,efficacy
rs11212617,metformin,ATM;C11orf65,PharmGKB_CA,4,efficacy
rs1799732,risperidone,DRD2,PharmGKB_CA,3,efficacy
rs1799732,olanzapine,DRD2,PharmGKB_CA,3,efficacy
rs1799732,bromperidol,DRD2,PharmGKB_CA,3,efficacy
rs1799732,nemonapride,DRD2,PharmGKB_CA,3,efficacy
rs75549581,elexacaftor,CFTR,PharmGKB_CA,3,efficacy
rs75549581,tezacaftor,CFTR,PharmGKB_CA,3,efficacy
rs75549581,ivacaftor,CFTR,PharmGKB_CA,3,efficacy
rs762551,clozapine,CYP1A2,PharmGKB_CA,3,metabolism/pk
rs762551,clozapine,CYP1A2,PharmGKB_CA,3,toxicity
rs762551,caffeine,CYP1A2,PharmGKB_CA,3,toxicity
rs2472677,dolutegravir,NR1I2,PharmGKB_CA,3,toxicity
rs2909451,sitagliptin,DPP4,PharmGKB_VA,VA,efficacy
rs2285676,sitagliptin,KCNJ11,PharmGKB_VA,VA,efficacy
rs163184,sitagliptin,KCNQ1,PharmGKB_VA,VA,efficacy
rs4664443,sitagliptin,DPP4,PharmGKB_VA,VA,efficacy
rs1799853,sitagliptin,CYP2C9,PharmGKB_VA,VA,efficacy
rs3765467,sitagliptin,GLP1R,PharmGKB_VA,VA,efficacy
rs113993960,ivacaftor,CFTR,PharmGKB_VA,VA,efficacy
rs113993960,lumacaftor,CFTR,PharmGKB_VA,VA,efficacy
rs6923761,sitagliptin,GLP1R,PharmGKB_VA,VA,efficacy
rs3765467,"exenatide, liraglutide",GLP1R,PharmGKB_VA,VA,efficacy
rs6923761,"albiglutide, dulaglutide, glp-1 receptor agonists",GLP1R,PharmGKB_VA,VA,efficacy
rs7903146,exenatide,TCF7L2,PharmGKB_VA,VA,efficacy
rs140226575,"albiglutide, dulaglutide, glp-1 receptor agonists",ARRB1,PharmGKB_VA,VA,efficacy
rs78979036,"albiglutide, dulaglutide, glp-1 receptor agonists",ARRB1,PharmGKB_VA,VA,efficacy
rs78052828,"albiglutide, dulaglutide, glp-1 receptor agonists",ARRB1,PharmGKB_VA,VA,efficacy
rs58428187,"albiglutide, dulaglutide, glp-1 receptor agonists",ARRB1,PharmGKB_VA,VA,efficacy
rs8099917,"peginterferon alfa-2a, peginterferon alfa-2b, ribavirin",IFNL3,PharmGKB_VA,VA,efficacy
rs8099917,"peginterferon alfa-2b, ribavirin",IFNL3,PharmGKB_VA,VA,efficacy
rs705379,leflunomide,PON1,PharmGKB_VA,VA,efficacy
rs2298771,antiepileptics,SCN1A,PharmGKB_VA,VA,efficacy
rs10167228,antiepileptics,SCN1A,PharmGKB_VA,VA,efficacy
rs113993960,lumacaftor,CFTR,PharmGKB_VA,VA,efficacy
rs36120609,olanzapine,GSTM3,PharmGKB_VA,VA,metabolism/pk
rs36120609,olanzapine,GSTM3,PharmGKB_VA,VA,metabolism/pk
rs1049353,liraglutide,CNR1,PharmGKB_VA,VA,efficacy
rs11269124,clonidine,ADRA2C,PharmGKB_VA,VA,efficacy
rs4149056,simvastatin acid,SLCO1B1,PharmGKB_VA,VA,metabolism/pk
rs2306283,simvastatin acid,SLCO1B1,PharmGKB_VA,VA,metabolism/pk
rs1371097,aspirin,P2RY1,PharmGKB_VA,VA,efficacy
rs1045642,aspirin,ABCB1,PharmGKB_VA,VA,efficacy
rs11322783,"ribavirin, sofosbuvir",IFNL4,PharmGKB_VA,VA,efficacy
rs4149032,rifampin,SLCO1B1,PharmGKB_VA,VA,metabolism/pk
rs4680,modafinil,COMT,PharmGKB_VA,VA,efficacy
rs1495741,isoniazid,,PharmGKB_VA,VA,metabolism/pk
rs699,valsartan,AGT,PharmGKB_VA,VA,efficacy
rs1799971,naltrexone,OPRM1,PharmGKB_VA,VA,efficacy
rs113993960,ivacaftor,CFTR,PharmGKB_VA,VA,efficacy
rs113993960,ivacaftor,CFTR,PharmGKB_VA,VA,efficacy
rs1800544,remifentanil,ADRA2A,PharmGKB_VA,VA,dosage
rs1799971,remifentanil,OPRM1,PharmGKB_VA,VA,dosage
rs1045642,"posaconazole, tacrolimus",ABCB1,PharmGKB_VA,VA,metabolism/pk
rs149319538,buprenorphine,SLC39A10,PharmGKB_VA,VA,efficacy
rs9923231,warfarin,VKORC1,PharmGKB_VA,VA,dosage
rs4148738,rivaroxaban,ABCB1,PharmGKB_VA,VA,metabolism/pk
rs1128503,rivaroxaban,ABCB1,PharmGKB_VA,VA,metabolism/pk
rs2853542,methotrexate,TYMS,PharmGKB_VA,VA,efficacy
rs4673993,methotrexate,ATIC,PharmGKB_VA,VA,efficacy
rs6295,fluoxetine,HTR1A,PharmGKB_VA,VA,efficacy
rs10898815,dihydropyridine derivatives,NUMA1,PharmGKB_VA,VA,other
rs2108622,warfarin,CYP4F2,PharmGKB_VA,VA,dosage
rs10482634,corticosteroids,NR3C1,PharmGKB_VA,VA,efficacy
rs6759892,valproic acid,UGT1A6,PharmGKB_VA,VA,metabolism/pk
rs2251214,methylphenidate,SYT1,PharmGKB_VA,VA,efficacy
rs8133052,"chop, rituximab",CBR3,PharmGKB_VA,VA,efficacy
rs8187710,"chop, rituximab",ABCC2,PharmGKB_VA,VA,efficacy
rs11914200,n-desmethyltamoxifen,SEPTIN3,PharmGKB_VA,VA,metabolism/pk
rs133290,n-desmethyltamoxifen,SREBF2,PharmGKB_VA,VA,metabolism/pk
rs5751251,n-desmethyltamoxifen,TCF20,PharmGKB_VA,VA,metabolism/pk
rs2267439,n-desmethyltamoxifen,SREBF2,PharmGKB_VA,VA,metabolism/pk
rs9607850,n-desmethyltamoxifen,SREBF2,PharmGKB_VA,VA,metabolism/pk
rs8140869,n-desmethyltamoxifen,CENPM,PharmGKB_VA,VA,metabolism/pk
rs11322783,"ribavirin, sofosbuvir",IFNL4,PharmGKB_VA,VA,efficacy
rs446112,etoposide,,PharmGKB_VA,VA,other
rs2231142,rosuvastatin,ABCG2,PharmGKB_VA,VA,metabolism/pk
rs113993960,"ivacaftor, lumacaftor",CFTR,PharmGKB_VA,VA,efficacy
rs28929495,afatinib,EGFR,PharmGKB_VA,VA,efficacy
rs113993960,"ivacaftor, lumacaftor",CFTR,PharmGKB_VA,VA,efficacy
rs3918290,3-aminoisobutyrate,DPYD,PharmGKB_VA,VA,metabolism/pk
rs143493067,3-aminoisobutyrate,UPB1,PharmGKB_VA,VA,metabolism/pk
rs114286107,3-aminoisobutyrate,AGXT2,PharmGKB_VA,VA,metabolism/pk
rs3918290,uracil,DPYD,PharmGKB_VA,VA,metabolism/pk
rs41272317,"2-aminoheptanoate, 2-aminooctanoic acid, 2-hydroxylaurate",ACAD11,PharmGKB_VA,VA,metabolism/pk
rs140130028,"cysteine-s-, l-ornithine",NPC2,PharmGKB_VA,VA,metabolism/pk
rs143493067,"5,6-dihydrothymine",UPB1,PharmGKB_VA,VA,metabolism/pk
rs2273697,eslicarbazepine,ABCC2,PharmGKB_VA,VA,metabolism/pk
rs776746,rivaroxaban,CYP3A5,PharmGKB_VA,VA,toxicity
rs1057910,warfarin,CYP2C9,PharmGKB_VA,VA,dosage
rs1065852,aripiprazole,CYP2D6,PharmGKB_VA,VA,efficacy
rs1080989,aripiprazole,CYP2D6,PharmGKB_VA,VA,efficacy
rs1799752,quinapril,ACE,PharmGKB_VA,VA,efficacy
rs1080989,aripiprazole,CYP2D6,PharmGKB_VA,VA,efficacy
rs2740574,cyclophosphamide,CYP3A4,PharmGKB_VA,VA,efficacy
rs776746,tacrolimus,CYP3A5,PharmGKB_VA,VA,metabolism/pk
rs2011425,tacrolimus,UGT1A4,PharmGKB_VA,VA,metabolism/pk
rs35599367,tacrolimus,CYP3A4,PharmGKB_VA,VA,metabolism/pk
rs4149056,rosuvastatin,SLCO1B1,PharmGKB_VA,VA,metabolism/pk
rs738409,alogliptin,PNPLA3,PharmGKB_VA,VA,efficacy
rs113993960,"ivacaftor, lumacaftor",CFTR,PharmGKB_VA,VA,efficacy
rs167770,sertraline,DRD3,PharmGKB_VA,VA,efficacy
rs11721264,sertraline,DRD3,PharmGKB_VA,VA,efficacy
rs1065852,"iloperidone, iloperidone metabolite p88",CYP2D6,PharmGKB_VA,VA,metabolism/pk
rs113993960,"ivacaftor, lumacaftor",CFTR,PharmGKB_VA,VA,efficacy
rs113993960,"ivacaftor, lumacaftor",CFTR,PharmGKB_VA,VA,efficacy
rs3751664,valproic acid,CACNA1H,PharmGKB_VA,VA,efficacy
rs1861494,penicillin g,IFNG,PharmGKB_VA,VA,efficacy
rs2430561,penicillin g,IFNG,PharmGKB_VA,VA,efficacy
rs113993960,"ivacaftor, lumacaftor",CFTR,PharmGKB_VA,VA,efficacy
rs2231142,rivaroxaban,ABCG2,PharmGKB_VA,VA,metabolism/pk
rs113993960,"ivacaftor, lumacaftor",CFTR,PharmGKB_VA,VA,efficacy
rs1128503,avatrombopag,ABCB1,PharmGKB_VA,VA,metabolism/pk
rs776746,venetoclax,CYP3A5,PharmGKB_VA,VA,metabolism/pk
rs28379954,clozapine,NFIB,PharmGKB_VA,VA,metabolism/pk
rs2740574,tacrolimus,CYP3A4,PharmGKB_VA,VA,metabolism/pk
rs998424,methylphenidate,SLC6A2,PharmGKB_VA,VA,efficacy
rs7405404,lithium,,PharmGKB_VA,VA,efficacy
rs28399499,efavirenz,CYP2B6,PharmGKB_VA,VA,metabolism/pk
rs7164594,varenicline,HYKK,PharmGKB_VA,VA,efficacy
rs1799752,captopril,ACE,PharmGKB_VA,VA,efficacy
rs3745274,efavirenz,CYP2B6,PharmGKB_VA,VA,metabolism/pk
rs1799752,"enalapril, losartan",ACE,PharmGKB_VA,VA,efficacy
rs1799752,benazepril,ACE,PharmGKB_VA,VA,efficacy
rs8109525,bupropion,CYP2B6,PharmGKB_VA,VA,efficacy
rs776746,tacrolimus,CYP3A5,PharmGKB_VA,VA,dosage
rs144854329,cetuximab,VEGFA,PharmGKB_VA,VA,efficacy
rs11322783,"peginterferon alfa-2a, peginterferon alfa-2b, ribavirin, telaprevir",IFNL4,PharmGKB_VA,VA,efficacy
rs776746,tacrolimus,CYP3A5,PharmGKB_VA,VA,dosage
rs1801253,atenolol,ADRB1,PharmGKB_VA,VA,efficacy
rs7937,letrozole,,PharmGKB_VA,VA,nan
rs28363170,disulfiram,SLC6A3,PharmGKB_VA,VA,efficacy
rs1799752,"benazepril, perindopril",ACE,PharmGKB_VA,VA,efficacy
rs776746,tacrolimus,CYP3A5,PharmGKB_VA,VA,dosage
rs36118214,efavirenz,CYP2B6,PharmGKB_VA,VA,metabolism/pk
rs1799752,quinapril,ACE,PharmGKB_VA,VA,efficacy
rs77010898,"curcumin, ivacaftor",CFTR,PharmGKB_VA,VA,efficacy
rs1799752,captopril,ACE,PharmGKB_VA,VA,efficacy
rs371194629,methotrexate,HLA-G,PharmGKB_VA,VA,efficacy
rs1799752,captopril,ACE,PharmGKB_VA,VA,efficacy
rs113993960,"ivacaftor, tezacaftor",CFTR,PharmGKB_VA,VA,efficacy
rs9923231,warfarin,VKORC1,PharmGKB_VA,VA,dosage
rs1800234,chiglitazar,PPARA,PharmGKB_VA,VA,efficacy
rs2242480,fentanyl,CYP3A4,PharmGKB_VA,VA,dosage
rs2242480,fentanyl,CYP3A4,PharmGKB_VA,VA,metabolism/pk
rs1799971,ethanol,OPRM1,PharmGKB_VA,VA,dosage
rs2242480,sufentanil,CYP3A4,PharmGKB_VA,VA,efficacy
rs2242480,sufentanil,CYP3A4,PharmGKB_VA,VA,dosage
rs2242480,sufentanil,CYP3A4,PharmGKB_VA,VA,metabolism/pk
rs2242480,tacrolimus,CYP3A4,PharmGKB_VA,VA,"other, metabolism/pk"
rs2242480,fentanyl,CYP3A4,PharmGKB_VA,VA,dosage
rs2242480,sufentanil,CYP3A4,PharmGKB_VA,VA,dosage
rs2242480,fentanyl,CYP3A4,PharmGKB_VA,VA,dosage
rs4752292,beta blocking agents,GRK5,PharmGKB_VA,VA,efficacy
rs671531,highly active antiretroviral therapy (haart),OPRM1,PharmGKB_VA,VA,efficacy
rs11545078,methotrexate,GGH,PharmGKB_VA,VA,toxicity
rs1045642,tacrolimus,ABCB1,PharmGKB_VA,VA,metabolism/pk
rs4149056,conjugated estrogens,SLCO1B1,PharmGKB_VA,VA,metabolism/pk
rs1998591,acenocoumarol,CYP2C18,PharmGKB_VA,VA,dosage
rs9934438,acenocoumarol,VKORC1,PharmGKB_VA,VA,dosage
rs61767072,beta blocking agents,ADRA2C,PharmGKB_VA,VA,efficacy
rs1402467,"docetaxel, thalidomide",SULT1C4,PharmGKB_VA,VA,efficacy
rs7643645,voriconazole,NR1I2,PharmGKB_VA,VA,metabolism/pk
rs1057910,warfarin,CYP2C9,PharmGKB_VA,VA,dosage
rs717620,methotrexate,ABCC2,PharmGKB_VA,VA,toxicity
rs3212948,"fluorouracil, leucovorin, oxaliplatin",ERCC1,PharmGKB_VA,VA,efficacy
rs10305420,liraglutide,GLP1R,PharmGKB_VA,VA,efficacy
rs4073,"bevacizumab, cyclophosphamide",CXCL8,PharmGKB_VA,VA,efficacy
rs776746,dihydropyridine derivatives,CYP3A5,PharmGKB_VA,VA,other
rs11150606,warfarin,VKORC1,PharmGKB_VA,VA,dosage
rs1057910,warfarin,CYP2C9,PharmGKB_VA,VA,dosage
rs1801131,oxaliplatin,MTHFR,PharmGKB_VA,VA,efficacy
rs2242480,tacrolimus,CYP3A4,PharmGKB_VA,VA,metabolism/pk
rs2242480,tacrolimus,CYP3A4,PharmGKB_VA,VA,metabolism/pk
rs2242480,tacrolimus,CYP3A4,PharmGKB_VA,VA,metabolism/pk
rs2242480,tacrolimus,CYP3A4,PharmGKB_VA,VA,metabolism/pk
rs2242480,fentanyl,CYP3A4,PharmGKB_VA,VA,dosage
rs2231142,clozapine,ABCG2,PharmGKB_VA,VA,metabolism/pk
rs4244285,"aspirin, clopidogrel",CYP2C19,PharmGKB_VA,VA,efficacy
rs11045854,rosuvastatin,SLCO1B1,PharmGKB_VA,VA,metabolism/pk
rs1800012,somatropin recombinant,COL1A1,PharmGKB_VA,VA,dosage
rs1801133,"vitamin b-complex, incl. combinations",MTHFR,PharmGKB_VA,VA,efficacy
rs2306283,rosuvastatin,SLCO1B1,PharmGKB_VA,VA,metabolism/pk
rs2359612,warfarin,VKORC1,PharmGKB_VA,VA,dosage
rs1801131,"vitamin b-complex, incl. combinations",MTHFR,PharmGKB_VA,VA,efficacy
rs12708954,atomoxetine,SLC6A2,PharmGKB_VA,VA,efficacy
rs2740574,"cyclosporine, tacrolimus",CYP3A4,PharmGKB_VA,VA,metabolism/pk
rs4149056,rosuvastatin,SLCO1B1,PharmGKB_VA,VA,metabolism/pk
rs1057910,warfarin,CYP2C9,PharmGKB_VA,VA,dosage
rs6275,rizatriptan,DRD2,PharmGKB_VA,VA,efficacy
rs3745274,efavirenz,CYP2B6,PharmGKB_VA,VA,metabolism/pk
rs61162043,warfarin,VKORC1,PharmGKB_VA,VA,dosage
rs1057910,"sulfonamides, urea derivatives",CYP2C9,PharmGKB_VA,VA,efficacy
rs1799971,nicotine,OPRM1,PharmGKB_VA,VA,efficacy
rs6280,risperidone,DRD3,PharmGKB_VA,VA,efficacy
rs9923231,acenocoumarol,VKORC1,PharmGKB_VA,VA,dosage
rs16980091,rosuvastatin,FOXA3,PharmGKB_VA,VA,metabolism/pk
rs1057910,warfarin,CYP2C9,PharmGKB_VA,VA,dosage
rs34671512,rosuvastatin,SLCO1B1,PharmGKB_VA,VA,metabolism/pk
rs113993960,cysteamine,CFTR,PharmGKB_VA,VA,efficacy
rs1799752,salvianolic acid b,ACE,PharmGKB_VA,VA,efficacy
rs1045642,rasagiline,ABCB1,PharmGKB_VA,VA,metabolism/pk
rs3842689,corticosteroids,NR1I2,PharmGKB_VA,VA,efficacy
rs11322783,"peginterferon alfa-2b, ribavirin",IFNL4,PharmGKB_VA,VA,efficacy
rs1799752,irbesartan,ACE,PharmGKB_VA,VA,efficacy
rs72552763,metformin,SLC22A1,PharmGKB_VA,VA,metabolism/pk
rs72552763,morphine,SLC22A1,PharmGKB_VA,VA,metabolism/pk
rs1047303,glucocorticoids,HSD3B1,PharmGKB_VA,VA,efficacy
rs72552763,morphine,SLC22A1,PharmGKB_VA,VA,metabolism/pk
rs45445694,fluorouracil,TYMS,PharmGKB_VA,VA,efficacy
rs1805343,rosuvastatin,RXRA,PharmGKB_VA,VA,metabolism/pk
rs333,glatiramer acetate,CCR5,PharmGKB_VA,VA,efficacy
rs7903146,glipizide,TCF7L2,PharmGKB_VA,VA,efficacy
rs12456693,clopidogrel,SLC14A2,PharmGKB_VA,VA,efficacy
rs11322783,"peginterferon alfa-2a, peginterferon alfa-2b, ribavirin",IFNL4,PharmGKB_VA,VA,efficacy
rs113993960,cavosonstat,CFTR,PharmGKB_VA,VA,efficacy
rs3842689,nevirapine,NR1I2,PharmGKB_VA,VA,"dosage, metabolism/pk"
rs1045642,voriconazole,ABCB1,PharmGKB_VA,VA,metabolism/pk
rs113993960,ivacaftor,CFTR,PharmGKB_VA,VA,efficacy
rs113993960,lumacaftor,CFTR,PharmGKB_VA,VA,efficacy
rs113993960,ivacaftor,CFTR,PharmGKB_VA,VA,efficacy
rs113993960,lumacaftor,CFTR,PharmGKB_VA,VA,efficacy
rs4244285,clopidogrel,CYP2C19,PharmGKB_VA,VA,efficacy
rs61767072,bucindolol,ADRA2C,PharmGKB_VA,VA,efficacy
rs7579275,rosuvastatin,ABCB11,PharmGKB_VA,VA,metabolism/pk
rs2287622,rosuvastatin,ABCB11,PharmGKB_VA,VA,metabolism/pk
rs1128503,"sirolimus, temsirolimus",ABCB1,PharmGKB_VA,VA,metabolism/pk
rs7967354,rocuronium,SLCO1A2,PharmGKB_VA,VA,dosage
rs8187692,rosuvastatin,ABCC2,PharmGKB_VA,VA,metabolism/pk
rs45445694,"capecitabine, fluorouracil",TYMS,PharmGKB_VA,VA,efficacy
rs11322783,"peginterferon alfa-2b, ribavirin",IFNL4,PharmGKB_VA,VA,efficacy
rs56903885,rosuvastatin,SLC10A1,PharmGKB_VA,VA,metabolism/pk
rs1799752,"bumetanide, furosemide, torasemide",ACE,PharmGKB_VA,VA,efficacy
rs12721616,rosuvastatin,NR1I2,PharmGKB_VA,VA,metabolism/pk
rs1695,dimethyl fumarate,GSTP1,PharmGKB_VA,VA,efficacy
rs11045874,rosuvastatin,SLCO1B1,PharmGKB_VA,VA,metabolism/pk
rs11479,"capecitabine, fluorouracil",TYMP,PharmGKB_VA,VA,dosage
rs2954625,metformin,CSMD1,PharmGKB_VA,VA,efficacy
rs11322783,"peginterferon alfa-2a, ribavirin",IFNL4,PharmGKB_VA,VA,efficacy
rs45445694,"folic acid, hydroxychloroquine, methotrexate, sulfasalazine",C18orf56,PharmGKB_VA,VA,efficacy
rs1799752,fluvastatin,ACE,PharmGKB_VA,VA,efficacy
rs1799752,pravastatin,ACE,PharmGKB_VA,VA,efficacy
rs963549,methadone,OPRK1,PharmGKB_VA,VA,dosage
rs3918290,"capecitabine, fluorouracil",DPYD,PharmGKB_VA,VA,dosage
rs12305884,rosuvastatin,SLCO1B1,PharmGKB_VA,VA,metabolism/pk
rs61767072,metoprolol,ADRA2C,PharmGKB_VA,VA,efficacy
rs2231142,imatinib,ABCG2,PharmGKB_VA,VA,metabolism/pk
rs67376798,"capecitabine, fluorouracil",DPYD,PharmGKB_VA,VA,dosage
rs75017182,"capecitabine, fluorouracil",DPYD,PharmGKB_VA,VA,dosage
rs6785049,"sirolimus, temsirolimus",NR1I2,PharmGKB_VA,VA,metabolism/pk
rs11045873,rosuvastatin,SLCO1B1,PharmGKB_VA,VA,metabolism/pk
rs4646458,tacrolimus,,PharmGKB_VA,VA,dosage
rs11045995,rocuronium,IAPP,PharmGKB_VA,VA,dosage
rs5030655,metoprolol,CYP2D6,PharmGKB_VA,VA,efficacy
rs352046,hmg-coa reductase inhibitors,CXCL5,PharmGKB_VA,VA,efficacy
rs5758651,"dextromethorphan, dextrorphan",TCF20,PharmGKB_VA,VA,metabolism/pk
rs11322783,"peginterferon alfa-2a, peginterferon alfa-2b, ribavirin",IFNL4,PharmGKB_VA,VA,efficacy
rs11322783,"peginterferon alfa-2a, peginterferon alfa-2b, ribavirin",IFNL4,PharmGKB_VA,VA,efficacy
rs1045642,voriconazole,ABCB1,PharmGKB_VA,VA,metabolism/pk
rs72846714,mercaptopurine,NT5C2,PharmGKB_VA,VA,metabolism/pk
rs11188059,sertraline,CYP2C18,PharmGKB_VA,VA,metabolism/pk
rs3745274,levonorgestrel,CYP2B6,PharmGKB_VA,VA,metabolism/pk
rs9828223,adalimumab,,PharmGKB_VA,VA,efficacy
rs61740999,"dextromethorphan, dextrorphan",IP6K2,PharmGKB_VA,VA,metabolism/pk
rs45445694,fluorouracil,TYMS,PharmGKB_VA,VA,efficacy
rs4803419,levonorgestrel,CYP2B6,PharmGKB_VA,VA,metabolism/pk
rs12979860,atorvastatin,IFNL3,PharmGKB_VA,VA,efficacy
rs9923231,warfarin,VKORC1,PharmGKB_VA,VA,dosage
rs1799752,"atenolol, enalapril",ACE,PharmGKB_VA,VA,efficacy
rs1799752,"enalapril, lisinopril",ACE,PharmGKB_VA,VA,efficacy
rs3745274,efavirenz,CYP2B6,PharmGKB_VA,VA,metabolism/pk
rs3842,efavirenz,ABCB1,PharmGKB_VA,VA,metabolism/pk
rs1799752,captopril,ACE,PharmGKB_VA,VA,efficacy
rs2227631,"citalopram, fluoxetine",SERPINE1,PharmGKB_VA,VA,efficacy
rs71486745,phenytoin,CYP2C9,PharmGKB_VA,VA,"dosage, metabolism/pk"
rs201279313,"atenolol, hydrochlorothiazide, metoprolol",SLC25A31,PharmGKB_VA,VA,efficacy
rs776746,tacrolimus,CYP3A5,PharmGKB_VA,VA,"dosage, metabolism/pk"
rs1799752,captopril,ACE,PharmGKB_VA,VA,efficacy
rs45445694,fluorouracil,TYMS,PharmGKB_VA,VA,efficacy
rs1799752,captopril,ACE,PharmGKB_VA,VA,efficacy
rs58700372,mercaptopurine,CNNM2,PharmGKB_VA,VA,metabolism/pk
rs11280056,fluorouracil,TYMS,PharmGKB_VA,VA,efficacy
rs1799752,sertraline,ACE,PharmGKB_VA,VA,efficacy
rs17216177,rosuvastatin,ABCC2,PharmGKB_VA,VA,metabolism/pk
rs12208357,rasagiline,SLC22A1,PharmGKB_VA,VA,metabolism/pk
rs7899457,rosuvastatin,ABCC2,PharmGKB_VA,VA,metabolism/pk
rs9934438,warfarin,VKORC1,PharmGKB_VA,VA,dosage
rs8187706,rosuvastatin,ABCC2,PharmGKB_VA,VA,metabolism/pk
rs717620,pitavastatin,ABCC2,PharmGKB_VA,VA,metabolism/pk
rs28363170,ethanol,SLC6A3,PharmGKB_VA,VA,other
rs1800497,ethanol,DRD2,PharmGKB_VA,VA,dosage
rs776746,vardenafil,CYP3A5,PharmGKB_VA,VA,"other, metabolism/pk"
rs28363170,ethanol,SLC6A3,PharmGKB_VA,VA,toxicity
rs1799971,ethanol,OPRM1,PharmGKB_VA,VA,dosage
rs683369,imatinib,SLC22A1,PharmGKB_VA,VA,metabolism/pk
rs3802281,methadone,OPRK1,PharmGKB_VA,VA,dosage
rs1142345,azathioprine,TPMT,PharmGKB_VA,VA,dosage
rs7166737,hydroxyurea,SIN3A,PharmGKB_VA,VA,efficacy
rs1799964,tumor necrosis factor alpha (tnf-alpha) inhibitors,TNF,PharmGKB_VA,VA,efficacy
rs45445694,"capecitabine, raltitrexed",TYMS,PharmGKB_VA,VA,efficacy
rs11322783,"peginterferon alfa-2a, ribavirin",IFNL4,PharmGKB_VA,VA,efficacy
rs34059508,rasagiline,SLC22A1,PharmGKB_VA,VA,metabolism/pk
rs2273697,rasagiline,ABCC2,PharmGKB_VA,VA,metabolism/pk
rs2770296,bupropion,HTR2A,PharmGKB_VA,VA,efficacy
rs371194629,"capecitabine, fluorouracil",HLA-G,PharmGKB_VA,VA,efficacy
rs20455,pravastatin,KIF6,PharmGKB_VA,VA,efficacy
rs2032582,fluoxetine,ABCB1,PharmGKB_VA,VA,efficacy
rs2873804,bupropion,DBH,PharmGKB_VA,VA,efficacy
rs45445694,"fluorouracil, leucovorin, oxaliplatin",TYMS,PharmGKB_VA,VA,efficacy
rs363225,bupropion,SLC18A2,PharmGKB_VA,VA,efficacy
rs2860840,sertraline,CYP2C18,PharmGKB_VA,VA,metabolism/pk
rs45445694,fluorouracil,TYMS,PharmGKB_VA,VA,efficacy
rs1799724,tumor necrosis factor alpha (tnf-alpha) inhibitors,TNF,PharmGKB_VA,VA,efficacy
rs363226,bupropion,SLC18A2,PharmGKB_VA,VA,efficacy
rs45445694,methotrexate,C18orf56,PharmGKB_VA,VA,efficacy
rs1799735,olanzapine,GSTM3,PharmGKB_VA,VA,metabolism/pk
rs3836790,"levodopa, methylphenidate",SLC6A3,PharmGKB_VA,VA,efficacy
rs3836790,levodopa,SLC6A3,PharmGKB_VA,VA,efficacy
rs17614642,bupropion,FKBP5,PharmGKB_VA,VA,efficacy
rs1799752,interferon beta-1a,ACE,PharmGKB_VA,VA,efficacy
rs1799971,ethanol,OPRM1,PharmGKB_VA,VA,efficacy
rs2260863,warfarin,EPHX1,PharmGKB_VA,VA,dosage
rs1799752,captopril,ACE,PharmGKB_VA,VA,efficacy
rs1799752,losartan,ACE,PharmGKB_VA,VA,efficacy
rs35599367,tacrolimus,CYP3A4,PharmGKB_VA,VA,metabolism/pk
rs776746,tacrolimus,CYP3A5,PharmGKB_VA,VA,metabolism/pk
rs1051266,methotrexate,SLC19A1,PharmGKB_VA,VA,toxicity
rs776746,imatinib,CYP3A5,PharmGKB_VA,VA,metabolism/pk
rs7668258,lamotrigine,UGT2B7,PharmGKB_VA,VA,"dosage, metabolism/pk"
rs1045642,imatinib,ABCB1,PharmGKB_VA,VA,metabolism/pk
rs113993960,"ivacaftor, tezacaftor",CFTR,PharmGKB_VA,VA,efficacy
rs11322783,"peginterferon alfa-2a, peginterferon alfa-2b, ribavirin, telaprevir",IFNL4,PharmGKB_VA,VA,efficacy
rs113993960,"ivacaftor, tezacaftor",CFTR,PharmGKB_VA,VA,efficacy
rs60369023,gemcitabine,CDA,PharmGKB_VA,VA,"other, metabolism/pk"
rs1045642,"apixaban, dabigatran, edoxaban, rivaroxaban",ABCB1,PharmGKB_VA,VA,metabolism/pk
rs2472677,atazanavir,NR1I2,PharmGKB_VA,VA,metabolism/pk
rs2032582,imatinib,ABCB1,PharmGKB_VA,VA,efficacy
rs1360780,antidepressants,FKBP5,PharmGKB_VA,VA,efficacy
rs1128503,imatinib,ABCB1,PharmGKB_VA,VA,efficacy
rs776746,tacrolimus,CYP3A5,PharmGKB_VA,VA,metabolism/pk
rs5443,antidepressants,GNB3,PharmGKB_VA,VA,efficacy
rs1045642,imatinib,ABCB1,PharmGKB_VA,VA,efficacy
rs3800373,antidepressants,FKBP5,PharmGKB_VA,VA,efficacy
rs1128503,antipsychotics,ABCB1,PharmGKB_VA,VA,"dosage, metabolism/pk"
rs2231142,imatinib,ABCG2,PharmGKB_VA,VA,efficacy
rs3745274,efavirenz,CYP2B6,PharmGKB_VA,VA,efficacy
rs4823613,tacrolimus,PPARA,PharmGKB_VA,VA,metabolism/pk
rs3794271,infliximab,SLCO1C1,PharmGKB_VA,VA,efficacy
rs1057868,tacrolimus,POR,PharmGKB_VA,VA,metabolism/pk
rs1967309,dalcetrapib,ADCY9,PharmGKB_VA,VA,efficacy
rs6265,antidepressants,BDNF,PharmGKB_VA,VA,efficacy
rs1801253,"beta blocking agents, flecainide",ADRB1,PharmGKB_VA,VA,efficacy
rs717620,methotrexate,ABCC2,PharmGKB_VA,VA,metabolism/pk
rs396991,rituximab,FCGR3A,PharmGKB_VA,VA,efficacy
rs13273672,drugs used in alcohol dependence,GATA4,PharmGKB_VA,VA,efficacy
rs6166,chorionic gonadotropin,FSHR,PharmGKB_VA,VA,dosage
rs35599367,tacrolimus,CYP3A4,PharmGKB_VA,VA,dosage
rs2739260,"nicardipine, nimodipine",CACNA1B,PharmGKB_VA,VA,efficacy
rs10975641,"citalopram, escitalopram",GLDC,PharmGKB_VA,VA,efficacy
rs11868513,metformin,HNF1B,PharmGKB_VA,VA,efficacy
rs2242480,atorvastatin,CYP3A4,PharmGKB_VA,VA,efficacy
rs2242480,atorvastatin,CYP3A4,PharmGKB_VA,VA,efficacy
rs1946518,"""interferon alfa-2a, recombinant"", ""interferon alfa-2b, recombinant"", ""interferons"", ""peginterferon alfa-2a"", ""peginterferon alfa-2b"", ""ribavirin""",IL18,PharmGKB_VA,VA,efficacy
rs57098334,"fluoxetine, paroxetine",SLC6A4,PharmGKB_VA,VA,efficacy
rs1057868,tacrolimus,POR,PharmGKB_VA,VA,metabolism/pk
rs4845625,tocilizumab,IL6R,PharmGKB_VA,VA,efficacy
rs17216198,rosuvastatin,ABCC2,PharmGKB_VA,VA,metabolism/pk
rs2242480,atorvastatin,CYP3A4,PharmGKB_VA,VA,efficacy
rs4244285,clopidogrel,CYP2C19,PharmGKB_VA,VA,efficacy
rs1051266,methotrexate,SLC19A1,PharmGKB_VA,VA,efficacy
rs187238,"""interferon alfa-2a, recombinant"", ""interferon alfa-2b, recombinant"", ""interferons"", ""peginterferon alfa-2a"", ""peginterferon alfa-2b"", ""ribavirin""",IL18,PharmGKB_VA,VA,efficacy
rs9923231,warfarin,VKORC1,PharmGKB_VA,VA,dosage
rs3740066,rosuvastatin,ABCC2,PharmGKB_VA,VA,metabolism/pk
rs3892097,fluoxetine,CYP2D6,PharmGKB_VA,VA,efficacy
rs6719578,metformin,,PharmGKB_VA,VA,efficacy
rs4673993,methotrexate,ATIC,PharmGKB_VA,VA,efficacy
rs2108622,warfarin,CYP4F2,PharmGKB_VA,VA,dosage
rs121434568,erlotinib,EGFR,PharmGKB_VA,VA,efficacy
rs9923231,warfarin,VKORC1,PharmGKB_VA,VA,dosage
rs70950385,efavirenz,CYP2B6,PharmGKB_VA,VA,metabolism/pk
rs28399504,mephenytoin,CYP2C19,PharmGKB_VA,VA,metabolism/pk
rs11322783,"boceprevir, peginterferon alfa-2a, peginterferon alfa-2b, ribavirin, telaprevir",IFNL4,PharmGKB_VA,VA,efficacy
rs4244285,"clopidogrel, prasugrel, ticagrelor",CYP2C19,PharmGKB_VA,VA,efficacy
rs41301394,warfarin,POR,PharmGKB_VA,VA,dosage
rs6275,methadone,DRD2,PharmGKB_VA,VA,nan
rs1695,"carboplatin, paclitaxel",GSTP1,PharmGKB_VA,VA,toxicity
rs3807348,cisplatin,MIR335,PharmGKB_VA,VA,efficacy
rs6151031,"cyclophosphamide, doxorubicin",ALDH1A1,PharmGKB_VA,VA,efficacy
rs3917643,simvastatin,F3,PharmGKB_VA,VA,efficacy
rs113993960,ivacaftor,CFTR,PharmGKB_VA,VA,efficacy
rs113993960,lumacaftor,CFTR,PharmGKB_VA,VA,efficacy
rs1799752,"acetylcholine, nitroprusside",ACE,PharmGKB_VA,VA,efficacy
rs1799752,fluvastatin,ACE,PharmGKB_VA,VA,efficacy
rs113993960,ivacaftor,CFTR,PharmGKB_VA,VA,efficacy
rs1799752,enalapril,ACE,PharmGKB_VA,VA,efficacy
rs45445694,"bevacizumab, capecitabine, cisplatin, docetaxel, epirubicin, oxaliplatin, trastuzumab",TYMS,PharmGKB_VA,VA,efficacy
rs776746,imatinib,CYP3A5,PharmGKB_VA,VA,efficacy
rs35599367,tacrolimus,CYP3A4,PharmGKB_VA,VA,metabolism/pk
rs2242480,imatinib,CYP3A4,PharmGKB_VA,VA,efficacy
rs3794271,etanercept,SLCO1C1,PharmGKB_VA,VA,efficacy
rs7975232,"amoxicillin, clarithromycin, omeprazole",VDR,PharmGKB_VA,VA,efficacy
rs2228570,"amoxicillin, clarithromycin, omeprazole",VDR,PharmGKB_VA,VA,efficacy
rs1065852,metoprolol,CYP2D6,PharmGKB_VA,VA,metabolism/pk
rs1065852,alpha-hydroxymetoprolol,CYP2D6,PharmGKB_VA,VA,metabolism/pk
rs6922548,"docetaxel, thalidomide",PPARD,PharmGKB_VA,VA,efficacy
rs7769719,"docetaxel, thalidomide",PPARD,PharmGKB_VA,VA,efficacy
rs776746,tacrolimus,CYP3A5,PharmGKB_VA,VA,metabolism/pk
rs2288344,warfarin,NEDD4,PharmGKB_VA,VA,dosage
rs776746,tacrolimus,CYP3A5,PharmGKB_VA,VA,metabolism/pk
rs17126068,warfarin,DDHD1,PharmGKB_VA,VA,dosage
rs4148323,"cisplatin, irinotecan",UGT1A1,PharmGKB_VA,VA,efficacy
rs776746,tacrolimus,CYP3A5,PharmGKB_VA,VA,metabolism/pk
rs9923231,acenocoumarol,VKORC1,PharmGKB_VA,VA,efficacy
rs45445694,methotrexate,TYMS,PharmGKB_VA,VA,efficacy
rs7903366,salbutamol,,PharmGKB_VA,VA,efficacy
rs1045642,"paliperidone, risperidone",ABCB1,PharmGKB_VA,VA,metabolism/pk
rs1057910,losartan,CYP2C9,PharmGKB_VA,VA,metabolism/pk
rs7081864,salbutamol,,PharmGKB_VA,VA,efficacy
rs72551330,sulfinpyrazone,UGT1A9,PharmGKB_VA,VA,metabolism/pk
rs1051792,tumor necrosis factor alpha (tnf-alpha) inhibitors,MICA,PharmGKB_VA,VA,efficacy
rs9923231,warfarin,VKORC1,PharmGKB_VA,VA,dosage
rs6438552,lithium,GSK3B,PharmGKB_VA,VA,efficacy
rs1045642,tacrolimus,ABCB1,PharmGKB_VA,VA,dosage
rs2071427,lithium,NR1D1,PharmGKB_VA,VA,efficacy
rs1045642,tacrolimus,ABCB1,PharmGKB_VA,VA,metabolism/pk
rs1045642,tacrolimus,ABCB1,PharmGKB_VA,VA,metabolism/pk
rs700518,enzyme inhibitors,CYP19A1,PharmGKB_VA,VA,other
rs1128503,tacrolimus,ABCB1,PharmGKB_VA,VA,metabolism/pk
rs28364072,corticosteroids,FCER2,PharmGKB_VA,VA,dosage
rs2032582,tacrolimus,ABCB1,PharmGKB_VA,VA,metabolism/pk
rs34059508,"hydrochlorothiazide, olmesartan",SLC22A1,PharmGKB_VA,VA,metabolism/pk
rs1045642,tacrolimus,ABCB1,PharmGKB_VA,VA,metabolism/pk
rs12154537,escitalopram,,PharmGKB_VA,VA,efficacy
rs1128503,morphine,ABCB1,PharmGKB_VA,VA,metabolism/pk
rs11045585,docetaxel,SLCO1B3,PharmGKB_VA,VA,"other, metabolism/pk"
rs7311358,docetaxel,SLCO1B3,PharmGKB_VA,VA,"other, metabolism/pk"
rs4149118,docetaxel,SLCO1B3,PharmGKB_VA,VA,"other, metabolism/pk"
rs9934438,warfarin,VKORC1,PharmGKB_VA,VA,"dosage, metabolism/pk"
rs1544410,midazolam,VDR,PharmGKB_VA,VA,metabolism/pk
rs1154831,tumor necrosis factor alpha (tnf-alpha) inhibitors,KLRC4,PharmGKB_VA,VA,efficacy
rs7294,warfarin,VKORC1,PharmGKB_VA,VA,"dosage, metabolism/pk"
rs3745274,efavirenz,CYP2B6,PharmGKB_VA,VA,metabolism/pk
rs1799978,"haloperidol, olanzapine, perphenazine, quetiapine, risperidone",DRD2,PharmGKB_VA,VA,efficacy
rs890293,trans 4-hydroxypraziquantel,CYP2J2,PharmGKB_VA,VA,metabolism/pk
rs2075572,ethanol,OPRM1,PharmGKB_VA,VA,efficacy
rs548646,ethanol,OPRM1,PharmGKB_VA,VA,efficacy
rs2237892,gliclazide,KCNQ1,PharmGKB_VA,VA,efficacy
rs1799732,nicotine,DRD2,PharmGKB_VA,VA,efficacy
rs7903146,linagliptin,TCF7L2,PharmGKB_VA,VA,efficacy
rs681243,ethanol,OPRM1,PharmGKB_VA,VA,efficacy
rs4680,bupropion,COMT,PharmGKB_VA,VA,efficacy
rs1461773,ethanol,OPRM1,PharmGKB_VA,VA,efficacy
rs3778148,ethanol,OPRM1,PharmGKB_VA,VA,efficacy
rs4516035,midazolam,VDR,PharmGKB_VA,VA,metabolism/pk
rs4680,morphine,COMT,PharmGKB_VA,VA,efficacy
rs3800373,antidepressants,FKBP5,PharmGKB_VA,VA,efficacy
rs4680,opioids,COMT,PharmGKB_VA,VA,dosage
rs1042714,"atenolol, metoprolol",ADRB2,PharmGKB_VA,VA,efficacy
rs2237895,gliclazide,KCNQ1,PharmGKB_VA,VA,efficacy
rs1799971,methadone,OPRM1,PharmGKB_VA,VA,efficacy
rs4920037,arsenic compounds,CBS,PharmGKB_VA,VA,"toxicity, metabolism/pk"
rs9934438,warfarin,VKORC1,PharmGKB_VA,VA,dosage
rs3761548,methotrexate,FOXP3,PharmGKB_VA,VA,other
rs1042713,"atenolol, metoprolol",ADRB2,PharmGKB_VA,VA,efficacy
rs11598702,gemcitabine,NT5C2,PharmGKB_VA,VA,metabolism/pk
rs1048977,gemcitabine,CDA,PharmGKB_VA,VA,metabolism/pk
rs7202877,dipeptidyl peptidase 4 (dpp-4) inhibitors,CTRB1,PharmGKB_VA,VA,efficacy
rs234709,arsenic compounds,CBS,PharmGKB_VA,VA,"toxicity, metabolism/pk"
rs2239179,selective beta-2-adrenoreceptor agonists,VDR,PharmGKB_VA,VA,efficacy
rs1540339,selective beta-2-adrenoreceptor agonists,VDR,PharmGKB_VA,VA,efficacy
rs12248560,clopidogrel,CYP2C19,PharmGKB_VA,VA,"dosage, efficacy"
rs3765467,"gemigliptin, linagliptin, saxagliptin, sitagliptin, vildagliptin",GLP1R,PharmGKB_VA,VA,efficacy
rs1045642,methadone,ABCB1,PharmGKB_VA,VA,metabolism/pk
rs9923231,warfarin,VKORC1,PharmGKB_VA,VA,dosage
rs2153628,indomethacin,CYP2C9,PharmGKB_VA,VA,efficacy
rs2072671,gemcitabine,CDA,PharmGKB_VA,VA,metabolism/pk
rs25531,venlafaxine,SLC6A4,PharmGKB_VA,VA,efficacy
rs2239128,nimodipine,CACNA1C,PharmGKB_VA,VA,efficacy
rs2239050,nimodipine,CACNA1C,PharmGKB_VA,VA,efficacy
rs3810651,venlafaxine,GABRQ,PharmGKB_VA,VA,efficacy
rs80143932,"cytarabine, idarubicin",DCK,PharmGKB_VA,VA,efficacy
rs502434,"selective serotonin reuptake inhibitors, venlafaxine",GRIA3,PharmGKB_VA,VA,efficacy
rs4244285,clopidogrel,CYP2C19,PharmGKB_VA,VA,"dosage, efficacy"
rs4244285,clopidogrel,CYP2C19,PharmGKB_VA,VA,efficacy
rs3761554,"selective serotonin reuptake inhibitors, venlafaxine",GRIA3,PharmGKB_VA,VA,efficacy
rs339097,warfarin,CALU,PharmGKB_VA,VA,dosage
rs2975226,clozapine,SLC6A3,PharmGKB_VA,VA,"dosage, efficacy"
rs3740066,tacrolimus,ABCC2,PharmGKB_VA,VA,metabolism/pk
rs3761555,"selective serotonin reuptake inhibitors, venlafaxine",GRIA3,PharmGKB_VA,VA,efficacy
rs310279,warfarin,NKX2-6,PharmGKB_VA,VA,dosage
rs2306744,"cytarabine, idarubicin",DCK,PharmGKB_VA,VA,efficacy
rs7997012,venlafaxine,HTR2A,PharmGKB_VA,VA,efficacy
rs16935279,antiepileptics,,PharmGKB_VA,VA,metabolism/pk
rs6166,"follitropin beta, urofollitropin",FSHR,PharmGKB_VA,VA,dosage
rs9923231,warfarin,VKORC1,PharmGKB_VA,VA,dosage
rs9597,"cisplatin, irinotecan",UBE2I,PharmGKB_VA,VA,efficacy
rs4386623,warfarin,FRAS1,PharmGKB_VA,VA,dosage
rs1890109,warfarin,FAM201A,PharmGKB_VA,VA,dosage
rs45445694,methotrexate,TYMS,PharmGKB_VA,VA,efficacy
rs3812718,valproic acid,SCN1A,PharmGKB_VA,VA,efficacy
rs1801159,capecitabine,DPYD,PharmGKB_VA,VA,efficacy
rs6277,nicotine,DRD2,PharmGKB_VA,VA,efficacy
rs1799752,captopril,ACE,PharmGKB_VA,VA,efficacy
rs776746,"apixaban, dabigatran, edoxaban, rivaroxaban",CYP3A5,PharmGKB_VA,VA,metabolism/pk
rs648007,ethanol,OPRM1,PharmGKB_VA,VA,efficacy
rs1799971,ethanol,OPRM1,PharmGKB_VA,VA,efficacy
rs776746,tacrolimus,CYP3A5,PharmGKB_VA,VA,dosage
rs1799853,warfarin,CYP2C9,PharmGKB_VA,VA,dosage
rs2337980,nicotine,CHRNA7,PharmGKB_VA,VA,efficacy
rs1799732,bupropion,DRD2,PharmGKB_VA,VA,efficacy
rs7294,warfarin,VKORC1,PharmGKB_VA,VA,dosage
rs9923231,warfarin,VKORC1,PharmGKB_VA,VA,dosage
rs1131873,warfarin,EPHX1,PharmGKB_VA,VA,dosage
rs8192675,metformin,SLC2A2,PharmGKB_VA,VA,efficacy
rs28371686,warfarin,CYP2C9,PharmGKB_VA,VA,dosage
rs776746,tacrolimus,CYP3A5,PharmGKB_VA,VA,metabolism/pk
rs28371685,warfarin,CYP2C9,PharmGKB_VA,VA,dosage
rs3892097,duloxetine,CYP2D6,PharmGKB_VA,VA,efficacy
rs9332131,warfarin,CYP2C9,PharmGKB_VA,VA,dosage
rs4671393,hydroxyurea,BCL11A,PharmGKB_VA,VA,efficacy
rs7900194,warfarin,CYP2C9,PharmGKB_VA,VA,dosage
rs36217263,beta blocking agents,KL,PharmGKB_VA,VA,efficacy
rs12806698,gemcitabine,RRM1,PharmGKB_VA,VA,efficacy
rs57098334,"fluoxetine, sertraline",SLC6A4,PharmGKB_VA,VA,efficacy
rs8075924,bupropion,ACE,PharmGKB_VA,VA,efficacy
rs7438284,"lorazepam, valproic acid",UGT2B7,PharmGKB_VA,VA,efficacy
rs7439366,"lorazepam, valproic acid",UGT2B7,PharmGKB_VA,VA,efficacy
rs776746,tacrolimus,CYP3A5,PharmGKB_VA,VA,metabolism/pk
rs3735451,hydroxychloroquine,CYP3A4,PharmGKB_VA,VA,metabolism/pk
rs25487,fluorouracil,XRCC1,PharmGKB_VA,VA,efficacy
rs11030918,gemcitabine,RRM1,PharmGKB_VA,VA,efficacy
rs3212207,rosuvastatin,HNF4A,PharmGKB_VA,VA,metabolism/pk
rs1045642,tacrolimus,ABCB1,PharmGKB_VA,VA,metabolism/pk
rs8187710,rosuvastatin,ABCC2,PharmGKB_VA,VA,metabolism/pk
rs4244285,clopidogrel,CYP2C19,PharmGKB_VA,VA,"dosage, efficacy"
rs35599367,cyclosporine,CYP3A4,PharmGKB_VA,VA,metabolism/pk
rs9923231,warfarin,VKORC1,PharmGKB_VA,VA,dosage
rs776746,tacrolimus,CYP3A5,PharmGKB_VA,VA,metabolism/pk
rs3734254,"docetaxel, thalidomide",PPARD,PharmGKB_VA,VA,efficacy
rs17117817,"atenolol, metoprolol",OR10P1,PharmGKB_VA,VA,pd
rs12806698,"carboplatin, gemcitabine",RRM1,PharmGKB_VA,VA,efficacy
rs17180299,methadone,,PharmGKB_VA,VA,metabolism/pk
rs339097,warfarin,CALU,PharmGKB_VA,VA,dosage
rs776746,tacrolimus,CYP3A5,PharmGKB_VA,VA,metabolism/pk
rs2364349,"atenolol, metoprolol",SNX9,PharmGKB_VA,VA,pd
rs11265572,tacrolimus,,PharmGKB_VA,VA,metabolism/pk
rs10871454,warfarin,STX4,PharmGKB_VA,VA,dosage
rs776746,"sirolimus, temsirolimus",CYP3A5,PharmGKB_VA,VA,metabolism/pk
rs1799752,enalapril,ACE,PharmGKB_VA,VA,efficacy
rs3842,efavirenz,ABCB1,PharmGKB_VA,VA,metabolism/pk
rs2016520,"docetaxel, thalidomide",PPARD,PharmGKB_VA,VA,efficacy
rs1871450,"docetaxel, thalidomide",CHST3,PharmGKB_VA,VA,efficacy
rs10556657,tildrakizumab,PDE4D,PharmGKB_VA,VA,efficacy
rs1045642,"buprenorphine, dihydrocodeine, fentanyl, hydromorphone, methadone, morphine, oxycodone, piritramide, tilidine, tramadol",ABCB1,PharmGKB_VA,VA,dosage
rs1883322,"docetaxel, thalidomide",PPARD,PharmGKB_VA,VA,efficacy
rs12418,"docetaxel, thalidomide",CHST3,PharmGKB_VA,VA,efficacy
rs1799971,opioids,OPRM1,PharmGKB_VA,VA,dosage
rs963468,duloxetine,DRD3,PharmGKB_VA,VA,efficacy
rs11212617,metformin,C11orf65,PharmGKB_VA,VA,efficacy
rs776746,cyclosporine,CYP3A5,PharmGKB_VA,VA,"dosage, metabolism/pk"
rs2307424,"efavirenz, nevirapine",NR1I3,PharmGKB_VA,VA,efficacy
rs4148943,"docetaxel, thalidomide",CHST3,PharmGKB_VA,VA,efficacy
rs4148945,"docetaxel, thalidomide",CHST3,PharmGKB_VA,VA,efficacy
rs4148776,glyburide,ABCB11,PharmGKB_VA,VA,efficacy
rs7311358,imatinib,SLCO1B3,PharmGKB_VA,VA,efficacy
rs4149117,imatinib,SLCO1B3,PharmGKB_VA,VA,efficacy
rs1054097,glyburide,CHST13,PharmGKB_VA,VA,efficacy
rs10509681,rosiglitazone,CYP2C8,PharmGKB_VA,VA,"dosage, metabolism/pk"
rs717620,lacosamide,ABCC2,PharmGKB_VA,VA,metabolism/pk
rs2535629,clozapine,ITIH3,PharmGKB_VA,VA,efficacy
rs10920573,caffeine,ADORA1,PharmGKB_VA,VA,efficacy
rs312481,amlodipine,CACNA1D,PharmGKB_VA,VA,efficacy
rs17289471,peginterferon alfa-2a,ZHX2,PharmGKB_VA,VA,efficacy
rs12248560,clopidogrel,CYP2C19,PharmGKB_VA,VA,"efficacy, other"
rs833069,ranibizumab,VEGFA,PharmGKB_VA,VA,efficacy
rs4646449,tacrolimus,CYP3A5,PharmGKB_VA,VA,metabolism/pk
rs150929,imatinib,ABCA3,PharmGKB_VA,VA,efficacy
rs2301759,metformin,CBARP,PharmGKB_VA,VA,efficacy
rs3127602,metformin,SLC22A3,PharmGKB_VA,VA,efficacy
rs11749180,metformin,PRKAA1,PharmGKB_VA,VA,efficacy
rs10234709,metformin,SLC29A4,PharmGKB_VA,VA,efficacy
rs4725434,metformin,PRKAG2,PharmGKB_VA,VA,efficacy
rs2120274,metformin,SLC47A1,PharmGKB_VA,VA,efficacy
rs2301759,metformin,STK11,PharmGKB_VA,VA,efficacy
rs4621031,metformin,SLC47A2,PharmGKB_VA,VA,efficacy
rs7903146,metformin,TCF7L2,PharmGKB_VA,VA,efficacy
rs3802279,methadone,OPRK1,PharmGKB_VA,VA,dosage
rs41267797,"n-desmethyltramadol, o-desmethyltramadol",SLC22A1,PharmGKB_VA,VA,metabolism/pk
rs35717427,tocilizumab,IL6R,PharmGKB_VA,VA,efficacy
rs17216317,"n-desmethyltramadol, o-desmethyltramadol",ABCC2,PharmGKB_VA,VA,metabolism/pk
rs6690230,tocilizumab,IL6R,PharmGKB_VA,VA,efficacy
rs11265621,tocilizumab,IL6R,PharmGKB_VA,VA,efficacy
rs10108210,tocilizumab,,PharmGKB_VA,VA,efficacy
rs1560011,tocilizumab,CLEC2D,PharmGKB_VA,VA,efficacy
rs703505,tocilizumab,KCNMB1,PharmGKB_VA,VA,efficacy
rs17809012,morphine,CCL11,PharmGKB_VA,VA,efficacy
rs4778889,morphine,IL16,PharmGKB_VA,VA,efficacy
rs35235578,"n-desmethyltramadol, o-desmethyltramadol",SLC22A1,PharmGKB_VA,VA,metabolism/pk
rs7169,valproic acid,SLC16A1,PharmGKB_VA,VA,efficacy
rs9457841,"n-desmethyltramadol, o-desmethyltramadol",SLC22A1,PharmGKB_VA,VA,metabolism/pk
rs34134157,"n-desmethyltramadol, o-desmethyltramadol",SLC22A1,PharmGKB_VA,VA,metabolism/pk
rs3742106,tenofovir,ABCC4,PharmGKB_VA,VA,toxicity
rs1360780,antidepressants,FKBP5,PharmGKB_VA,VA,efficacy
rs58572178,fentanyl,ABCC1,PharmGKB_VA,VA,metabolism/pk
rs20572,doxorubicin,CBR1,PharmGKB_VA,VA,metabolism/pk
rs34231037,sunitinib,KDR,PharmGKB_VA,VA,efficacy
rs3800373,antidepressants,FKBP5,PharmGKB_VA,VA,efficacy
rs163184,"gliclazide, glimepiride, glipizide, glyburide",KCNQ1,PharmGKB_VA,VA,efficacy
rs324026,duloxetine,DRD3,PharmGKB_VA,VA,efficacy
rs2299014,"cytarabine, daunorubicin",RAD50,PharmGKB_VA,VA,efficacy
rs1751034,tenofovir,ABCC4,PharmGKB_VA,VA,toxicity
rs324023,duloxetine,DRD3,PharmGKB_VA,VA,efficacy
rs1523127,"efavirenz, nevirapine",NR1I2,PharmGKB_VA,VA,efficacy
rs167770,duloxetine,DRD3,PharmGKB_VA,VA,efficacy
rs7482144,hydroxyurea,HBG2,PharmGKB_VA,VA,efficacy
rs7482144,hydroxyurea,HBG2,PharmGKB_VA,VA,efficacy
rs766432,hydroxyurea,BCL11A,PharmGKB_VA,VA,efficacy
rs1801133,"fluorouracil, leucovorin, oxaliplatin",MTHFR,PharmGKB_VA,VA,efficacy
rs121917953,antiepileptics,SCN1A,PharmGKB_VA,VA,efficacy
rs1800956,methotrexate,ENG,PharmGKB_VA,VA,metabolism/pk
rs16954698,methotrexate,PKD1L2,PharmGKB_VA,VA,metabolism/pk
rs1360780,antidepressants,FKBP5,PharmGKB_VA,VA,efficacy
rs3003596,"efavirenz, nevirapine",NR1I3,PharmGKB_VA,VA,efficacy
rs4713916,antidepressants,FKBP5,PharmGKB_VA,VA,efficacy
rs202102799,clozapine,CYP2D6,PharmGKB_VA,VA,metabolism/pk
rs28371726,clozapine,CYP2D6,PharmGKB_VA,VA,metabolism/pk
rs28379954,solanidine,NFIB,PharmGKB_VA,VA,metabolism/pk
rs762502,clozapine,DRD4,PharmGKB_VA,VA,efficacy
rs776746,nifedipine,CYP3A5,PharmGKB_VA,VA,metabolism/pk
rs2133251840,clozapine,DRD4,PharmGKB_VA,VA,efficacy
rs1416406,exenatide,SORCS1,PharmGKB_VA,VA,efficacy
rs2285676,"linagliptin, sitagliptin, vildagliptin",KCNJ11,PharmGKB_VA,VA,efficacy
rs57803087,"linagliptin, saxagliptin, sitagliptin, vildagliptin",PRKD1,PharmGKB_VA,VA,efficacy
rs2461817,midazolam,NR1I2,PharmGKB_VA,VA,metabolism/pk
rs1801131,"fluorouracil, leucovorin, oxaliplatin",MTHFR,PharmGKB_VA,VA,efficacy
rs116855232,azathioprine,NUDT15,PharmGKB_VA,VA,dosage
rs1057910,warfarin,CYP2C9,PharmGKB_VA,VA,dosage
rs7412,warfarin,APOE,PharmGKB_VA,VA,dosage
rs2282143,metformin,SLC22A1,PharmGKB_VA,VA,metabolism/pk
rs316019,metformin,SLC22A2,PharmGKB_VA,VA,metabolism/pk
rs1042713,methacholine,ADRB2,PharmGKB_VA,VA,efficacy
rs9923231,acenocoumarol,VKORC1,PharmGKB_VA,VA,dosage
rs3814055,temsirolimus,NR1I2,PharmGKB_VA,VA,metabolism/pk
rs2032582,temsirolimus,ABCB1,PharmGKB_VA,VA,metabolism/pk
rs776746,tacrolimus,CYP3A5,PharmGKB_VA,VA,dosage
rs4646457,tacrolimus,,PharmGKB_VA,VA,dosage
rs15524,tacrolimus,CYP3A5,PharmGKB_VA,VA,dosage
rs12333983,tacrolimus,CYP3A4,PharmGKB_VA,VA,dosage
rs9923231,acenocoumarol,VKORC1,PharmGKB_VA,VA,dosage
rs294610,"atenolol, metoprolol",,PharmGKB_VA,VA,efficacy
rs45545233,"atenolol, metoprolol",SLC4A1,PharmGKB_VA,VA,efficacy
rs3794271,tumor necrosis factor alpha (tnf-alpha) inhibitors,SLCO1C1,PharmGKB_VA,VA,efficacy
rs56038477,"capecitabine, fluorouracil",DPYD,PharmGKB_VA,VA,dosage
rs7975,dichloroacetic acid,GSTZ1,PharmGKB_VA,VA,"other, metabolism/pk"
rs1046428,dichloroacetic acid,GSTZ1,PharmGKB_VA,VA,"other, metabolism/pk"
rs7972,dichloroacetic acid,GSTZ1,PharmGKB_VA,VA,"other, metabolism/pk"
rs2032582,sunitinib,ABCB1,PharmGKB_VA,VA,efficacy
rs17376848,fluorouracil,DPYD,PharmGKB_VA,VA,metabolism/pk
rs1057910,warfarin,CYP2C9,PharmGKB_VA,VA,dosage
rs11065987,hydrochlorothiazide,,PharmGKB_VA,VA,efficacy
rs1128503,methadone,ABCB1,PharmGKB_VA,VA,dosage
rs12979860,"peginterferon alfa-2a, peginterferon alfa-2b, ribavirin",IFNL3,PharmGKB_VA,VA,efficacy
rs12720461,caffeine,CYP1A2,PharmGKB_VA,VA,metabolism/pk
rs553202,ethanol,OPRM1,PharmGKB_VA,VA,efficacy
rs524731,ethanol,OPRM1,PharmGKB_VA,VA,efficacy
rs3852209,nicotine,HINT1,PharmGKB_VA,VA,efficacy
rs1799971,opioids,OPRM1,PharmGKB_VA,VA,efficacy
rs9923231,phenprocoumon,VKORC1,PharmGKB_VA,VA,dosage
rs3892097,fluoxetine,CYP2D6,PharmGKB_VA,VA,efficacy
rs1611115,levodopa,DBH,PharmGKB_VA,VA,efficacy
rs2069514,quetiapine,CYP1A2,PharmGKB_VA,VA,metabolism/pk
rs4680,venlafaxine,COMT,PharmGKB_VA,VA,efficacy
rs35305980,axitinib,OR2B11,PharmGKB_VA,VA,metabolism/pk
rs5219,"sulfonamides, urea derivatives",KCNJ11,PharmGKB_VA,VA,efficacy
rs4244285,clopidogrel,CYP2C19,PharmGKB_VA,VA,efficacy
rs757110,"sulfonamides, urea derivatives",ABCC8,PharmGKB_VA,VA,efficacy
rs9394992,"tipiracil , trifluridine",SLC29A1,PharmGKB_VA,VA,efficacy
rs3832043,axitinib,UGT1A10,PharmGKB_VA,VA,metabolism/pk
rs17868323,axitinib,UGT1A7,PharmGKB_VA,VA,metabolism/pk
rs3813928,risperidone,HTR2C,PharmGKB_VA,VA,efficacy
rs1532268,methotrexate,MTRR,PharmGKB_VA,VA,metabolism/pk
rs6311,risperidone,HTR2A,PharmGKB_VA,VA,efficacy
rs1045642,axitinib,ABCB1,PharmGKB_VA,VA,metabolism/pk
rs6269,butorphanol,COMT,PharmGKB_VA,VA,efficacy
rs2231142,axitinib,ABCG2,PharmGKB_VA,VA,metabolism/pk
rs2032582,axitinib,ABCB1,PharmGKB_VA,VA,metabolism/pk
rs4244285,voriconazole,CYP2C19,PharmGKB_VA,VA,metabolism/pk
rs1045642,methotrexate,ABCB1,PharmGKB_VA,VA,efficacy
rs3734703,cytarabine,SLC29A1,PharmGKB_VA,VA,efficacy
rs4633,butorphanol,COMT,PharmGKB_VA,VA,efficacy
rs1045642,sunitinib,ABCB1,PharmGKB_VA,VA,metabolism/pk
rs1051266,methotrexate,SLC19A1,PharmGKB_VA,VA,efficacy
rs3832043,sn-38,UGT1A9,PharmGKB_VA,VA,dosage
rs2279345,efavirenz,CYP2B6,PharmGKB_VA,VA,metabolism/pk
rs1128503,risperidone,ABCB1,PharmGKB_VA,VA,efficacy
rs2279345,efavirenz,CYP2B6,PharmGKB_VA,VA,metabolism/pk
rs1876828,glucocorticoids,CRHR1,PharmGKB_VA,VA,efficacy
rs11580409,antidepressants,ERICH3,PharmGKB_VA,VA,efficacy
rs4149056,sn-38,SLCO1B1,PharmGKB_VA,VA,dosage
rs1042713,salmeterol,ADRB2,PharmGKB_VA,VA,efficacy
rs2740574,s-methadone,CYP3A4,PharmGKB_VA,VA,metabolism/pk
rs286913,ziprasidone,EHF,PharmGKB_VA,VA,"dosage, efficacy"
rs4986893,voriconazole,CYP2C19,PharmGKB_VA,VA,metabolism/pk
rs2284411,methylphenidate,GRIN2B,PharmGKB_VA,VA,efficacy
rs2740574,fentanyl,CYP3A4,PharmGKB_VA,VA,metabolism/pk
rs7793837,"salbutamol, selective beta-2-adrenoreceptor agonists",CRHR2,PharmGKB_VA,VA,efficacy
rs2230806,"atorvastatin, rosuvastatin, simvastatin",ABCA1,PharmGKB_VA,VA,efficacy
rs7793837,"salbutamol, selective beta-2-adrenoreceptor agonists",CRHR2,PharmGKB_VA,VA,efficacy
rs3892097,"atorvastatin, rosuvastatin, simvastatin",CYP2D6,PharmGKB_VA,VA,efficacy
rs2739258,"nicardipine, nimodipine",CACNA1B,PharmGKB_VA,VA,efficacy
rs1801131,methotrexate,MTHFR,PharmGKB_VA,VA,efficacy
rs776746,imatinib,CYP3A5,PharmGKB_VA,VA,efficacy
rs683369,imatinib,SLC22A1,PharmGKB_VA,VA,efficacy
rs662799,simvastatin,APOA5,PharmGKB_VA,VA,efficacy
rs1367117,irbesartan,APOB,PharmGKB_VA,VA,"efficacy, metabolism/pk"
rs1367117,irbesartan,APOB,PharmGKB_VA,VA,efficacy
rs662799,atorvastatin,APOA5,PharmGKB_VA,VA,efficacy
rs28399433,efavirenz,CYP2A6,PharmGKB_VA,VA,metabolism/pk
rs1801133,methotrexate,MTHFR,PharmGKB_VA,VA,efficacy
rs2229437,benazepril,PRCP,PharmGKB_VA,VA,efficacy
rs28365062,efavirenz,UGT2B7,PharmGKB_VA,VA,metabolism/pk
rs28399499,efavirenz,CYP2B6,PharmGKB_VA,VA,metabolism/pk
rs4244285,clopidogrel,CYP2C19,PharmGKB_VA,VA,"efficacy, other"
rs2279343,"efavirenz, lamivudine, tenofovir",CYP2B6,PharmGKB_VA,VA,efficacy
rs1801131,methotrexate,MTHFR,PharmGKB_VA,VA,efficacy
rs1045642,clopidogrel,ABCB1,PharmGKB_VA,VA,"efficacy, other"
rs11568820,midazolam,VDR,PharmGKB_VA,VA,metabolism/pk
rs3742879,methyldopa,ARG2,PharmGKB_VA,VA,efficacy
rs1801133,fluorouracil,MTHFR,PharmGKB_VA,VA,efficacy
rs10509681,repaglinide,CYP2C8,PharmGKB_VA,VA,"dosage, metabolism/pk"
rs11572080,repaglinide,CYP2C8,PharmGKB_VA,VA,"dosage, metabolism/pk"
rs1128503,aripiprazole,ABCB1,PharmGKB_VA,VA,metabolism/pk
rs12248560,omeprazole,CYP2C19,PharmGKB_VA,VA,"dosage, metabolism/pk"
rs12248560,mephenytoin,CYP2C19,PharmGKB_VA,VA,"dosage, metabolism/pk"
rs11188072,omeprazole,CYP2C19,PharmGKB_VA,VA,"dosage, metabolism/pk"
rs11188072,mephenytoin,CYP2C19,PharmGKB_VA,VA,"dosage, metabolism/pk"
rs3211371,methadone,CYP2B6,PharmGKB_VA,VA,metabolism/pk
rs4149056,"mercaptopurine, methotrexate",SLCO1B1,PharmGKB_VA,VA,dosage
rs1044457,gemcitabine,CMPK1,PharmGKB_VA,VA,efficacy
rs1800035,dexmedetomidine,ADRA2A,PharmGKB_VA,VA,efficacy
rs3024498,"budesonide, fluticasone",IL10,PharmGKB_VA,VA,efficacy
rs3024498,"salmeterol, formoterol, omalizumab",IL10,PharmGKB_VA,VA,efficacy
rs775887911,dexmedetomidine,ADRA2A,PharmGKB_VA,VA,efficacy
rs201376588,dexmedetomidine,ADRA2A,PharmGKB_VA,VA,efficacy
rs35687416,gemcitabine,CMPK1,PharmGKB_VA,VA,efficacy
rs12507552,gemcitabine,DCTD,PharmGKB_VA,VA,efficacy
rs139945292,beta blocking agents,,PharmGKB_VA,VA,efficacy
rs662799,rosuvastatin,APOA5,PharmGKB_VA,VA,efficacy
rs274713,gemcitabine,TENT4A,PharmGKB_VA,VA,efficacy
rs1544105,methotrexate,FPGS,PharmGKB_VA,VA,efficacy
rs992160,gemcitabine,CDC5L,PharmGKB_VA,VA,efficacy
rs2853539,methotrexate,TYMS,PharmGKB_VA,VA,efficacy
rs662799,"atorvastatin, rosuvastatin, simvastatin",APOA5,PharmGKB_VA,VA,other
rs3819024,"budesonide, fluticasone",IL17A,PharmGKB_VA,VA,efficacy
rs3819024,"salmeterol, formoterol, omalizumab",IL17A,PharmGKB_VA,VA,efficacy
rs10916852,gemcitabine,SH2D5,PharmGKB_VA,VA,efficacy
rs708272,rosuvastatin,CETP,PharmGKB_VA,VA,efficacy
rs1045642,atorvastatin,ABCB1,PharmGKB_VA,VA,efficacy
rs2306283,atorvastatin,SLCO1B1,PharmGKB_VA,VA,efficacy
rs4149056,repaglinide,SLCO1B1,PharmGKB_VA,VA,metabolism/pk
rs9923231,phenprocoumon,VKORC1,PharmGKB_VA,VA,"dosage, toxicity"
rs1142345,azathioprine,TPMT,PharmGKB_VA,VA,metabolism/pk
rs1127354,azathioprine,ITPA,PharmGKB_VA,VA,metabolism/pk
rs4149056,repaglinide,SLCO1B1,PharmGKB_VA,VA,metabolism/pk
rs2740574,buprenorphine,CYP3A4,PharmGKB_VA,VA,efficacy
rs5186,perindopril,AGTR1,PharmGKB_VA,VA,efficacy
rs5186,nitrendipine,AGTR1,PharmGKB_VA,VA,efficacy
rs1799971,hydromorphone,OPRM1,PharmGKB_VA,VA,pd
rs2071197,lamotrigine,HNF4A,PharmGKB_VA,VA,metabolism/pk
rs2231142,lamotrigine,ABCG2,PharmGKB_VA,VA,metabolism/pk
rs3114020,lamotrigine,ABCG2,PharmGKB_VA,VA,metabolism/pk
rs3828743,cyclosporine,TSPYL1,PharmGKB_VA,VA,metabolism/pk
rs7543016,gemcitabine,CMPK1,PharmGKB_VA,VA,efficacy
rs776746,tacrolimus,CYP3A5,PharmGKB_VA,VA,dosage
rs944050,gemcitabine,ESR2,PharmGKB_VA,VA,efficacy
rs1799978,risperidone,DRD2,PharmGKB_VA,VA,efficacy
rs2273697,irinotecan,ABCC2,PharmGKB_VA,VA,metabolism/pk
rs1799978,risperidone,DRD2,PharmGKB_VA,VA,other
rs717620,antiepileptics,ABCC2,PharmGKB_VA,VA,efficacy
rs4149056,glucose,SLCO1B1,PharmGKB_VA,VA,metabolism/pk
rs12777823,warfarin,,PharmGKB_VA,VA,dosage
rs2306283,methotrexate,SLCO1B1,PharmGKB_VA,VA,metabolism/pk
rs75527207,ivacaftor,CFTR,PharmGKB_VA,VA,efficacy
rs4149056,methotrexate,SLCO1B1,PharmGKB_VA,VA,metabolism/pk
rs4149056,conjugated estrogens,SLCO1B1,PharmGKB_VA,VA,efficacy
rs3212986,cisplatin,ERCC1,PharmGKB_VA,VA,efficacy
rs1045642,antipsychotics,ABCB1,PharmGKB_VA,VA,"dosage, metabolism/pk"
rs2032582,antipsychotics,ABCB1,PharmGKB_VA,VA,"dosage, metabolism/pk"
rs4244285,diazepam,CYP2C19,PharmGKB_VA,VA,efficacy
rs35599367,alprazolam,CYP3A4,PharmGKB_VA,VA,metabolism/pk
rs12248560,diazepam,CYP2C19,PharmGKB_VA,VA,efficacy
rs1057868,clozapine,POR,PharmGKB_VA,VA,metabolism/pk
rs8191725,salbutamol,IGF2R,PharmGKB_VA,VA,efficacy
rs77441273,salbutamol,SLC24A4,PharmGKB_VA,VA,efficacy
rs35599367,alprazolam,CYP3A4,PharmGKB_VA,VA,efficacy
rs16944,"lansoprazole, omeprazole, rabeprazole",IL1B,PharmGKB_VA,VA,efficacy
rs16944,"lansoprazole, omeprazole, rabeprazole",IL1B,PharmGKB_VA,VA,efficacy
rs2359612,warfarin,VKORC1,PharmGKB_VA,VA,dosage
rs776746,tacrolimus,CYP3A5,PharmGKB_VA,VA,metabolism/pk
rs11615,platinum compounds,ERCC1,PharmGKB_VA,VA,efficacy
rs243865,ulinastatin,MMP2,PharmGKB_VA,VA,efficacy
rs1128503,antipsychotics,ABCB1,PharmGKB_VA,VA,efficacy
rs3918242,ulinastatin,MMP9,PharmGKB_VA,VA,efficacy
rs35599367,tacrolimus,CYP3A4,PharmGKB_VA,VA,metabolism/pk
rs2276707,tacrolimus,NR1I2,PharmGKB_VA,VA,metabolism/pk
rs1045642,antipsychotics,ABCB1,PharmGKB_VA,VA,efficacy
rs10934498,irinotecan,NR1I2,PharmGKB_VA,VA,"toxicity, metabolism/pk"
rs1800896,tacrolimus,IL10,PharmGKB_VA,VA,dosage
rs324026,olanzapine,DRD3,PharmGKB_VA,VA,efficacy
rs6811453,"cytarabine, fludarabine, gemtuzumab ozogamicin, idarubicin",ADH1A,PharmGKB_VA,VA,efficacy
rs3775291,measles vaccines,TLR3,PharmGKB_VA,VA,efficacy
rs1826909,"cytarabine, fludarabine, gemtuzumab ozogamicin, idarubicin",ADH1A,PharmGKB_VA,VA,efficacy
rs2108622,warfarin,CYP4F2,PharmGKB_VA,VA,dosage
rs717620,tamoxifen,ABCC2,PharmGKB_VA,VA,efficacy
rs77149876,salbutamol,,PharmGKB_VA,VA,efficacy
rs1800629,"etanercept, infliximab, tumor necrosis factor alpha (tnf-alpha) inhibitors",TNF,PharmGKB_VA,VA,efficacy
rs3812718,carbamazepine,SCN1A,PharmGKB_VA,VA,dosage
rs77977790,salbutamol,PAPPA2,PharmGKB_VA,VA,efficacy
rs569356,norbuprenorphine,OPRD1,PharmGKB_VA,VA,metabolism/pk
rs2740574,tacrolimus,CYP3A4,PharmGKB_VA,VA,metabolism/pk
rs1042713,salmeterol,ADRB2,PharmGKB_VA,VA,efficacy
rs116551936,salbutamol,,PharmGKB_VA,VA,efficacy
rs115501901,salbutamol,NCOA3,PharmGKB_VA,VA,efficacy
rs74973995,salbutamol,,PharmGKB_VA,VA,efficacy
rs73294475,salbutamol,CRHR2,PharmGKB_VA,VA,efficacy
rs2740574,phenprocoumon,CYP3A4,PharmGKB_VA,VA,dosage
rs144315541,salbutamol,ADCY9,PharmGKB_VA,VA,efficacy
rs17570753,perphenazine,MCPH1,PharmGKB_VA,VA,efficacy
rs2116971,perphenazine,CDH13,PharmGKB_VA,VA,efficacy
rs9952628,perphenazine,SKOR2,PharmGKB_VA,VA,efficacy
rs12943590,metformin,SLC47A2,PharmGKB_VA,VA,"efficacy, metabolism/pk"
rs35793,quetiapine,KCNMA1,PharmGKB_VA,VA,efficacy
rs11100483,perphenazine,MAML3,PharmGKB_VA,VA,efficacy
rs7668258,valproic acid,UGT2B7,PharmGKB_VA,VA,metabolism/pk
rs11702779,methacholine,RUNX1,PharmGKB_VA,VA,other
rs874295,risperidone,LRP1B,PharmGKB_VA,VA,efficacy
rs11200638,bevacizumab,HTRA1,PharmGKB_VA,VA,efficacy
rs9713,risperidone,PSMD14,PharmGKB_VA,VA,efficacy
rs1869295,risperidone,AGAP1,PharmGKB_VA,VA,efficacy
rs10490924,bevacizumab,ARMS2,PharmGKB_VA,VA,efficacy
rs3816877,valproic acid,APEH,PharmGKB_VA,VA,metabolism/pk
rs1315115,risperidone,NPAS3,PharmGKB_VA,VA,efficacy
rs3738883,risperidone,TMEFF2,PharmGKB_VA,VA,efficacy
rs4810083,metformin,PCK1,PharmGKB_VA,VA,efficacy
rs4925300,ziprasidone,CDH4,PharmGKB_VA,VA,efficacy
rs1546519,ziprasidone,LYN,PharmGKB_VA,VA,efficacy
rs800292,bevacizumab,CFH,PharmGKB_VA,VA,efficacy
rs1799853,warfarin,CYP2C9,PharmGKB_VA,VA,dosage
rs9585618,ziprasidone,NALCN,PharmGKB_VA,VA,efficacy
rs17194378,ziprasidone,CNTN4,PharmGKB_VA,VA,efficacy
rs4680,opioids,COMT,PharmGKB_VA,VA,dosage
rs4148978,imatinib,SLCO1A2,PharmGKB_VA,VA,"toxicity, metabolism/pk"
rs4149117,imatinib,SLCO1B3,PharmGKB_VA,VA,"toxicity, metabolism/pk"
rs4961,hydrochlorothiazide,ADD1,PharmGKB_VA,VA,efficacy
rs2290228,warfarin,CALU,PharmGKB_VA,VA,dosage
rs12610827,olanzapine,,PharmGKB_VA,VA,efficacy
rs1799971,remifentanil,OPRM1,PharmGKB_VA,VA,dosage
rs676210,fenofibrate,APOB,PharmGKB_VA,VA,efficacy
rs11702779,methacholine,RUNX1,PharmGKB_VA,VA,other
rs1799889,"citalopram, fluoxetine",SERPINE1,PharmGKB_VA,VA,efficacy
rs1805087,methotrexate,MTR,PharmGKB_VA,VA,metabolism/pk
rs4713916,"citalopram, fluoxetine, mirtazapine, paroxetine, selective serotonin reuptake inhibitors, venlafaxine",FKBP5,PharmGKB_VA,VA,efficacy
rs17070785,olanzapine,CSMD1,PharmGKB_VA,VA,efficacy
rs2247408,olanzapine,PLAGL1,PharmGKB_VA,VA,efficacy
rs15524,sirolimus,CYP3A5,PharmGKB_VA,VA,metabolism/pk
rs3819811,olanzapine,PLAGL1,PharmGKB_VA,VA,efficacy
rs4646453,sirolimus,CYP3A5,PharmGKB_VA,VA,metabolism/pk
rs1799971,acetaminophen,OPRM1,PharmGKB_VA,VA,dosage
rs9934438,warfarin,VKORC1,PharmGKB_VA,VA,dosage
rs221253,olanzapine,PTPRN2,PharmGKB_VA,VA,efficacy
rs628031,imatinib,SLC22A1,PharmGKB_VA,VA,efficacy
rs1800566,warfarin,NQO1,PharmGKB_VA,VA,dosage
rs2278773,perphenazine,PRKCE,PharmGKB_VA,VA,efficacy
rs11774231,perphenazine,,PharmGKB_VA,VA,efficacy
rs4244285,clopidogrel,CYP2C19,PharmGKB_VA,VA,efficacy
rs2269879,hydrochlorothiazide,DOT1L,PharmGKB_VA,VA,efficacy
rs11042725,paroxetine,ADM,PharmGKB_VA,VA,efficacy
rs9934438,warfarin,VKORC1,PharmGKB_VA,VA,dosage
rs9373839,tildrakizumab,ATG5,PharmGKB_VA,VA,efficacy
rs708567,tildrakizumab,IL17RC,PharmGKB_VA,VA,efficacy
rs7124442,citalopram,BDNF,PharmGKB_VA,VA,efficacy
rs2032582,aripiprazole,ABCB1,PharmGKB_VA,VA,metabolism/pk
rs2740204,clozapine,OXT,PharmGKB_VA,VA,efficacy
rs9923231,warfarin,VKORC1,PharmGKB_VA,VA,dosage
rs35599367,diazepam,CYP3A4,PharmGKB_VA,VA,efficacy
rs1801133,methotrexate,MTHFR,PharmGKB_VA,VA,efficacy
rs408626,methotrexate,DHFR,PharmGKB_VA,VA,efficacy
rs10494366,repaglinide,NOS1AP,PharmGKB_VA,VA,"dosage, efficacy"
rs7103411,citalopram,BDNF,PharmGKB_VA,VA,efficacy
rs1045642,highly active antiretroviral therapy (haart),ABCB1,PharmGKB_VA,VA,efficacy
rs6265,citalopram,BDNF,PharmGKB_VA,VA,efficacy
rs212091,"lamivudine, lopinavir, ritonavir, zidovudine",ABCC1,PharmGKB_VA,VA,efficacy
rs6265,fluoxetine,BDNF,PharmGKB_VA,VA,efficacy
rs610604,tildrakizumab,TNFAIP3,PharmGKB_VA,VA,efficacy
rs4986893,clopidogrel,CYP2C19,PharmGKB_VA,VA,efficacy
rs11580409,antidepressants,ERICH3,PharmGKB_VA,VA,efficacy
rs12248560,clopidogrel,CYP2C19,PharmGKB_VA,VA,efficacy
rs1045642,aripiprazole,ABCB1,PharmGKB_VA,VA,metabolism/pk
rs77932196,ivacaftor,CFTR,PharmGKB_VA,VA,efficacy
rs6280,paroxetine,DRD3,PharmGKB_VA,VA,efficacy
rs4680,entacapone,COMT,PharmGKB_VA,VA,efficacy
rs1065852,clozapine,CYP2D6,PharmGKB_VA,VA,metabolism/pk
rs12979860,"peginterferon alfa-2a, peginterferon alfa-2b, ribavirin",IFNL3,PharmGKB_VA,VA,efficacy
rs60140950,telmisartan,SLCO1B3,PharmGKB_VA,VA,metabolism/pk
rs16947,clozapine,CYP2D6,PharmGKB_VA,VA,metabolism/pk
rs11887534,"atorvastatin, simvastatin",ABCG8,PharmGKB_VA,VA,efficacy
rs121909011,ivacaftor,CFTR,PharmGKB_VA,VA,efficacy
rs2290573,imatinib,ULK3,PharmGKB_VA,VA,efficacy
rs265976,clozapine,DRD1,PharmGKB_VA,VA,efficacy
rs75527207,ivacaftor,CFTR,PharmGKB_VA,VA,efficacy
rs4796793,interferons,STAT3,PharmGKB_VA,VA,efficacy
rs12422149,tamoxifen,SLCO2B1,PharmGKB_VA,VA,metabolism/pk
rs2359612,warfarin,VKORC1,PharmGKB_VA,VA,dosage
rs12979860,"peginterferon alfa-2a, peginterferon alfa-2b, ribavirin",IFNL3,PharmGKB_VA,VA,"dosage, efficacy"
rs8050894,warfarin,VKORC1,PharmGKB_VA,VA,dosage
rs3787430,risperidone,HRH3,PharmGKB_VA,VA,efficacy
rs12777823,warfarin,,PharmGKB_VA,VA,dosage
rs2884737,warfarin,VKORC1,PharmGKB_VA,VA,dosage
rs7294,warfarin,VKORC1,PharmGKB_VA,VA,dosage
rs3787429,risperidone,HRH3,PharmGKB_VA,VA,efficacy
rs4305746,aripiprazole,TAAR6,PharmGKB_VA,VA,efficacy
rs1800795,peginterferon alfa-2a,IL6,PharmGKB_VA,VA,efficacy
rs2231142,sulfasalazine,ABCG2,PharmGKB_VA,VA,metabolism/pk
rs1800796,peginterferon alfa-2a,IL6,PharmGKB_VA,VA,efficacy
rs1800797,peginterferon alfa-2a,IL6,PharmGKB_VA,VA,efficacy
rs2199936,rosuvastatin,ABCG2,PharmGKB_VA,VA,efficacy
rs1800169,iloperidone,CNTF,PharmGKB_VA,VA,efficacy
rs9934438,warfarin,VKORC1,PharmGKB_VA,VA,dosage
rs678849,disulfiram,OPRD1,PharmGKB_VA,VA,efficacy
rs1561876,erythropoietin,STIM1,PharmGKB_VA,VA,efficacy
rs3753380,latanoprost,PTGFR,PharmGKB_VA,VA,efficacy
rs699947,ranibizumab,VEGFA,PharmGKB_VA,VA,efficacy
rs17268282,furosemide,ABCC4,PharmGKB_VA,VA,efficacy
rs622342,metformin,SLC22A1,PharmGKB_VA,VA,efficacy
rs737866,morphine,COMT,PharmGKB_VA,VA,"dosage, efficacy"
rs2075507,morphine,COMT,PharmGKB_VA,VA,"dosage, efficacy"
rs2606345,antiepileptics,CYP1A1,PharmGKB_VA,VA,efficacy
rs5746849,morphine,COMT,PharmGKB_VA,VA,"dosage, efficacy"
rs7287550,morphine,COMT,PharmGKB_VA,VA,"dosage, efficacy"
rs6269,morphine,COMT,PharmGKB_VA,VA,"dosage, efficacy"
rs2740574,carbamazepine,CYP3A4,PharmGKB_VA,VA,metabolism/pk
rs740603,morphine,COMT,PharmGKB_VA,VA,"dosage, efficacy"
rs4793665,morphine,ABCC3,PharmGKB_VA,VA,metabolism/pk
rs1057868,tacrolimus,POR,PharmGKB_VA,VA,dosage
rs35742686,"n-desmethyltramadol, o-desmethyltramadol",CYP2D6,PharmGKB_VA,VA,metabolism/pk
rs35599367,"n-desmethyltramadol, tramadol",CYP3A4,PharmGKB_VA,VA,metabolism/pk
rs4244285,clopidogrel,CYP2C19,PharmGKB_VA,VA,efficacy
rs4986893,clopidogrel,CYP2C19,PharmGKB_VA,VA,efficacy
rs717620,clopidogrel,ABCC2,PharmGKB_VA,VA,efficacy
rs73208473,atazanavir,SORCS2,PharmGKB_VA,VA,metabolism/pk
rs9304742,tumor necrosis factor alpha (tnf-alpha) inhibitors,ZNF816,PharmGKB_VA,VA,efficacy
rs28365063,carbamazepine,UGT2B7,PharmGKB_VA,VA,metabolism/pk
rs3814055,carbamazepine,NR1I2,PharmGKB_VA,VA,metabolism/pk
rs2916205,tumor necrosis factor alpha (tnf-alpha) inhibitors,PGLYRP4,PharmGKB_VA,VA,efficacy
rs1801133,methotrexate,MTHFR,PharmGKB_VA,VA,metabolism/pk
rs1799853,"sulfonamides, urea derivatives",CYP2C9,PharmGKB_VA,VA,efficacy
rs5443,sumatriptan,GNB3,PharmGKB_VA,VA,efficacy
rs2546890,tumor necrosis factor alpha (tnf-alpha) inhibitors,IL12B,PharmGKB_VA,VA,efficacy
rs1135840,desethyl hydroxychloroquine,CYP2D6,PharmGKB_VA,VA,metabolism/pk
rs8065080,cannabinoids,TRPV1,PharmGKB_VA,VA,efficacy
rs7438135,cannabinoids,UGT2B7,PharmGKB_VA,VA,efficacy
rs11126740,tumor necrosis factor alpha (tnf-alpha) inhibitors,CTNNA2,PharmGKB_VA,VA,efficacy
rs2231142,imatinib,ABCG2,PharmGKB_VA,VA,"other, metabolism/pk"
rs1065852,desethyl hydroxychloroquine,CYP2D6,PharmGKB_VA,VA,metabolism/pk
rs5219,repaglinide,KCNJ11,PharmGKB_VA,VA,efficacy
rs1799971,tramadol,OPRM1,PharmGKB_VA,VA,efficacy
rs290487,repaglinide,TCF7L2,PharmGKB_VA,VA,efficacy
rs4680,morphine,COMT,PharmGKB_VA,VA,"dosage, efficacy"
rs1051740,carbamazepine,EPHX1,PharmGKB_VA,VA,metabolism/pk
rs4818,morphine,COMT,PharmGKB_VA,VA,"dosage, efficacy"
rs12320939,erythropoietin,ORAI1,PharmGKB_VA,VA,efficacy
rs1128503,carbamazepine,ABCB1,PharmGKB_VA,VA,metabolism/pk
rs2239393,morphine,COMT,PharmGKB_VA,VA,"dosage, efficacy"
rs116855232,mercaptopurine,NUDT15,PharmGKB_VA,VA,dosage
rs165728,morphine,ARVCF,PharmGKB_VA,VA,"dosage, efficacy"
rs4148740,carbamazepine,ABCB1,PharmGKB_VA,VA,metabolism/pk
rs4148739,carbamazepine,ABCB1,PharmGKB_VA,VA,metabolism/pk
rs174699,morphine,ARVCF,PharmGKB_VA,VA,"dosage, efficacy"
rs1799732,antipsychotics,DRD2,PharmGKB_VA,VA,efficacy
rs1532624,hmg-coa reductase inhibitors,CETP,PharmGKB_VA,VA,efficacy
rs6908425,tumor necrosis factor alpha (tnf-alpha) inhibitors,CDKAL1,PharmGKB_VA,VA,efficacy
rs2273697,carbamazepine,ABCC2,PharmGKB_VA,VA,metabolism/pk
rs533556,hmg-coa reductase inhibitors,SIK3,PharmGKB_VA,VA,efficacy
rs12191877,tumor necrosis factor alpha (tnf-alpha) inhibitors,HLA-C,PharmGKB_VA,VA,efficacy
rs7624046,ritodrine,KCNMB2,PharmGKB_VA,VA,efficacy
rs4148386,carbamazepine,ABCC2,PharmGKB_VA,VA,metabolism/pk
rs61742245,warfarin,VKORC1,PharmGKB_VA,VA,dosage
rs3740066,carbamazepine,ABCC2,PharmGKB_VA,VA,metabolism/pk
rs96844,tumor necrosis factor alpha (tnf-alpha) inhibitors,MAP3K1,PharmGKB_VA,VA,efficacy
rs9839376,ritodrine,KCNMB2,PharmGKB_VA,VA,efficacy
rs11676382,warfarin,GGCX,PharmGKB_VA,VA,dosage
rs7643645,carbamazepine,NR1I2,PharmGKB_VA,VA,metabolism/pk
rs2952768,morphine,METTL21A,PharmGKB_VA,VA,dosage
rs4688040,carbamazepine,NR1I2,PharmGKB_VA,VA,metabolism/pk
rs1045642,cannabinoids,ABCB1,PharmGKB_VA,VA,efficacy
rs1799971,morphine,OPRM1,PharmGKB_VA,VA,dosage
rs2461817,carbamazepine,NR1I2,PharmGKB_VA,VA,metabolism/pk
rs1801252,metoprolol,ADRB1,PharmGKB_VA,VA,efficacy
rs9923231,warfarin,VKORC1,PharmGKB_VA,VA,dosage
rs2884737,warfarin,VKORC1,PharmGKB_VA,VA,dosage
rs776746,tacrolimus,CYP3A5,PharmGKB_VA,VA,metabolism/pk
rs9934438,warfarin,VKORC1,PharmGKB_VA,VA,dosage
rs3732359,voriconazole,NR1I2,PharmGKB_VA,VA,metabolism/pk
rs153560,"citalopram, fluoxetine, paroxetine, sertraline",REEP5,PharmGKB_VA,VA,efficacy
rs8050894,warfarin,VKORC1,PharmGKB_VA,VA,dosage
rs153549,"citalopram, fluoxetine, paroxetine, sertraline",REEP5,PharmGKB_VA,VA,efficacy
rs1045642,atazanavir,ABCB1,PharmGKB_VA,VA,dosage
rs4149056,atazanavir,SLCO1B1,PharmGKB_VA,VA,dosage
rs3918290,fluorouracil,DPYD,PharmGKB_VA,VA,"other, metabolism/pk"
rs2472677,atazanavir,NR1I2,PharmGKB_VA,VA,dosage
rs61742245,warfarin,VKORC1,PharmGKB_VA,VA,dosage
rs9923231,warfarin,VKORC1,PharmGKB_VA,VA,dosage
rs9923231,acenocoumarol,VKORC1,PharmGKB_VA,VA,dosage
rs2227310,"docetaxel, gemcitabine, paclitaxel, platinum compounds, vinorelbine",CASP7,PharmGKB_VA,VA,efficacy
rs4353229,"docetaxel, gemcitabine, paclitaxel, platinum compounds, vinorelbine",CASP7,PharmGKB_VA,VA,efficacy
rs12415607,"docetaxel, gemcitabine, paclitaxel, platinum compounds, vinorelbine",CASP7,PharmGKB_VA,VA,efficacy
rs7921977,"docetaxel, gemcitabine, paclitaxel, platinum compounds, vinorelbine",CASP7,PharmGKB_VA,VA,efficacy
rs11240594,olanzapine,SLC26A9,PharmGKB_VA,VA,"dosage, efficacy"
rs11677416,olanzapine,IL1A,PharmGKB_VA,VA,"dosage, efficacy"
rs1057868,cyclosporine,POR,PharmGKB_VA,VA,metabolism/pk
rs1051740,carbamazepine,EPHX1,PharmGKB_VA,VA,"dosage, metabolism/pk"
rs10929302,fesoterodine,UGT1A1,PharmGKB_VA,VA,metabolism/pk
rs17584499,pioglitazone,PTPRD,PharmGKB_VA,VA,efficacy
rs9923231,"acenocoumarol, warfarin",VKORC1,PharmGKB_VA,VA,efficacy
rs1799971,ethanol,OPRM1,PharmGKB_VA,VA,toxicity
rs2058878,acamprosate,GRIN2B,PharmGKB_VA,VA,efficacy
rs6688363,olanzapine,ATP1A2,PharmGKB_VA,VA,efficacy
rs2740574,atorvastatin,CYP3A4,PharmGKB_VA,VA,metabolism/pk
rs8050896,risperidone,,PharmGKB_VA,VA,efficacy
rs2980976,risperidone,TNFRSF11A,PharmGKB_VA,VA,efficacy
rs2636697,risperidone,PPA2,PharmGKB_VA,VA,efficacy
rs1232027,methotrexate,,PharmGKB_VA,VA,efficacy
rs1799971,"fentanyl, hydromorphone, opioids, oxycodone, tramadol",OPRM1,PharmGKB_VA,VA,dosage
rs2636719,risperidone,PPA2,PharmGKB_VA,VA,efficacy
rs4402960,repaglinide,IGF2BP2,PharmGKB_VA,VA,"dosage, efficacy"
rs4680,rasagiline,COMT,PharmGKB_VA,VA,metabolism/pk
rs1470579,repaglinide,IGF2BP2,PharmGKB_VA,VA,"dosage, efficacy"
rs1801133,disulfiram,MTHFR,PharmGKB_VA,VA,efficacy
rs1801274,tumor necrosis factor alpha (tnf-alpha) inhibitors,FCGR2A,PharmGKB_VA,VA,efficacy
rs4646244,isoniazid,NAT2,PharmGKB_VA,VA,"toxicity, metabolism/pk"
rs11615,platinum compounds,ERCC1,PharmGKB_VA,VA,efficacy
rs1799930,isoniazid,NAT2,PharmGKB_VA,VA,"toxicity, metabolism/pk"
rs61747221,hydrochlorothiazide,BEST3,PharmGKB_VA,VA,efficacy
rs2070959,deferiprone,UGT1A6,PharmGKB_VA,VA,efficacy
rs396991,tumor necrosis factor alpha (tnf-alpha) inhibitors,FCGR3A,PharmGKB_VA,VA,efficacy
rs1048101,nifedipine,ADRA1A,PharmGKB_VA,VA,efficacy
rs2070959,deferiprone,UGT1A6,PharmGKB_VA,VA,efficacy
rs6759892,deferiprone,UGT1A6,PharmGKB_VA,VA,efficacy
rs1801282,pioglitazone,PPARG,PharmGKB_VA,VA,efficacy
rs4353229,"paclitaxel, platinum compounds",CASP7,PharmGKB_VA,VA,efficacy
rs1800629,opioids,TNF,PharmGKB_VA,VA,dosage
rs3812718,carbamazepine,SCN1A,PharmGKB_VA,VA,"dosage, metabolism/pk"
rs2227310,"paclitaxel, platinum compounds",CASP7,PharmGKB_VA,VA,efficacy
rs813676,risperidone,TJP1,PharmGKB_VA,VA,efficacy
rs1800797,opioids,IL6,PharmGKB_VA,VA,dosage
rs9934438,warfarin,VKORC1,PharmGKB_VA,VA,"dosage, efficacy"
rs734644,methylphenidate,ADGRL3,PharmGKB_VA,VA,efficacy
rs1127687,"paclitaxel, platinum compounds",CASP7,PharmGKB_VA,VA,efficacy
rs967676,"fluticasone propionate, montelukast",CA10,PharmGKB_VA,VA,efficacy
rs1051740,carbamazepine,EPHX1,PharmGKB_VA,VA,"dosage, metabolism/pk"
rs1051740,carbamazepine,EPHX1,PharmGKB_VA,VA,"dosage, metabolism/pk"
rs1127687,"gemcitabine, platinum compounds",CASP7,PharmGKB_VA,VA,efficacy
rs3740066,methotrexate,ABCC2,PharmGKB_VA,VA,metabolism/pk
rs1786929,"fluticasone propionate, montelukast",,PharmGKB_VA,VA,efficacy
rs2032582,tacrolimus,ABCB1,PharmGKB_VA,VA,metabolism/pk
rs3812718,carbamazepine,SCN1A,PharmGKB_VA,VA,"dosage, metabolism/pk"
rs2231142,rosuvastatin,ABCG2,PharmGKB_VA,VA,metabolism/pk
rs1355368,methylphenidate,ADGRL3,PharmGKB_VA,VA,efficacy
rs6813183,methylphenidate,ADGRL3,PharmGKB_VA,VA,efficacy
rs7395555,risperidone,,PharmGKB_VA,VA,efficacy
rs1061170,ranibizumab,CFH,PharmGKB_VA,VA,efficacy
rs10170310,olanzapine,SPOPL,PharmGKB_VA,VA,efficacy
rs17382202,quetiapine,PDE4D,PharmGKB_VA,VA,efficacy
rs9923231,acenocoumarol,VKORC1,PharmGKB_VA,VA,dosage
rs17742120,quetiapine,PDE4D,PharmGKB_VA,VA,efficacy
rs2164660,quetiapine,PDE4D,PharmGKB_VA,VA,efficacy
rs9923231,acenocoumarol,VKORC1,PharmGKB_VA,VA,dosage
rs5182,perindopril,AGTR1,PharmGKB_VA,VA,efficacy
rs711355,risperidone,TJP1,PharmGKB_VA,VA,efficacy
rs785423,risperidone,TJP1,PharmGKB_VA,VA,efficacy
rs3842,tenofovir alafenamide,ABCB1,PharmGKB_VA,VA,metabolism/pk
rs25531,clozapine,SLC6A4,PharmGKB_VA,VA,efficacy
rs1042597,raloxifene,UGT1A8,PharmGKB_VA,VA,efficacy
rs1059513,esomeprazole,STAT6,PharmGKB_VA,VA,efficacy
rs5758550,risperidone,WBP2NL,PharmGKB_VA,VA,metabolism/pk
rs12415607,"paclitaxel, platinum compounds",CASP7,PharmGKB_VA,VA,efficacy
rs1126535,adalimumab,CD40LG,PharmGKB_VA,VA,efficacy
rs11543791,raloxifene,ESR1,PharmGKB_VA,VA,efficacy
rs1277441,morphine,TAOK3,PharmGKB_VA,VA,"dosage, efficacy"
rs275651,perindopril,AGTR1,PharmGKB_VA,VA,efficacy
rs7959663,lithium,MYO1H,PharmGKB_VA,VA,efficacy
rs1801274,infliximab,FCGR2A,PharmGKB_VA,VA,efficacy
rs59724122,lithium,EPHX2,PharmGKB_VA,VA,efficacy
rs17080138,"losartan, losartan e-3174",FBXW12,PharmGKB_VA,VA,metabolism/pk
rs61123830,lithium,GRAMD1B,PharmGKB_VA,VA,efficacy
rs7294,warfarin,VKORC1,PharmGKB_VA,VA,dosage
rs66486766,lithium,,PharmGKB_VA,VA,efficacy
rs324899,lithium,,PharmGKB_VA,VA,efficacy
rs1611259,lithium,,PharmGKB_VA,VA,efficacy
rs6942227,lithium,,PharmGKB_VA,VA,efficacy
rs28371706,nevirapine,CYP2D6,PharmGKB_VA,VA,"dosage, metabolism/pk"
rs3745274,nevirapine,CYP2B6,PharmGKB_VA,VA,"dosage, metabolism/pk"
rs1801253,catecholamines,ADRB1,PharmGKB_VA,VA,dosage
rs429358,acenocoumarol,APOE,PharmGKB_VA,VA,dosage
rs79707182,"losartan, losartan e-3174",ZNF703,PharmGKB_VA,VA,metabolism/pk
rs12050217,perindopril,BDKRB1,PharmGKB_VA,VA,efficacy
rs11754288,"losartan, losartan e-3174",SLC17A4,PharmGKB_VA,VA,metabolism/pk
rs17708472,warfarin,VKORC1,PharmGKB_VA,VA,dosage
rs680244,drugs used in nicotine dependence,CHRNA5,PharmGKB_VA,VA,other
rs3787186,"adalimumab, etanercept, infliximab",NFATC2,PharmGKB_VA,VA,efficacy
rs16969968,drugs used in nicotine dependence,CHRNA3,PharmGKB_VA,VA,other
rs680244,drugs used in nicotine dependence,CHRNA5,PharmGKB_VA,VA,other
rs2231142,allopurinol,ABCG2,PharmGKB_VA,VA,efficacy
rs79403677,lithium,FAM177A1,PharmGKB_VA,VA,efficacy
rs2487032,clopidogrel,,PharmGKB_VA,VA,efficacy
rs1801253,metoprolol,ADRB1,PharmGKB_VA,VA,efficacy
rs9923231,warfarin,VKORC1,PharmGKB_VA,VA,dosage
rs1057910,warfarin,CYP2C9,PharmGKB_VA,VA,dosage
rs11591741,tumor necrosis factor alpha (tnf-alpha) inhibitors,CHUK,PharmGKB_VA,VA,efficacy
rs1799853,warfarin,CYP2C9,PharmGKB_VA,VA,dosage
rs1521470,lithium,ADCY1,PharmGKB_VA,VA,efficacy
rs9923231,warfarin,VKORC1,PharmGKB_VA,VA,dosage
rs2237892,repaglinide,KCNQ1,PharmGKB_VA,VA,efficacy
rs7588746,lithium,,PharmGKB_VA,VA,efficacy
rs6728642,lithium,FAM178B,PharmGKB_VA,VA,efficacy
rs2230345,beta blocking agents,GRK5,PharmGKB_VA,VA,efficacy
rs12436663,zileuton,PRORP,PharmGKB_VA,VA,efficacy
rs10509680,"losartan, losartan e-3174",CYP2C9,PharmGKB_VA,VA,metabolism/pk
rs62200793,lithium,ZNF804A,PharmGKB_VA,VA,efficacy
rs1611255,lithium,,PharmGKB_VA,VA,efficacy
rs209474,lithium,,PharmGKB_VA,VA,efficacy
rs2237895,repaglinide,KCNQ1,PharmGKB_VA,VA,efficacy
rs3919583,lithium,,PharmGKB_VA,VA,efficacy
rs1799782,platinum compounds,XRCC1,PharmGKB_VA,VA,efficacy
rs1800469,glatiramer acetate,TGFB1,PharmGKB_VA,VA,efficacy
rs3740066,antiepileptics,ABCC2,PharmGKB_VA,VA,efficacy
rs2231142,n-desmethyltamoxifen,ABCG2,PharmGKB_VA,VA,metabolism/pk
rs9923231,warfarin,VKORC1,PharmGKB_VA,VA,dosage
rs37973,glucocorticoids,GLCCI1,PharmGKB_VA,VA,efficacy
rs9934438,warfarin,VKORC1,PharmGKB_VA,VA,dosage
rs717620,antiepileptics,ABCC2,PharmGKB_VA,VA,efficacy
rs2246709,amlodipine,CYP3A4,PharmGKB_VA,VA,efficacy
rs2266780,teneligliptin,FMO3,PharmGKB_VA,VA,metabolism/pk
rs16969968,drugs used in nicotine dependence,CHRNA3,PharmGKB_VA,VA,other
rs4818,quetiapine,COMT,PharmGKB_VA,VA,efficacy
rs3758785,hydrochlorothiazide,GPR83,PharmGKB_VA,VA,efficacy
rs5993883,quetiapine,COMT,PharmGKB_VA,VA,efficacy
rs909530,teneligliptin,FMO3,PharmGKB_VA,VA,metabolism/pk
rs6166,menotropins,FSHR,PharmGKB_VA,VA,nan
rs6269,quetiapine,COMT,PharmGKB_VA,VA,efficacy
rs3758785,candesartan,GPR83,PharmGKB_VA,VA,efficacy
rs1800795,tacrolimus,IL6,PharmGKB_VA,VA,dosage
rs2266782,teneligliptin,FMO3,PharmGKB_VA,VA,metabolism/pk
rs2032582,paclitaxel,ABCB1,PharmGKB_VA,VA,metabolism/pk
rs7553527,hydrochlorothiazide,HSD3B1,PharmGKB_VA,VA,efficacy
rs177852,hydrochlorothiazide,TTC6,PharmGKB_VA,VA,efficacy
rs2242480,teneligliptin,CYP3A4,PharmGKB_VA,VA,metabolism/pk
rs1012335,glatiramer acetate,IFNAR1,PharmGKB_VA,VA,efficacy
rs12777823,"5-hydroxyomeprazole, omeprazole",,PharmGKB_VA,VA,metabolism/pk
rs2740574,atorvastatin,CYP3A4,PharmGKB_VA,VA,efficacy
rs75527207,ivacaftor,CFTR,PharmGKB_VA,VA,efficacy
rs368245720,6-hydroxy s-warfarin,,PharmGKB_VA,VA,metabolism/pk
rs776746,atorvastatin,CYP3A5,PharmGKB_VA,VA,efficacy
rs6265,"citalopram, escitalopram, fluoxetine, sertraline",BDNF,PharmGKB_VA,VA,efficacy
rs10433340,6-hydroxy s-warfarin,PARP14,PharmGKB_VA,VA,metabolism/pk
rs1801253,metoprolol,ADRB1,PharmGKB_VA,VA,efficacy
rs1042713,salbutamol,ADRB2,PharmGKB_VA,VA,pd
rs3003596,efavirenz,NR1I3,PharmGKB_VA,VA,metabolism/pk
rs12505410,imatinib,ABCG2,PharmGKB_VA,VA,efficacy
rs12505410,imatinib,ABCG2,PharmGKB_VA,VA,efficacy
rs4646,tamoxifen,CYP19A1,PharmGKB_VA,VA,efficacy
rs12979860,"peginterferon alfa-2a, ribavirin",IFNL3,PharmGKB_VA,VA,efficacy
rs558364281,"6-hydroxy r-warfarin, 6-hydroxy s-warfarin",GRID2,PharmGKB_VA,VA,metabolism/pk
rs13120400,imatinib,ABCG2,PharmGKB_VA,VA,efficacy
rs10841753,methotrexate,SLCO1B1,PharmGKB_VA,VA,metabolism/pk
rs2725252,imatinib,ABCG2,PharmGKB_VA,VA,efficacy
rs2238032,"lacidipine, nifedipine, nitrendipine",CACNA1C,PharmGKB_VA,VA,efficacy
rs2740574,lumefantrine,CYP3A4,PharmGKB_VA,VA,metabolism/pk
rs10042486,quetiapine,HTR1A,PharmGKB_VA,VA,metabolism/pk
rs6265,"amitriptyline, clomipramine, duloxetine, imipramine, milnacipran, venlafaxine",BDNF,PharmGKB_VA,VA,efficacy
rs1415744,"chlorpromazine, clozapine, haloperidol, olanzapine, quetiapine, risperidone, trifluoperazine",EPM2A,PharmGKB_VA,VA,efficacy
rs2239050,"amlodipine, felodipine",CACNA1C,PharmGKB_VA,VA,efficacy
rs41291550,warfarin,CYP2C18,PharmGKB_VA,VA,metabolism/pk
rs334558,"citalopram, fluoxetine",GSK3B,PharmGKB_VA,VA,efficacy
rs17376019,ethanol,SRPRB,PharmGKB_VA,VA,metabolism/pk
rs9332241,warfarin,CYP2C9,PharmGKB_VA,VA,metabolism/pk
rs671,ethanol,ALDH2,PharmGKB_VA,VA,metabolism/pk
rs1062613,clozapine,HTR3A,PharmGKB_VA,VA,efficacy
rs10264272,lumefantrine,CYP3A5,PharmGKB_VA,VA,metabolism/pk
rs776746,atorvastatin,CYP3A5,PharmGKB_VA,VA,metabolism/pk
rs4643,ethanol,PGM1,PharmGKB_VA,VA,metabolism/pk
rs7856096,warfarin,FPGS,PharmGKB_VA,VA,dosage
rs1229976,acetaldehyde,ADH1A,PharmGKB_VA,VA,metabolism/pk
rs7856096,warfarin,FPGS,PharmGKB_VA,VA,dosage
rs776746,lumefantrine,CYP3A5,PharmGKB_VA,VA,metabolism/pk
rs671,acetaldehyde,ALDH2,PharmGKB_VA,VA,metabolism/pk
rs396991,infliximab,FCGR3A,PharmGKB_VA,VA,efficacy
rs396991,cetuximab,FCGR3A,PharmGKB_VA,VA,efficacy
rs4643,acetaldehyde,PGM1,PharmGKB_VA,VA,metabolism/pk
rs1045642,verapamil,ABCB1,PharmGKB_VA,VA,metabolism/pk
rs1229984,acetaldehyde,ADH1B,PharmGKB_VA,VA,metabolism/pk
rs1799971,naltrexone,OPRM1,PharmGKB_VA,VA,efficacy
rs4762,"atenolol, irbesartan",AGT,PharmGKB_VA,VA,efficacy
rs2239128,"amlodipine, felodipine",CACNA1C,PharmGKB_VA,VA,efficacy
rs3918290,fluorouracil,DPYD,PharmGKB_VA,VA,"toxicity, metabolism/pk"
rs776746,sunitinib,CYP3A5,PharmGKB_VA,VA,dosage
rs61750900,n-desmethylclozapine,UGT2B10,PharmGKB_VA,VA,metabolism/pk
rs2740574,lumefantrine,CYP3A4,PharmGKB_VA,VA,efficacy
rs2254638,clopidogrel,N6AMT1,PharmGKB_VA,VA,efficacy
rs6759892,valproic acid,UGT1A6,PharmGKB_VA,VA,metabolism/pk
rs7858836,fentanyl,ASTN2,PharmGKB_VA,VA,dosage
rs1799998,"benazepril, imidapril",CYP11B2,PharmGKB_VA,VA,efficacy
rs958804,fentanyl,ASTN2,PharmGKB_VA,VA,dosage
rs1105879,valproic acid,UGT1A6,PharmGKB_VA,VA,metabolism/pk
rs2070959,valproic acid,UGT1A6,PharmGKB_VA,VA,metabolism/pk
rs35599367,tacrolimus,CYP3A4,PharmGKB_VA,VA,metabolism/pk
rs2032582,verapamil,ABCB1,PharmGKB_VA,VA,metabolism/pk
rs12979860,"peginterferon alfa-2a, peginterferon alfa-2b, ribavirin",IFNL3,PharmGKB_VA,VA,efficacy
rs12979860,"peginterferon alfa-2a, ribavirin",IFNL3,PharmGKB_VA,VA,efficacy
rs1800012,etidronic acid,COL1A1,PharmGKB_VA,VA,efficacy
rs13120400,voriconazole,ABCG2,PharmGKB_VA,VA,metabolism/pk
rs1045642,"morphine, nortriptyline",ABCB1,PharmGKB_VA,VA,efficacy
rs6295,risperidone,HTR1A,PharmGKB_VA,VA,metabolism/pk
rs4858478,duloxetine,,PharmGKB_VA,VA,efficacy
rs67376798,fluorouracil,DPYD,PharmGKB_VA,VA,"toxicity, metabolism/pk"
rs6759892,valproic acid,UGT1A6,PharmGKB_VA,VA,metabolism/pk
rs13093500,duloxetine,ZNF385D,PharmGKB_VA,VA,efficacy
rs6265,"escitalopram, fluoxetine, paroxetine, sertraline",BDNF,PharmGKB_VA,VA,efficacy
rs1051266,"folic acid, hydroxychloroquine, methotrexate, sulfasalazine",SLC19A1,PharmGKB_VA,VA,efficacy
rs4334661,duloxetine,ZNF385D,PharmGKB_VA,VA,efficacy
rs1805087,"folic acid, hydroxychloroquine, methotrexate, sulfasalazine",MTR,PharmGKB_VA,VA,efficacy
rs7625956,duloxetine,,PharmGKB_VA,VA,efficacy
rs4646453,tacrolimus,CYP3A5,PharmGKB_VA,VA,metabolism/pk
rs1042028,tamoxifen,SULT1A1,PharmGKB_VA,VA,efficacy
rs7616119,duloxetine,ZNF385D,PharmGKB_VA,VA,efficacy
rs1800888,terbutaline,ADRB2,PharmGKB_VA,VA,efficacy
rs2933304,duloxetine,,PharmGKB_VA,VA,efficacy
rs9923231,warfarin,VKORC1,PharmGKB_VA,VA,dosage
rs1051266,methotrexate,SLC19A1,PharmGKB_VA,VA,efficacy
rs4971678,duloxetine,NRXN1,PharmGKB_VA,VA,efficacy
rs12630569,duloxetine,ZNF385D,PharmGKB_VA,VA,efficacy
rs2108622,warfarin,CYP4F2,PharmGKB_VA,VA,dosage
rs699947,"bevacizumab, capecitabine, fluorouracil, irinotecan, leucovorin, oxaliplatin",VEGFA,PharmGKB_VA,VA,efficacy
rs1800562,erythropoietin,HFE,PharmGKB_VA,VA,"dosage, metabolism/pk"
rs6700741,duloxetine,,PharmGKB_VA,VA,efficacy
rs1042714,enalapril,ADRB2,PharmGKB_VA,VA,efficacy
rs1042714,"atenolol, enalapril",ADRB2,PharmGKB_VA,VA,efficacy
rs3025039,"bevacizumab, capecitabine, fluorouracil, irinotecan, leucovorin, oxaliplatin",VEGFA,PharmGKB_VA,VA,efficacy
rs1799945,erythropoietin,HFE,PharmGKB_VA,VA,"dosage, metabolism/pk"
rs6479008,duloxetine,TEX10,PharmGKB_VA,VA,efficacy
rs15524,tacrolimus,CYP3A5,PharmGKB_VA,VA,metabolism/pk
rs7035619,duloxetine,TEX10,PharmGKB_VA,VA,efficacy
rs10989064,duloxetine,TEX10,PharmGKB_VA,VA,efficacy
rs1045642,digoxin,ABCB1,PharmGKB_VA,VA,metabolism/pk
rs12595802,duloxetine,ATP10A,PharmGKB_VA,VA,efficacy
rs7472,duloxetine,TEX10,PharmGKB_VA,VA,efficacy
rs56229625,duloxetine,,PharmGKB_VA,VA,efficacy
rs2032582,digoxin,ABCB1,PharmGKB_VA,VA,metabolism/pk
rs61692318,duloxetine,,PharmGKB_VA,VA,efficacy
rs62319299,duloxetine,,PharmGKB_VA,VA,efficacy
rs776746,tacrolimus,CYP3A5,PharmGKB_VA,VA,metabolism/pk
rs10124893,duloxetine,TEX10,PharmGKB_VA,VA,efficacy
rs10123866,duloxetine,INVS,PharmGKB_VA,VA,efficacy
rs1045642,"abemaciclib, palbociclib, ribociclib",ABCB1,PharmGKB_VA,VA,"dosage, toxicity"
rs776746,amlodipine,CYP3A5,PharmGKB_VA,VA,metabolism/pk
rs10007051,duloxetine,,PharmGKB_VA,VA,efficacy
rs75527207,ivacaftor,CFTR,PharmGKB_VA,VA,efficacy
rs9879065,duloxetine,ZNF385D,PharmGKB_VA,VA,efficacy
rs55881666,duloxetine,,PharmGKB_VA,VA,efficacy
rs2097432,infliximab,,PharmGKB_VA,VA,efficacy
rs4918758,valproic acid,CYP2C9,PharmGKB_VA,VA,metabolism/pk
rs11933890,duloxetine,,PharmGKB_VA,VA,efficacy
rs4244285,valproic acid,CYP2C19,PharmGKB_VA,VA,metabolism/pk
rs9310658,duloxetine,ZNF385D,PharmGKB_VA,VA,efficacy
rs7653345,duloxetine,ZNF385D,PharmGKB_VA,VA,efficacy
rs1731017,valproic acid,ABAT,PharmGKB_VA,VA,metabolism/pk
rs9310657,duloxetine,ZNF385D,PharmGKB_VA,VA,efficacy
rs9824595,duloxetine,ZNF385D,PharmGKB_VA,VA,efficacy
rs9873889,duloxetine,ZNF385D,PharmGKB_VA,VA,efficacy
rs9819548,duloxetine,ZNF385D,PharmGKB_VA,VA,efficacy
rs1799853,warfarin,CYP2C9,PharmGKB_VA,VA,dosage
rs532545,capecitabine,CDA,PharmGKB_VA,VA,efficacy
rs8099917,"peginterferon alfa-2a, peginterferon alfa-2b, ribavirin",IFNL3,PharmGKB_VA,VA,efficacy
rs9923231,warfarin,VKORC1,PharmGKB_VA,VA,dosage
rs1799983,hydralazine,NOS3,PharmGKB_VA,VA,efficacy
rs1799983,isosorbide dinitrate,NOS3,PharmGKB_VA,VA,efficacy
rs56165452,warfarin,CYP2C9,PharmGKB_VA,VA,dosage
rs1045642,tacrolimus,ABCB1,PharmGKB_VA,VA,metabolism/pk
rs8099917,"peginterferon alfa-2a, peginterferon alfa-2b, ribavirin",IFNL3,PharmGKB_VA,VA,efficacy
rs1057910,warfarin,CYP2C9,PharmGKB_VA,VA,dosage
rs8099917,"peginterferon alfa-2b, ribavirin",IFNL3,PharmGKB_VA,VA,efficacy
rs1130864,adalimumab,CRP,PharmGKB_VA,VA,efficacy
rs472660,olanzapine,CYP3A43,PharmGKB_VA,VA,"dosage, efficacy, toxicity, metabolism/pk"
rs2371108,glatiramer acetate,EOMES,PharmGKB_VA,VA,efficacy
rs4148323,carvedilol,UGT1A1,PharmGKB_VA,VA,metabolism/pk
rs1045642,etoposide,ABCB1,PharmGKB_VA,VA,metabolism/pk
rs9373839,adalimumab,ATG5,PharmGKB_VA,VA,efficacy
rs56355515,duloxetine,MIEF2,PharmGKB_VA,VA,efficacy
rs12603700,duloxetine,MIEF2,PharmGKB_VA,VA,efficacy
rs510432,adalimumab,ATG5,PharmGKB_VA,VA,efficacy
rs1045642,tacrolimus,ABCB1,PharmGKB_VA,VA,metabolism/pk
rs3889402,duloxetine,MIEF2,PharmGKB_VA,VA,efficacy
rs55754655,azathioprine,AOX1,PharmGKB_VA,VA,efficacy
rs55754655,azathioprine,AOX1,PharmGKB_VA,VA,dosage
rs1799998,hydralazine,CYP11B2,PharmGKB_VA,VA,efficacy
rs1799998,isosorbide dinitrate,CYP11B2,PharmGKB_VA,VA,efficacy
rs58042962,duloxetine,,PharmGKB_VA,VA,efficacy
rs2740574,tacrolimus,CYP3A4,PharmGKB_VA,VA,dosage
rs10771997,duloxetine,,PharmGKB_VA,VA,efficacy
rs320,fenofibrate,LPL,PharmGKB_VA,VA,efficacy
rs3124955,duloxetine,FCN2,PharmGKB_VA,VA,efficacy
rs9923231,warfarin,VKORC1,PharmGKB_VA,VA,dosage
rs2727786,fenofibrate,APOA1,PharmGKB_VA,VA,efficacy
rs3128624,duloxetine,FCN2,PharmGKB_VA,VA,efficacy
rs7306991,duloxetine,,PharmGKB_VA,VA,efficacy
rs6498169,glatiramer acetate,CLEC16A,PharmGKB_VA,VA,efficacy
rs2740574,tacrolimus,CYP3A4,PharmGKB_VA,VA,metabolism/pk
rs1045642,digoxin,ABCB1,PharmGKB_VA,VA,metabolism/pk
rs10771999,duloxetine,,PharmGKB_VA,VA,efficacy
rs10771998,duloxetine,,PharmGKB_VA,VA,efficacy
rs12657120,duloxetine,SKIC3,PharmGKB_VA,VA,efficacy
rs61734410,ethosuximide,CACNA1H,PharmGKB_VA,VA,efficacy
rs4639250,duloxetine,SKIC3,PharmGKB_VA,VA,efficacy
rs4437856,duloxetine,,PharmGKB_VA,VA,efficacy
rs3747178,ethosuximide,CACNA1I,PharmGKB_VA,VA,efficacy
rs9369266,duloxetine,TREML4,PharmGKB_VA,VA,efficacy
rs594445,azathioprine,MOCOS,PharmGKB_VA,VA,dosage
rs13204353,duloxetine,TREML4,PharmGKB_VA,VA,efficacy
rs2032582,lamotrigine,ABCB1,PharmGKB_VA,VA,efficacy
rs12885713,cyclosporine,CALM1,PharmGKB_VA,VA,efficacy
rs699,irbesartan,AGT,PharmGKB_VA,VA,efficacy
rs2419128,duloxetine,,PharmGKB_VA,VA,efficacy
rs1051266,methotrexate,SLC19A1,PharmGKB_VA,VA,efficacy
rs12502866,duloxetine,,PharmGKB_VA,VA,efficacy
rs3758149,methotrexate,GGH,PharmGKB_VA,VA,efficacy
rs12094644,duloxetine,,PharmGKB_VA,VA,efficacy
rs2072671,capecitabine,CDA,PharmGKB_VA,VA,efficacy
rs2753326,lamotrigine,CACNA1H,PharmGKB_VA,VA,efficacy
rs4728709,rivaroxaban,ABCB1,PharmGKB_VA,VA,metabolism/pk
rs1800545,atenolol,ADRA2A,PharmGKB_VA,VA,efficacy
rs3745274,efavirenz,CYP2B6,PharmGKB_VA,VA,metabolism/pk
rs2874116,cyclosporine,,PharmGKB_VA,VA,efficacy
rs1801701,irbesartan,APOB,PharmGKB_VA,VA,efficacy
rs4148738,rivaroxaban,ABCB1,PharmGKB_VA,VA,metabolism/pk
rs28399499,efavirenz,CYP2B6,PharmGKB_VA,VA,metabolism/pk
rs183701923,mephenytoin,CYP2C19,PharmGKB_VA,VA,metabolism/pk
rs140278421,mephenytoin,CYP2C19,PharmGKB_VA,VA,metabolism/pk
rs4803419,efavirenz,CYP2B6,PharmGKB_VA,VA,metabolism/pk
rs1799732,chlorpromazine,DRD2,PharmGKB_VA,VA,efficacy
rs17602729,methotrexate,AMPD1,PharmGKB_VA,VA,efficacy
rs7079,benazepril,AGT,PharmGKB_VA,VA,efficacy
rs3745274,efavirenz,CYP2B6,PharmGKB_VA,VA,metabolism/pk
rs1045642,omeprazole,ABCB1,PharmGKB_VA,VA,metabolism/pk
rs1799971,opioids,OPRM1,PharmGKB_VA,VA,"dosage, efficacy"
rs4244285,nelfinavir,CYP2C19,PharmGKB_VA,VA,metabolism/pk
rs771237265,tolbutamide,CYP2C9,PharmGKB_VA,VA,metabolism/pk
rs1051266,methotrexate,SLC19A1,PharmGKB_VA,VA,efficacy
rs762081829,tolbutamide,CYP2C9,PharmGKB_VA,VA,metabolism/pk
rs628031,metformin,SLC22A1,PharmGKB_VA,VA,efficacy
rs145119820,mephenytoin,CYP2C19,PharmGKB_VA,VA,metabolism/pk
rs761895497,tolbutamide,CYP2C9,PharmGKB_VA,VA,metabolism/pk
rs510317,warfarin,F7,PharmGKB_VA,VA,dosage
rs6295,fluoxetine,HTR1A,PharmGKB_VA,VA,efficacy
rs61311738,mephenytoin,CYP2C19,PharmGKB_VA,VA,metabolism/pk
rs7903146,"sulfonamides, urea derivatives",TCF7L2,PharmGKB_VA,VA,efficacy
rs4762,benazepril,AGT,PharmGKB_VA,VA,efficacy
rs1045642,digoxin,ABCB1,PharmGKB_VA,VA,metabolism/pk
rs699,benazepril,AGT,PharmGKB_VA,VA,efficacy
rs1695,"fluorouracil, oxaliplatin",GSTP1,PharmGKB_VA,VA,efficacy
rs2108622,acenocoumarol,CYP4F2,PharmGKB_VA,VA,dosage
rs7079,benazepril,AGT,PharmGKB_VA,VA,efficacy
rs1799853,warfarin,CYP2C9,PharmGKB_VA,VA,dosage
rs3135506,fenofibrate,APOA5,PharmGKB_VA,VA,efficacy
rs11716445,"pravastatin, simvastatin",RHOA,PharmGKB_VA,VA,efficacy
rs35303484,efavirenz,CYP2B6,PharmGKB_VA,VA,metabolism/pk
rs2108622,warfarin,CYP4F2,PharmGKB_VA,VA,dosage
rs585719,citalopram,,PharmGKB_VA,VA,efficacy
rs11676382,warfarin,GGCX,PharmGKB_VA,VA,dosage
rs9923231,warfarin,VKORC1,PharmGKB_VA,VA,dosage
rs9923231,acenocoumarol,VKORC1,PharmGKB_VA,VA,dosage
rs12777823,warfarin,,PharmGKB_VA,VA,metabolism/pk
rs7900194,warfarin,CYP2C9,PharmGKB_VA,VA,metabolism/pk
rs6413432,isoniazid,CYP2E1,PharmGKB_VA,VA,metabolism/pk
rs4803419,efavirenz,CYP2B6,PharmGKB_VA,VA,metabolism/pk
rs9934438,warfarin,VKORC1,PharmGKB_VA,VA,dosage
rs1057910,warfarin,CYP2C9,PharmGKB_VA,VA,dosage
rs2645400,warfarin,GATA4,PharmGKB_VA,VA,dosage
rs28371685,warfarin,CYP2C9,PharmGKB_VA,VA,metabolism/pk
rs4841588,warfarin,GATA4,PharmGKB_VA,VA,dosage
rs7662029,mycophenolic acid acyl glucuronide,UGT2B7,PharmGKB_VA,VA,metabolism/pk
rs7439366,buprenorphine,UGT2B7,PharmGKB_VA,VA,metabolism/pk
rs4149056,methotrexate,SLCO1B1,PharmGKB_VA,VA,efficacy
rs7439366,mycophenolic acid acyl glucuronide,UGT2B7,PharmGKB_VA,VA,metabolism/pk
rs2838958,methotrexate,SLC19A1,PharmGKB_VA,VA,efficacy
rs1057910,warfarin,CYP2C9,PharmGKB_VA,VA,"dosage, metabolism/pk"
rs1570360,sildenafil,VEGFA,PharmGKB_VA,VA,efficacy
rs9923231,warfarin,VKORC1,PharmGKB_VA,VA,dosage
rs699947,sildenafil,VEGFA,PharmGKB_VA,VA,efficacy
rs2108622,warfarin,CYP4F2,PharmGKB_VA,VA,metabolism/pk
rs2106809,captopril,ACE2,PharmGKB_VA,VA,efficacy
rs1801274,"cyclophosphamide, doxorubicin, paclitaxel, trastuzumab",FCGR2A,PharmGKB_VA,VA,efficacy
rs396991,trastuzumab,FCGR3A,PharmGKB_VA,VA,efficacy
rs7662029,buprenorphine,UGT2B7,PharmGKB_VA,VA,metabolism/pk
rs2274567,eculizumab,CR1,PharmGKB_VA,VA,efficacy
rs2011425,mirabegron,UGT1A4,PharmGKB_VA,VA,metabolism/pk
rs2740574,tacrolimus,CYP3A4,PharmGKB_VA,VA,metabolism/pk
rs4148323,mycophenolic acid,UGT1A1,PharmGKB_VA,VA,metabolism/pk
rs2008584,mirabegron,UGT1A3,PharmGKB_VA,VA,metabolism/pk
rs1059751,tenofovir,ABCC4,PharmGKB_VA,VA,metabolism/pk
rs12708954,mirabegron,SLC6A2,PharmGKB_VA,VA,metabolism/pk
rs9923231,warfarin,VKORC1,PharmGKB_VA,VA,dosage
rs9923231,phenprocoumon,VKORC1,PharmGKB_VA,VA,dosage
rs686,clozapine,DRD1,PharmGKB_VA,VA,efficacy
rs7438135,mycophenolic acid acyl glucuronide,UGT2B7,PharmGKB_VA,VA,metabolism/pk
rs1057910,fluvastatin,CYP2C9,PharmGKB_VA,VA,metabolism/pk
rs1051266,mirabegron,SLC19A1,PharmGKB_VA,VA,metabolism/pk
rs6280,clozapine,DRD3,PharmGKB_VA,VA,efficacy
rs12199316,mercaptopurine,TPMT,PharmGKB_VA,VA,dosage
rs56324128,ticagrelor,CYP3A4,PharmGKB_VA,VA,metabolism/pk
rs5186,candesartan,AGTR1,PharmGKB_VA,VA,efficacy
rs5186,irbesartan,AGTR1,PharmGKB_VA,VA,efficacy
rs2256871,warfarin,CYP2C9,PharmGKB_VA,VA,metabolism/pk
rs776746,"docetaxel, paclitaxel",CYP3A5,PharmGKB_VA,VA,efficacy
rs2472297,caffeine,CYP1A1,PharmGKB_VA,VA,metabolism/pk
rs1801159,"capecitabine, fluorouracil, tegafur",DPYD,PharmGKB_VA,VA,efficacy
rs1801159,gimeracil,DPYD,PharmGKB_VA,VA,efficacy
rs1801159,oteracil,DPYD,PharmGKB_VA,VA,efficacy
rs5186,candesartan,AGTR1,PharmGKB_VA,VA,efficacy
rs113681054,ticagrelor,SLCO1B1,PharmGKB_VA,VA,metabolism/pk
rs4149056,ticagrelor,SLCO1B1,PharmGKB_VA,VA,metabolism/pk
rs760370,"gemcitabine, paclitaxel",SLC29A1,PharmGKB_VA,VA,efficacy
rs6265,"citalopram, escitalopram, fluoxetine, fluvoxamine, paroxetine, sertraline",BDNF,PharmGKB_VA,VA,efficacy
rs11188082,warfarin,CYP2C19,PharmGKB_VA,VA,metabolism/pk
rs71647871,methylphenidate,CES1,PharmGKB_VA,VA,"dosage, metabolism/pk"
rs61361928,ticagrelor,UGT2B7,PharmGKB_VA,VA,metabolism/pk
rs6295,quetiapine,HTR1A,PharmGKB_VA,VA,metabolism/pk
rs62471956,ticagrelor,CYP3A43,PharmGKB_VA,VA,metabolism/pk
rs9923231,"acenocoumarol, warfarin",VKORC1,PharmGKB_VA,VA,dosage
rs1570360,docetaxel,VEGFA,PharmGKB_VA,VA,efficacy
rs1137101,simvastatin,LEPR,PharmGKB_VA,VA,efficacy
rs2231142,lamotrigine,ABCG2,PharmGKB_VA,VA,metabolism/pk
rs1042028,acetaminophen,SULT1A1,PharmGKB_VA,VA,efficacy
rs2069762,opioids,IL2,PharmGKB_VA,VA,dosage
rs6265,opioids,BDNF,PharmGKB_VA,VA,dosage
rs2108622,"acenocoumarol, warfarin",CYP4F2,PharmGKB_VA,VA,dosage
rs4646437,voriconazole,CYP3A4,PharmGKB_VA,VA,metabolism/pk
rs1800795,opioids,IL6,PharmGKB_VA,VA,dosage
rs1143634,opioids,IL1B,PharmGKB_VA,VA,efficacy
rs4238001,fenofibrate,SCARB1,PharmGKB_VA,VA,efficacy
rs4149170,tenofovir,SLC22A6,PharmGKB_VA,VA,metabolism/pk
rs3745274,nevirapine,CYP2B6,PharmGKB_VA,VA,metabolism/pk
rs678849,opioids,OPRD1,PharmGKB_VA,VA,efficacy
rs1057910,"acenocoumarol, warfarin",CYP2C9,PharmGKB_VA,VA,dosage
rs699,irbesartan,AGT,PharmGKB_VA,VA,efficacy
rs56061981,"peginterferon alfa-2a, peginterferon alfa-2b",CXCL10,PharmGKB_VA,VA,efficacy
rs2032582,atorvastatin,ABCB1,PharmGKB_VA,VA,efficacy
rs2032582,atorvastatin,ABCB1,PharmGKB_VA,VA,efficacy
rs113993959,ataluren,CFTR,PharmGKB_VA,VA,efficacy
rs2306283,simvastatin,SLCO1B1,PharmGKB_VA,VA,efficacy
rs12979860,"peginterferon alfa-2a, peginterferon alfa-2b, ribavirin",IFNL3,PharmGKB_VA,VA,efficacy
rs75039782,ataluren,CFTR,PharmGKB_VA,VA,efficacy
rs77010898,ataluren,CFTR,PharmGKB_VA,VA,efficacy
rs1052555,platinum compounds,ERCC2,PharmGKB_VA,VA,efficacy
rs3135506,fenofibrate,APOA5,PharmGKB_VA,VA,efficacy
rs13266634,"insulin recombinant, zinc acetate",SLC30A8,PharmGKB_VA,VA,efficacy
rs5326,methylphenidate,DRD1,PharmGKB_VA,VA,efficacy
rs12208357,metformin,SLC22A1,PharmGKB_VA,VA,metabolism/pk
rs776746,tacrolimus,CYP3A5,PharmGKB_VA,VA,metabolism/pk
rs1045642,fentanyl,ABCB1,PharmGKB_VA,VA,"dosage, efficacy"
rs2372536,"folic acid, methotrexate",ATIC,PharmGKB_VA,VA,efficacy
rs2853209,"corticosteroids, selective beta-2-adrenoreceptor agonists",ADAM33,PharmGKB_VA,VA,efficacy
rs9923231,warfarin,VKORC1,PharmGKB_VA,VA,dosage
rs17026688,lithium,GADL1,PharmGKB_VA,VA,efficacy
rs1057868,tacrolimus,POR,PharmGKB_VA,VA,metabolism/pk
rs1127354,"folic acid, methotrexate",ITPA,PharmGKB_VA,VA,efficacy
rs4673993,methotrexate,ATIC,PharmGKB_VA,VA,efficacy
rs9923231,warfarin,VKORC1,PharmGKB_VA,VA,"dosage, metabolism/pk"
rs12714145,warfarin,GGCX,PharmGKB_VA,VA,dosage
rs1057910,warfarin,CYP2C9,PharmGKB_VA,VA,dosage
rs244076,methotrexate,ADA,PharmGKB_VA,VA,efficacy
rs5751876,methotrexate,ADORA2A,PharmGKB_VA,VA,efficacy
rs17602729,"folic acid, methotrexate",AMPD1,PharmGKB_VA,VA,efficacy
rs9923231,warfarin,VKORC1,PharmGKB_VA,VA,dosage
rs396991,rituximab,FCGR3A,PharmGKB_VA,VA,efficacy
rs9934438,warfarin,VKORC1,PharmGKB_VA,VA,dosage
rs2293347,fluorouracil,EGFR,PharmGKB_VA,VA,efficacy
rs1799853,warfarin,CYP2C9,PharmGKB_VA,VA,dosage
rs12082710,antidepressants,TGFBR3,PharmGKB_VA,VA,efficacy
rs7294,warfarin,VKORC1,PharmGKB_VA,VA,dosage
rs1051266,methotrexate,SLC19A1,PharmGKB_VA,VA,efficacy
rs2231142,allopurinol,ABCG2,PharmGKB_VA,VA,dosage
rs2884737,warfarin,VKORC1,PharmGKB_VA,VA,dosage
rs2359612,warfarin,VKORC1,PharmGKB_VA,VA,dosage
rs1803155,rifampin,AADAC,PharmGKB_VA,VA,metabolism/pk
rs1077858,abiraterone,SLCO2B1,PharmGKB_VA,VA,metabolism/pk
rs9996584,"cetuximab, panitumumab",AREG,PharmGKB_VA,VA,efficacy
rs1353295,"cetuximab, panitumumab",AREG,PharmGKB_VA,VA,efficacy
rs1801133,methotrexate,MTHFR,PharmGKB_VA,VA,metabolism/pk
rs3842,rifampin,ABCB1,PharmGKB_VA,VA,metabolism/pk
rs1045642,methotrexate,ABCB1,PharmGKB_VA,VA,metabolism/pk
rs1718125,fentanyl,P2RX7,PharmGKB_VA,VA,dosage
rs7563206,methotrexate,ATIC,PharmGKB_VA,VA,efficacy
rs4867798,methylphenidate,DRD1,PharmGKB_VA,VA,efficacy
rs6280,methylphenidate,DRD3,PharmGKB_VA,VA,efficacy
rs11246226,methylphenidate,DRD4,PharmGKB_VA,VA,efficacy
rs25487,platinum compounds,XRCC1,PharmGKB_VA,VA,efficacy
rs1800544,methylphenidate,ADRA2A,PharmGKB_VA,VA,efficacy
rs4680,methylphenidate,COMT,PharmGKB_VA,VA,efficacy
rs10841753,estrone,SLCO1B1,PharmGKB_VA,VA,efficacy
rs62205366,dobutamine,GNAS,PharmGKB_VA,VA,efficacy
rs10841753,estrone,SLCO1B1,PharmGKB_VA,VA,metabolism/pk
rs12714145,warfarin,GGCX,PharmGKB_VA,VA,dosage
rs3745274,nevirapine,CYP2B6,PharmGKB_VA,VA,metabolism/pk
rs13104811,"cetuximab, panitumumab",AREG,PharmGKB_VA,VA,efficacy
rs11942466,"cetuximab, panitumumab",AREG,PharmGKB_VA,VA,efficacy
rs28364032,antidepressants,CRHR1,PharmGKB_VA,VA,efficacy
rs4148324,topiramate,UGT1A1,PharmGKB_VA,VA,metabolism/pk
rs1057868,cyclosporine,POR,PharmGKB_VA,VA,metabolism/pk
rs760370,"peginterferon alfa-2a, peginterferon alfa-2b, ribavirin",SLC29A1,PharmGKB_VA,VA,efficacy
rs1801133,methotrexate,MTHFR,PharmGKB_VA,VA,metabolism/pk
rs12979860,"peginterferon alfa-2a, peginterferon alfa-2b, ribavirin",IFNL3,PharmGKB_VA,VA,efficacy
rs760370,"tipiracil , trifluridine",SLC29A1,PharmGKB_VA,VA,efficacy
rs2018417,ethanol,ADH1B,PharmGKB_VA,VA,"toxicity, metabolism/pk"
rs17033,ethanol,ADH1B,PharmGKB_VA,VA,"toxicity, metabolism/pk"
rs1229985,ethanol,ADH1B,PharmGKB_VA,VA,"toxicity, metabolism/pk"
rs4253728,phenprocoumon,PPARA,PharmGKB_VA,VA,dosage
rs931635,ethanol,ADH1A,PharmGKB_VA,VA,"toxicity, metabolism/pk"
rs776746,tacrolimus,CYP3A5,PharmGKB_VA,VA,metabolism/pk
rs2070995,methadone,KCNJ6,PharmGKB_VA,VA,nan
rs283416,ethanol,ADH1C,PharmGKB_VA,VA,"toxicity, metabolism/pk"
rs1801282,rosiglitazone,PPARG,PharmGKB_VA,VA,efficacy
rs283411,ethanol,ADH1C,PharmGKB_VA,VA,"toxicity, metabolism/pk"
rs1662060,ethanol,ADH1C,PharmGKB_VA,VA,"toxicity, metabolism/pk"
rs237025,tacrolimus,SUMO4,PharmGKB_VA,VA,metabolism/pk
rs17878544,acenocoumarol,VKORC1,PharmGKB_VA,VA,dosage
rs10455872,hmg-coa reductase inhibitors,LPA,PharmGKB_VA,VA,efficacy
rs7200749,acenocoumarol,VKORC1,PharmGKB_VA,VA,dosage
rs2231142,hmg-coa reductase inhibitors,ABCG2,PharmGKB_VA,VA,efficacy
rs61742245,acenocoumarol,VKORC1,PharmGKB_VA,VA,dosage
rs7200749,warfarin,VKORC1,PharmGKB_VA,VA,dosage
rs9923231,acenocoumarol,VKORC1,PharmGKB_VA,VA,dosage
rs7294,warfarin,VKORC1,PharmGKB_VA,VA,dosage
rs520210,citalopram,NEDD4L,PharmGKB_VA,VA,efficacy
rs4149056,atorvastatin,SLCO1B1,PharmGKB_VA,VA,metabolism/pk
rs2075650,hmg-coa reductase inhibitors,TOMM40,PharmGKB_VA,VA,efficacy
rs55894764,acenocoumarol,VKORC1,PharmGKB_VA,VA,dosage
rs28898617,valproic acid,UGT1A10,PharmGKB_VA,VA,metabolism/pk
rs78655421,ivacaftor,CFTR,PharmGKB_VA,VA,efficacy
rs17685420,methylphenidate,PEBP4,PharmGKB_VA,VA,efficacy
rs1128503,aripiprazole,ABCB1,PharmGKB_VA,VA,metabolism/pk
rs9923231,warfarin,VKORC1,PharmGKB_VA,VA,dosage
rs2230433,verapamil,ITGAL,PharmGKB_VA,VA,efficacy
rs4149056,atorvastatin,SLCO1B1,PharmGKB_VA,VA,metabolism/pk
rs34231037,pazopanib,KDR,PharmGKB_VA,VA,efficacy
rs12979860,"peginterferon alfa-2a, peginterferon alfa-2b, ribavirin",IFNL3,PharmGKB_VA,VA,efficacy
rs1154461,ethanol,ADH7,PharmGKB_VA,VA,"toxicity, metabolism/pk"
rs1805015,hepatitis vaccines,IL4R,PharmGKB_VA,VA,efficacy
rs8099917,"peginterferon alfa-2a, ribavirin",IFNL3,PharmGKB_VA,VA,efficacy
rs8099917,"peginterferon alfa-2a, peginterferon alfa-2b, ribavirin",IFNL3,PharmGKB_VA,VA,efficacy
rs12979860,"peginterferon alfa-2a, peginterferon alfa-2b, ribavirin",IFNL3,PharmGKB_VA,VA,efficacy
rs1229967,ethanol,ADH1A,PharmGKB_VA,VA,"toxicity, metabolism/pk"
rs8099917,"peginterferon alfa-2a, peginterferon alfa-2b, ribavirin",IFNL3,PharmGKB_VA,VA,efficacy
rs2276332,ethanol,ADH1A,PharmGKB_VA,VA,"toxicity, metabolism/pk"
rs8099917,"peginterferon alfa-2a, ribavirin",IFNL3,PharmGKB_VA,VA,efficacy
rs5051,"benazepril, imidapril",AGT,PharmGKB_VA,VA,efficacy
rs1229976,ethanol,ADH1A,PharmGKB_VA,VA,"toxicity, metabolism/pk"
rs661899,ursodeoxycholic acid,MGAT5,PharmGKB_VA,VA,efficacy
rs4244285,clopidogrel thiol metabolite h4,CYP2C19,PharmGKB_VA,VA,metabolism/pk
rs1295686,hepatitis vaccines,IL13,PharmGKB_VA,VA,efficacy
rs9934438,phenprocoumon,VKORC1,PharmGKB_VA,VA,dosage
rs7294,phenprocoumon,VKORC1,PharmGKB_VA,VA,dosage
rs1045642,tacrolimus,ABCB1,PharmGKB_VA,VA,metabolism/pk
rs10877012,"peginterferon alfa-2b, ribavirin",CYP27B1,PharmGKB_VA,VA,efficacy
rs8192935,dabigatran,CES1,PharmGKB_VA,VA,metabolism/pk
rs11574077,irinotecan,VDR,PharmGKB_VA,VA,metabolism/pk
rs1868790,methylphenidate,ADGRL3,PharmGKB_VA,VA,efficacy
rs3746544,methylphenidate,SNAP25,PharmGKB_VA,VA,efficacy
rs2550948,methylphenidate,SLC6A3,PharmGKB_VA,VA,efficacy
rs9923231,phenprocoumon,VKORC1,PharmGKB_VA,VA,dosage
rs4149056,atorvastatin,SLCO1B1,PharmGKB_VA,VA,metabolism/pk
rs12979860,"interferons, ribavirin",IFNL3,PharmGKB_VA,VA,efficacy
rs34059508,morphine,SLC22A1,PharmGKB_VA,VA,metabolism/pk
rs1800544,methylphenidate,ADRA2A,PharmGKB_VA,VA,efficacy
rs776746,tacrolimus,CYP3A5,PharmGKB_VA,VA,metabolism/pk
rs25487,platinum,XRCC1,PharmGKB_VA,VA,efficacy
rs10514475,selective serotonin reuptake inhibitors,,PharmGKB_VA,VA,efficacy
rs6108160,selective serotonin reuptake inhibitors,PLCB1,PharmGKB_VA,VA,efficacy
rs1800139,warfarin,LRP1,PharmGKB_VA,VA,dosage
rs2108622,warfarin,CYP4F2,PharmGKB_VA,VA,"dosage, efficacy"
rs1800154,warfarin,LRP1,PharmGKB_VA,VA,dosage
rs56113850,nicotine,CYP2A6,PharmGKB_VA,VA,metabolism/pk
rs9923231,warfarin,VKORC1,PharmGKB_VA,VA,efficacy
rs8099917,"interferons, ribavirin",IFNL3,PharmGKB_VA,VA,efficacy
rs2359612,phenprocoumon,VKORC1,PharmGKB_VA,VA,efficacy
rs2108622,warfarin,CYP4F2,PharmGKB_VA,VA,"dosage, efficacy"
rs1799782,platinum compounds,XRCC1,PharmGKB_VA,VA,efficacy
rs12208357,morphine,SLC22A1,PharmGKB_VA,VA,metabolism/pk
rs17109924,fluorouracil,LGR5,PharmGKB_VA,VA,efficacy
rs2231142,rosuvastatin,ABCG2,PharmGKB_VA,VA,metabolism/pk
rs34059508,morphine,SLC22A1,PharmGKB_VA,VA,metabolism/pk
rs1902023,acetaminophen,UGT2B15,PharmGKB_VA,VA,metabolism/pk
rs34130495,morphine,SLC22A1,PharmGKB_VA,VA,metabolism/pk
rs1902023,acetaminophen,UGT2B15,PharmGKB_VA,VA,metabolism/pk
rs9462535,"atorvastatin, pravastatin",KIF6,PharmGKB_VA,VA,efficacy
rs1801133,"capecitabine, fluorouracil",MTHFR,PharmGKB_VA,VA,dosage
rs4363657,"pitavastatin, pitavastatin lactone",SLCO1B1,PharmGKB_VA,VA,metabolism/pk
rs1481012,rosuvastatin,ABCG2,PharmGKB_VA,VA,efficacy
rs2069502,somatropin recombinant,CDK4,PharmGKB_VA,VA,efficacy
rs9471077,"atorvastatin, pravastatin",KIF6,PharmGKB_VA,VA,efficacy
rs7541245,metformin,FMO5,PharmGKB_VA,VA,efficacy
rs1801133,methotrexate,MTHFR,PharmGKB_VA,VA,toxicity
rs17111584,rosuvastatin,USP24,PharmGKB_VA,VA,efficacy
rs4149056,"pitavastatin, pitavastatin lactone",SLCO1B1,PharmGKB_VA,VA,metabolism/pk
rs5569,methylphenidate,SLC6A2,PharmGKB_VA,VA,efficacy
rs4774388,interferon beta-1a,RORA,PharmGKB_VA,VA,efficacy
rs28386840,methylphenidate,SLC6A2,PharmGKB_VA,VA,efficacy
rs71647871,remimazolam,CES1,PharmGKB_VA,VA,metabolism/pk
rs9923231,warfarin,VKORC1,PharmGKB_VA,VA,dosage
rs113288603,nicotine,,PharmGKB_VA,VA,metabolism/pk
rs71352238,rosuvastatin,APOE,PharmGKB_VA,VA,efficacy
rs1800544,methylphenidate,ADRA2A,PharmGKB_VA,VA,efficacy
rs12461964,nicotine,,PharmGKB_VA,VA,metabolism/pk
rs7412,rosuvastatin,APOE,PharmGKB_VA,VA,efficacy
rs1800544,methylphenidate,ADRA2A,PharmGKB_VA,VA,efficacy
rs1883112,idarubicin,NCF4,PharmGKB_VA,VA,efficacy
rs717620,simvastatin,ABCC2,PharmGKB_VA,VA,efficacy
rs13058338,idarubicin,RAC2,PharmGKB_VA,VA,efficacy
rs12979860,"peginterferon alfa-2a, peginterferon alfa-2b",IFNL3,PharmGKB_VA,VA,efficacy
rs10455872,rosuvastatin,LPA,PharmGKB_VA,VA,efficacy
rs887829,atorvastatin,UGT1A1,PharmGKB_VA,VA,metabolism/pk
rs6265,methylphenidate,BDNF,PharmGKB_VA,VA,efficacy
rs3745274,efavirenz,CYP2B6,PharmGKB_VA,VA,metabolism/pk
rs78655421,ivacaftor,CFTR,PharmGKB_VA,VA,efficacy
rs45446698,atorvastatin,CYP3A7,PharmGKB_VA,VA,metabolism/pk
rs77010898,ataluren,CFTR,PharmGKB_VA,VA,efficacy
rs4149056,pravastatin,SLCO1B1,PharmGKB_VA,VA,metabolism/pk
rs762551,clozapine,CYP1A2,PharmGKB_VA,VA,metabolism/pk
rs2279343,efavirenz,CYP2B6,PharmGKB_VA,VA,metabolism/pk
rs2279345,efavirenz,CYP2B6,PharmGKB_VA,VA,metabolism/pk
rs20455,"atorvastatin, pravastatin",KIF6,PharmGKB_VA,VA,efficacy
rs113993959,ataluren,CFTR,PharmGKB_VA,VA,efficacy
rs4680,methylphenidate,COMT,PharmGKB_VA,VA,efficacy
rs1045642,efavirenz,ABCB1,PharmGKB_VA,VA,metabolism/pk
rs2270777,somatropin recombinant,CDK4,PharmGKB_VA,VA,efficacy
rs1800544,methylphenidate,ADRA2A,PharmGKB_VA,VA,efficacy
rs9923231,acenocoumarol,VKORC1,PharmGKB_VA,VA,dosage
rs75039782,ataluren,CFTR,PharmGKB_VA,VA,efficacy
rs9923231,acenocoumarol,VKORC1,PharmGKB_VA,VA,dosage
rs254271,metformin,PRPF31,PharmGKB_VA,VA,efficacy
rs4240803,gabapentin,SLC7A5,PharmGKB_VA,VA,dosage
rs77010898,ataluren,CFTR,PharmGKB_VA,VA,efficacy
rs57081354,metformin,NBEA,PharmGKB_VA,VA,efficacy
rs12208357,sumatriptan,SLC22A1,PharmGKB_VA,VA,metabolism/pk
rs628031,metformin,SLC22A1,PharmGKB_VA,VA,efficacy
rs34130495,fenoterol,SLC22A1,PharmGKB_VA,VA,metabolism/pk
rs12208357,fenoterol,SLC22A1,PharmGKB_VA,VA,metabolism/pk
rs55918055,fenoterol,SLC22A1,PharmGKB_VA,VA,metabolism/pk
rs34059508,sumatriptan,SLC22A1,PharmGKB_VA,VA,metabolism/pk
rs3745274,cyclophosphamide,CYP2B6,PharmGKB_VA,VA,efficacy
rs34130495,sumatriptan,SLC22A1,PharmGKB_VA,VA,metabolism/pk
rs1801278,drugs used in diabetes,IRS1,PharmGKB_VA,VA,efficacy
rs55918055,sumatriptan,SLC22A1,PharmGKB_VA,VA,metabolism/pk
rs25487,"fluorouracil, leucovorin, oxaliplatin",XRCC1,PharmGKB_VA,VA,efficacy
rs1801394,methotrexate,MTRR,PharmGKB_VA,VA,efficacy
rs11615,"fluorouracil, leucovorin, oxaliplatin",ERCC1,PharmGKB_VA,VA,efficacy
rs34059508,fenoterol,SLC22A1,PharmGKB_VA,VA,metabolism/pk
rs4149601,hydrochlorothiazide,NEDD4L,PharmGKB_VA,VA,efficacy
rs622342,metformin,SLC22A1,PharmGKB_VA,VA,efficacy
rs2108622,warfarin,CYP4F2,PharmGKB_VA,VA,dosage
rs12980275,"peginterferon alfa-2a, peginterferon alfa-2b",IFNL3,PharmGKB_VA,VA,efficacy
rs2273897,emtricitabine,ABCC2,PharmGKB_VA,VA,metabolism/pk
rs9934438,warfarin,VKORC1,PharmGKB_VA,VA,dosage
rs776746,tacrolimus,CYP3A5,PharmGKB_VA,VA,"dosage, metabolism/pk"
rs12208357,cycloguanil,SLC22A1,PharmGKB_VA,VA,metabolism/pk
rs113993959,ataluren,CFTR,PharmGKB_VA,VA,efficacy
rs34130495,cycloguanil,SLC22A1,PharmGKB_VA,VA,metabolism/pk
rs9923231,warfarin,VKORC1,PharmGKB_VA,VA,dosage
rs4240803,"gabapentin, pregabalin",SLC7A5,PharmGKB_VA,VA,efficacy
rs4680,morphine,COMT,PharmGKB_VA,VA,"dosage, efficacy"
rs2162145,metformin,CPA6,PharmGKB_VA,VA,efficacy
rs881152,salbutamol,DUSP1,PharmGKB_VA,VA,efficacy
rs75527207,ivacaftor,CFTR,PharmGKB_VA,VA,efficacy
rs2242480,tacrolimus,CYP3A4,PharmGKB_VA,VA,metabolism/pk
rs61742245,warfarin,VKORC1,PharmGKB_VA,VA,dosage
rs34059508,tramadol,SLC22A1,PharmGKB_VA,VA,dosage
rs4149117,tacrolimus,SLCO1B3,PharmGKB_VA,VA,metabolism/pk
rs1126757,escitalopram,IL11,PharmGKB_VA,VA,efficacy
rs9934438,warfarin,VKORC1,PharmGKB_VA,VA,dosage
rs2307240,clopidogrel,CES1,PharmGKB_VA,VA,efficacy
rs1499821,tacrolimus,SLC2A2,PharmGKB_VA,VA,metabolism/pk
rs2108622,warfarin,CYP4F2,PharmGKB_VA,VA,dosage
rs10493112,abiraterone,YBX1,PharmGKB_VA,VA,efficacy
rs1955915,tacrolimus,NFATC4,PharmGKB_VA,VA,metabolism/pk
rs4149056,grazoprevir,SLCO1B1,PharmGKB_VA,VA,pd
rs1080985,bisoprolol,CYP2D6,PharmGKB_VA,VA,metabolism/pk
rs11045819,grazoprevir,SLCO1B1,PharmGKB_VA,VA,pd
rs2108622,warfarin,CYP4F2,PharmGKB_VA,VA,dosage
rs9923231,warfarin,VKORC1,PharmGKB_VA,VA,metabolism/pk
rs9923231,warfarin,VKORC1,PharmGKB_VA,VA,metabolism/pk
rs12777823,warfarin,,PharmGKB_VA,VA,dosage
rs7127507,methadone,BDNF,PharmGKB_VA,VA,efficacy
rs12208357,o-desmethyltramadol,SLC22A1,PharmGKB_VA,VA,metabolism/pk
rs9923231,warfarin,VKORC1,PharmGKB_VA,VA,dosage
rs2070744,enalapril,NOS3,PharmGKB_VA,VA,efficacy
rs11030118,methadone,BDNF,PharmGKB_VA,VA,efficacy
rs2359612,warfarin,VKORC1,PharmGKB_VA,VA,dosage
rs7089580,warfarin,CYP2C9,PharmGKB_VA,VA,dosage
rs9934438,warfarin,VKORC1,PharmGKB_VA,VA,dosage
rs9934438,warfarin,VKORC1,PharmGKB_VA,VA,dosage
rs1967554,methadone,BDNF,PharmGKB_VA,VA,efficacy
rs8050894,warfarin,VKORC1,PharmGKB_VA,VA,dosage
rs1080985,bisoprolol,CYP2D6,PharmGKB_VA,VA,metabolism/pk
rs9923231,warfarin,VKORC1,PharmGKB_VA,VA,dosage
rs7294,warfarin,VKORC1,PharmGKB_VA,VA,dosage
rs2030324,methadone,BDNF,PharmGKB_VA,VA,efficacy
rs3892097,bisoprolol,CYP2D6,PharmGKB_VA,VA,metabolism/pk
rs3957357,busulfan,GSTA1,PharmGKB_VA,VA,metabolism/pk
rs34130495,o-desmethyltramadol,SLC22A1,PharmGKB_VA,VA,metabolism/pk
rs34059508,o-desmethyltramadol,SLC22A1,PharmGKB_VA,VA,metabolism/pk
rs1799722,enalapril,BDKRB2,PharmGKB_VA,VA,efficacy
rs988748,methadone,BDNF,PharmGKB_VA,VA,efficacy
rs55918055,o-desmethyltramadol,SLC22A1,PharmGKB_VA,VA,metabolism/pk
rs61742245,warfarin,VKORC1,PharmGKB_VA,VA,dosage
rs55918055,tramadol,SLC22A1,PharmGKB_VA,VA,dosage
rs1057910,celecoxib,CYP2C9,PharmGKB_VA,VA,metabolism/pk
rs11030119,methadone,BDNF,PharmGKB_VA,VA,efficacy
rs776746,tacrolimus,CYP3A5,PharmGKB_VA,VA,metabolism/pk
rs12208357,tramadol,SLC22A1,PharmGKB_VA,VA,dosage
rs2242480,fentanyl,CYP3A4,PharmGKB_VA,VA,"dosage, efficacy"
rs1057910,celecoxib,CYP2C9,PharmGKB_VA,VA,metabolism/pk
rs776746,bisoprolol,CYP3A5,PharmGKB_VA,VA,metabolism/pk
rs2108622,warfarin,CYP4F2,PharmGKB_VA,VA,dosage
rs34130495,tramadol,SLC22A1,PharmGKB_VA,VA,dosage
rs4149570,tumor necrosis factor alpha (tnf-alpha) inhibitors,TNFRSF1A,PharmGKB_VA,VA,efficacy
rs5030728,tumor necrosis factor alpha (tnf-alpha) inhibitors,TLR4,PharmGKB_VA,VA,efficacy
rs8065082,metformin,SLC47A1,PharmGKB_VA,VA,efficacy
rs4696480,tumor necrosis factor alpha (tnf-alpha) inhibitors,TLR2,PharmGKB_VA,VA,efficacy
rs1799853,warfarin,CYP2C9,PharmGKB_VA,VA,dosage
rs2430561,tumor necrosis factor alpha (tnf-alpha) inhibitors,IFNG,PharmGKB_VA,VA,efficacy
rs352139,tumor necrosis factor alpha (tnf-alpha) inhibitors,TLR9,PharmGKB_VA,VA,efficacy
rs4072879,warfarin,VKORC1L1,PharmGKB_VA,VA,dosage
rs3804099,tumor necrosis factor alpha (tnf-alpha) inhibitors,TLR2,PharmGKB_VA,VA,efficacy
rs1816702,tumor necrosis factor alpha (tnf-alpha) inhibitors,TLR2,PharmGKB_VA,VA,efficacy
rs35599367,tacrolimus,CYP3A4,PharmGKB_VA,VA,metabolism/pk
rs1799971,sufentanil,OPRM1,PharmGKB_VA,VA,dosage
rs2249015,opioids,ENPP2,PharmGKB_VA,VA,dosage
rs429358,"donepezil, galantamine, rivastigmine",APOE,PharmGKB_VA,VA,efficacy
rs6467136,rosiglitazone,PAX4,PharmGKB_VA,VA,efficacy
rs6467136,rosiglitazone,PAX4,PharmGKB_VA,VA,efficacy
rs429358,atorvastatin,APOE,PharmGKB_VA,VA,efficacy
rs1045642,opioids,ABCB1,PharmGKB_VA,VA,"dosage, efficacy"
rs10499563,tumor necrosis factor alpha (tnf-alpha) inhibitors,IL6,PharmGKB_VA,VA,efficacy
rs2275913,tumor necrosis factor alpha (tnf-alpha) inhibitors,IL17A,PharmGKB_VA,VA,efficacy
rs11568658,latanoprost,ABCC4,PharmGKB_VA,VA,efficacy
rs1061622,"adalimumab, etanercept, infliximab, ustekinumab",TNFRSF1B,PharmGKB_VA,VA,efficacy
rs1554973,tumor necrosis factor alpha (tnf-alpha) inhibitors,CNPY4,PharmGKB_VA,VA,efficacy
rs3781719,botulinum toxin type a,CALCA,PharmGKB_VA,VA,efficacy
rs2569190,tumor necrosis factor alpha (tnf-alpha) inhibitors,CD14,PharmGKB_VA,VA,efficacy
rs11938228,tumor necrosis factor alpha (tnf-alpha) inhibitors,TLR2,PharmGKB_VA,VA,efficacy
rs222749,botulinum toxin type a,TRPV1,PharmGKB_VA,VA,efficacy
rs7832704,opioids,ENPP2,PharmGKB_VA,VA,dosage
rs4848306,tumor necrosis factor alpha (tnf-alpha) inhibitors,IL1B,PharmGKB_VA,VA,efficacy
rs4251961,tumor necrosis factor alpha (tnf-alpha) inhibitors,IL1RN,PharmGKB_VA,VA,efficacy
rs6927172,tumor necrosis factor alpha (tnf-alpha) inhibitors,TNFAIP3,PharmGKB_VA,VA,efficacy
rs429358,hmg-coa reductase inhibitors,APOE,PharmGKB_VA,VA,efficacy
rs1045642,losartan,ABCB1,PharmGKB_VA,VA,efficacy
rs61734430,pemetrexed,FOLR3,PharmGKB_VA,VA,efficacy
rs4803217,"peginterferon alfa-2a, ribavirin",IFNL3,PharmGKB_VA,VA,efficacy
rs1801058,metoprolol,GRK4,PharmGKB_VA,VA,efficacy
rs12979860,highly active antiretroviral therapy (haart),IFNL3,PharmGKB_VA,VA,efficacy
rs7997012,fluoxetine,HTR2A,PharmGKB_VA,VA,efficacy
rs1800629,tumor necrosis factor alpha (tnf-alpha) inhibitors,TNF,PharmGKB_VA,VA,efficacy
rs8099917,"direct acting antivirals, elbasvir",IFNL3,PharmGKB_VA,VA,efficacy
rs8099917,"grazoprevir, ledipasvir",IFNL3,PharmGKB_VA,VA,efficacy
rs8099917,sofosbuvir,IFNL3,PharmGKB_VA,VA,efficacy
rs2960306,metoprolol,GRK4,PharmGKB_VA,VA,efficacy
rs3740066,tacrolimus,ABCC2,PharmGKB_VA,VA,metabolism/pk
rs3740066,tacrolimus,ABCC2,PharmGKB_VA,VA,metabolism/pk
rs717620,methotrexate,ABCC2,PharmGKB_VA,VA,metabolism/pk
rs717620,tacrolimus,ABCC2,PharmGKB_VA,VA,metabolism/pk
rs1024323,metoprolol,GRK4,PharmGKB_VA,VA,efficacy
rs9923231,warfarin,VKORC1,PharmGKB_VA,VA,dosage
rs1799724,tumor necrosis factor alpha (tnf-alpha) inhibitors,TNF,PharmGKB_VA,VA,efficacy
rs3762556,methadone,GAD1,PharmGKB_VA,VA,dosage
rs1143634,infliximab,IL1B,PharmGKB_VA,VA,efficacy
rs769404,methadone,GAD1,PharmGKB_VA,VA,dosage
rs3834939,rocuronium,SLCO1A2,PharmGKB_VA,VA,metabolism/pk
rs762551,clozapine,CYP1A2,PharmGKB_VA,VA,metabolism/pk
rs1058164,aripiprazole,CYP2D6,PharmGKB_VA,VA,metabolism/pk
rs28371699,aripiprazole,CYP2D6,PharmGKB_VA,VA,metabolism/pk
rs2074900,ticagrelor,CYP4F2,PharmGKB_VA,VA,metabolism/pk
rs9934438,acenocoumarol,VKORC1,PharmGKB_VA,VA,dosage
rs67376798,capecitabine,DPYD,PharmGKB_VA,VA,dosage
rs2011404,clozapine,UGT1A4,PharmGKB_VA,VA,metabolism/pk
rs3918290,capecitabine,DPYD,PharmGKB_VA,VA,dosage
rs1002976,uric acid,VEGFC,PharmGKB_VA,VA,metabolism/pk
rs4149032,letermovir,SLCO1B1,PharmGKB_VA,VA,metabolism/pk
rs34946978,clozapine,UGT1A1,PharmGKB_VA,VA,metabolism/pk
rs3792269,metformin,CAPN10,PharmGKB_VA,VA,efficacy
rs4149056,letermovir,SLCO1B1,PharmGKB_VA,VA,metabolism/pk
rs4148323,letermovir,UGT1A1,PharmGKB_VA,VA,metabolism/pk
rs760316,"interferon beta-1a, interferon beta-1b",FHIT,PharmGKB_VA,VA,efficacy
rs9923231,warfarin,VKORC1,PharmGKB_VA,VA,dosage
rs7512785,glyburide,FMO2,PharmGKB_VA,VA,efficacy
rs1801394,methotrexate,MTRR,PharmGKB_VA,VA,efficacy
rs1042713,propranolol,ADRB2,PharmGKB_VA,VA,efficacy
rs1128503,methotrexate,ABCB1,PharmGKB_VA,VA,efficacy
rs1045642,methotrexate,ABCB1,PharmGKB_VA,VA,efficacy
rs10248420,clozapine,ABCB1,PharmGKB_VA,VA,efficacy
rs3763980,methotrexate,SLC16A7,PharmGKB_VA,VA,efficacy
rs12979860,"peginterferon alfa-2a, peginterferon alfa-2b",IFNL3,PharmGKB_VA,VA,efficacy
rs12231740,methotrexate,SLC16A7,PharmGKB_VA,VA,efficacy
rs4948496,methotrexate,ARID5B,PharmGKB_VA,VA,metabolism/pk
rs4148323,clozapine,UGT1A1,PharmGKB_VA,VA,metabolism/pk
rs7412,fenofibrate,APOE,PharmGKB_VA,VA,efficacy
rs4149056,methotrexate,SLCO1B1,PharmGKB_VA,VA,metabolism/pk
rs8099917,"peginterferon alfa-2a, peginterferon alfa-2b",IFNL3,PharmGKB_VA,VA,efficacy
rs3762555,methadone,GAD1,PharmGKB_VA,VA,dosage
rs1801133,methotrexate,MTHFR,PharmGKB_VA,VA,efficacy
rs3749034,methadone,GAD1,PharmGKB_VA,VA,dosage
rs7787082,clozapine,ABCB1,PharmGKB_VA,VA,efficacy
rs1495741,iguratimod,NAT2,PharmGKB_VA,VA,efficacy
rs4278350,"interferon beta-1a, interferon beta-1b",,PharmGKB_VA,VA,efficacy
rs28371702,aripiprazole,CYP2D6,PharmGKB_VA,VA,metabolism/pk
rs163184,"sitagliptin, vildagliptin",KCNQ1,PharmGKB_VA,VA,efficacy
rs2231142,iguratimod,ABCG2,PharmGKB_VA,VA,efficacy
rs2291858,"interferon beta-1a, interferon beta-1b",GAPVD1,PharmGKB_VA,VA,efficacy
rs204047,methadone,OPRD1,PharmGKB_VA,VA,dosage
rs797397,methadone,OPRD1,PharmGKB_VA,VA,metabolism/pk
rs204047,methadone,OPRD1,PharmGKB_VA,VA,metabolism/pk
rs1344706,antipsychotics,ZNF804A,PharmGKB_VA,VA,efficacy
rs25487,platinum compounds,XRCC1,PharmGKB_VA,VA,efficacy
rs9923231,warfarin,VKORC1,PharmGKB_VA,VA,dosage
rs10819043,"interferon beta-1a, interferon beta-1b",GAPVD1,PharmGKB_VA,VA,efficacy
rs3133084,"interferon beta-1a, interferon beta-1b",,PharmGKB_VA,VA,efficacy
rs1048943,"capecitabine, docetaxel",CYP1A1,PharmGKB_VA,VA,efficacy
rs776746,tacrolimus,CYP3A5,PharmGKB_VA,VA,metabolism/pk
rs7793861,glyburide,CYP51A1,PharmGKB_VA,VA,efficacy
rs1448673,"interferon beta-1a, interferon beta-1b",,PharmGKB_VA,VA,efficacy
rs7515157,glyburide,FMO2,PharmGKB_VA,VA,efficacy
rs2032582,anastrozole,ABCB1,PharmGKB_VA,VA,metabolism/pk
rs10042486,"amisulpride, antipsychotics, olanzapine, quetiapine, risperidone",HTR1A,PharmGKB_VA,VA,efficacy
rs950569,uric acid,BRINP3,PharmGKB_VA,VA,metabolism/pk
rs4148269,glyburide,UGT2B15,PharmGKB_VA,VA,efficacy
rs10760397,"interferon beta-1a, interferon beta-1b",GAPVD1,PharmGKB_VA,VA,efficacy
rs2477134,uric acid,PADI4,PharmGKB_VA,VA,metabolism/pk
rs10494227,"interferon beta-1a, interferon beta-1b",ZNF697,PharmGKB_VA,VA,efficacy
rs1533682,doxorubicin,ABCC5,PharmGKB_VA,VA,metabolism/pk
rs861539,platinum compounds,XRCC3,PharmGKB_VA,VA,efficacy
rs1803545,glyburide,MAPK1,PharmGKB_VA,VA,efficacy
rs3749442,glyburide,ABCC5,PharmGKB_VA,VA,efficacy
rs1135840,aripiprazole,CYP2D6,PharmGKB_VA,VA,metabolism/pk
rs2303070,glyburide,SPINK5,PharmGKB_VA,VA,efficacy
rs5224,glyburide,BDKRB2,PharmGKB_VA,VA,efficacy
rs3729910,glyburide,MAPK1,PharmGKB_VA,VA,efficacy
rs2032582,iguratimod,ABCB1,PharmGKB_VA,VA,efficacy
rs2108622,warfarin,CYP4F2,PharmGKB_VA,VA,dosage
rs11940694,ethanol,KLB,PharmGKB_VA,VA,toxicity
rs1799782,platinum compounds,XRCC1,PharmGKB_VA,VA,efficacy
rs2077647,glyburide,ESR1,PharmGKB_VA,VA,efficacy
rs1800629,tumor necrosis factor alpha (tnf-alpha) inhibitors,TNF,PharmGKB_VA,VA,efficacy
rs8099917,"peginterferon alfa-2a, peginterferon alfa-2b, ribavirin",IFNL3,PharmGKB_VA,VA,efficacy
rs6265,antidepressants,BDNF,PharmGKB_VA,VA,efficacy
rs2305089,flunisolide,TBXT,PharmGKB_VA,VA,efficacy
rs3212986,"granisetron, palonosetron",ERCC1,PharmGKB_VA,VA,efficacy
rs1800795,tacrolimus,IL6,PharmGKB_VA,VA,efficacy
rs3892097,valproic acid,CYP2D6,PharmGKB_VA,VA,efficacy
rs1061622,tumor necrosis factor alpha (tnf-alpha) inhibitors,TNFRSF1B,PharmGKB_VA,VA,efficacy
rs1800795,tacrolimus,IL6,PharmGKB_VA,VA,metabolism/pk
rs1799724,tumor necrosis factor alpha (tnf-alpha) inhibitors,TNF,PharmGKB_VA,VA,efficacy
rs4646437,tacrolimus,CYP3A4,PharmGKB_VA,VA,metabolism/pk
rs1076560,rasagiline,DRD2,PharmGKB_VA,VA,efficacy
rs776746,tacrolimus,CYP3A5,PharmGKB_VA,VA,metabolism/pk
rs2242480,tacrolimus,CYP3A4,PharmGKB_VA,VA,metabolism/pk
rs2283265,rasagiline,DRD2,PharmGKB_VA,VA,efficacy
rs4646437,tacrolimus,CYP3A4,PharmGKB_VA,VA,metabolism/pk
rs4553808,tacrolimus,CTLA4,PharmGKB_VA,VA,metabolism/pk
rs10501087,antidepressants,BDNF-AS,PharmGKB_VA,VA,efficacy
rs181781,tacrolimus,IL3,PharmGKB_VA,VA,metabolism/pk
rs776746,tacrolimus,CYP3A5,PharmGKB_VA,VA,metabolism/pk
rs6755571,lamotrigine,UGT1A4,PharmGKB_VA,VA,metabolism/pk
rs4917639,warfarin,CYP2C9,PharmGKB_VA,VA,dosage
rs2585428,telaprevir,CYP24A1,PharmGKB_VA,VA,metabolism/pk
rs4553808,tacrolimus,CTLA4,PharmGKB_VA,VA,metabolism/pk
rs2242480,tacrolimus,CYP3A4,PharmGKB_VA,VA,metabolism/pk
rs1044396,varenicline,CHRNA4,PharmGKB_VA,VA,efficacy
rs4646425,escitalopram,CYP1A2,PharmGKB_VA,VA,metabolism/pk
rs2069526,escitalopram,CYP1A2,PharmGKB_VA,VA,metabolism/pk
rs4646427,escitalopram,CYP1A2,PharmGKB_VA,VA,metabolism/pk
rs430397,platinum compounds,HSPA5,PharmGKB_VA,VA,efficacy
rs1801274,tumor necrosis factor alpha (tnf-alpha) inhibitors,FCGR2A,PharmGKB_VA,VA,efficacy
rs396991,tumor necrosis factor alpha (tnf-alpha) inhibitors,FCGR3A,PharmGKB_VA,VA,efficacy
rs2279343,efavirenz,CYP2B6,PharmGKB_VA,VA,metabolism/pk
rs1045642,morphine,ABCB1,PharmGKB_VA,VA,metabolism/pk
rs6785930,clopidogrel,P2RY12,PharmGKB_VA,VA,efficacy
rs3745274,efavirenz,CYP2B6,PharmGKB_VA,VA,metabolism/pk
rs3745274,efavirenz,CYP2B6,PharmGKB_VA,VA,metabolism/pk
rs3745274,efavirenz,CYP2B6,PharmGKB_VA,VA,metabolism/pk
rs6809699,clopidogrel,P2RY12,PharmGKB_VA,VA,efficacy
rs2279343,efavirenz,CYP2B6,PharmGKB_VA,VA,metabolism/pk
rs361525,tumor necrosis factor alpha (tnf-alpha) inhibitors,TNF,PharmGKB_VA,VA,efficacy
rs2872507,fluticasone propionate,ORMDL3,PharmGKB_VA,VA,efficacy
rs9934438,warfarin,VKORC1,PharmGKB_VA,VA,dosage
rs12979860,"peginterferon alfa-2a, peginterferon alfa-2b, ribavirin",IFNL3,PharmGKB_VA,VA,efficacy
rs9923231,warfarin,VKORC1,PharmGKB_VA,VA,dosage
rs396991,rituximab,FCGR3A,PharmGKB_VA,VA,efficacy
rs1801274,"abatacept, rituximab, tocilizumab, tumor necrosis factor alpha (tnf-alpha) inhibitors",FCGR2A,PharmGKB_VA,VA,efficacy
rs1057910,valproic acid,CYP2C9,PharmGKB_VA,VA,metabolism/pk
rs776746,tacrolimus,CYP3A5,PharmGKB_VA,VA,"dosage, metabolism/pk"
rs339097,warfarin,CALU,PharmGKB_VA,VA,dosage
rs4149056,atazanavir,SLCO1B1,PharmGKB_VA,VA,metabolism/pk
rs4149056,ritonavir,SLCO1B1,PharmGKB_VA,VA,metabolism/pk
rs13120400,deferasirox,ABCG2,PharmGKB_VA,VA,metabolism/pk
rs776746,atazanavir,CYP3A5,PharmGKB_VA,VA,metabolism/pk
rs776746,ritonavir,CYP3A5,PharmGKB_VA,VA,metabolism/pk
rs10509680,warfarin,CYP2C9,PharmGKB_VA,VA,dosage
rs7975232,"adalimumab, certolizumab pegol, etanercept, golimumab, infliximab",VDR,PharmGKB_VA,VA,efficacy
rs5186,angiotensin ii,AGTR1,PharmGKB_VA,VA,efficacy
rs41423247,antiepileptics,NR3C1,PharmGKB_VA,VA,efficacy
rs2273697,deferasirox,ABCC2,PharmGKB_VA,VA,metabolism/pk
rs776746,tacrolimus,CYP3A5,PharmGKB_VA,VA,metabolism/pk
rs776746,tacrolimus,CYP3A5,PharmGKB_VA,VA,dosage
rs7412,fluvastatin,APOE,PharmGKB_VA,VA,efficacy
rs2289669,metformin,SLC47A1,PharmGKB_VA,VA,efficacy
rs1045642,talinolol,ABCB1,PharmGKB_VA,VA,metabolism/pk
rs7439366,lamotrigine,UGT2B7,PharmGKB_VA,VA,metabolism/pk
rs2740574,tacrolimus,CYP3A4,PharmGKB_VA,VA,"dosage, metabolism/pk"
rs598961,ritodrine,PDE4B,PharmGKB_VA,VA,efficacy
rs4986910,tacrolimus,CYP3A4,PharmGKB_VA,VA,"dosage, metabolism/pk"
rs2108622,"acenocoumarol, warfarin",CYP4F2,PharmGKB_VA,VA,dosage
rs1902023,lamotrigine,UGT2B15,PharmGKB_VA,VA,metabolism/pk
rs1800975,platinum compounds,XPA,PharmGKB_VA,VA,efficacy
rs2032582,"aripiprazole, dehydroaripiprazole",ABCB1,PharmGKB_VA,VA,metabolism/pk
rs1045642,"aripiprazole, dehydroaripiprazole",ABCB1,PharmGKB_VA,VA,metabolism/pk
rs9923231,warfarin,VKORC1,PharmGKB_VA,VA,dosage
rs1128503,"aripiprazole, dehydroaripiprazole",ABCB1,PharmGKB_VA,VA,metabolism/pk
rs9923231,warfarin,VKORC1,PharmGKB_VA,VA,dosage
rs9923231,warfarin,VKORC1,PharmGKB_VA,VA,dosage
rs9923231,warfarin,VKORC1,PharmGKB_VA,VA,dosage
rs1800871,tacrolimus,IL10,PharmGKB_VA,VA,metabolism/pk
rs3918242,"antihypertensives, hydralazine, methyldopa, nifedipine",MMP9,PharmGKB_VA,VA,efficacy
rs2108622,warfarin,CYP4F2,PharmGKB_VA,VA,dosage
rs11568820,daclatasvir,VDR,PharmGKB_VA,VA,metabolism/pk
rs4680,morphine,COMT,PharmGKB_VA,VA,efficacy
rs3918242,methyldopa,MMP9,PharmGKB_VA,VA,efficacy
rs2248359,daclatasvir,CYP24A1,PharmGKB_VA,VA,metabolism/pk
rs1045642,tacrolimus,ABCB1,PharmGKB_VA,VA,metabolism/pk
rs3812718,"carbamazepine, oxcarbazepine",SCN1A,PharmGKB_VA,VA,efficacy
rs1801252,metoprolol,ADRB1,PharmGKB_VA,VA,efficacy
rs1801253,metoprolol,ADRB1,PharmGKB_VA,VA,efficacy
rs10898815,calcium channel blockers,NUMA1,PharmGKB_VA,VA,efficacy
rs3812718,"carbamazepine, oxcarbazepine",SCN1A,PharmGKB_VA,VA,efficacy
rs2429427,calcium channel blockers,TANC2,PharmGKB_VA,VA,efficacy
rs5443,sibutramine,GNB3,PharmGKB_VA,VA,efficacy
rs2273697,"carbamazepine, oxcarbazepine",ABCC2,PharmGKB_VA,VA,efficacy
rs3957356,busulfan,GSTA1,PharmGKB_VA,VA,metabolism/pk
rs8192709,s-eddp,CYP2B6,PharmGKB_VA,VA,metabolism/pk
rs3957357,busulfan,GSTA1,PharmGKB_VA,VA,metabolism/pk
rs12052787,simvastatin,UGT1A9,PharmGKB_VA,VA,efficacy
rs776746,tacrolimus,CYP3A5,PharmGKB_VA,VA,"efficacy, metabolism/pk"
rs2003569,simvastatin,UGT1A9,PharmGKB_VA,VA,efficacy
rs1799801,platinum compounds,ERCC4,PharmGKB_VA,VA,efficacy
rs11615,platinum compounds,ERCC1,PharmGKB_VA,VA,efficacy
rs3892097,"amitriptyline, clomipramine, doxepin, imipramine, maprotiline, nortriptyline, opipramol",CYP2D6,PharmGKB_VA,VA,"dosage, efficacy"
rs3738948,platinum compounds,ERCC3,PharmGKB_VA,VA,efficacy
rs8192720,tegafur,CYP2A6,PharmGKB_VA,VA,metabolism/pk
rs1045642,digoxin,ABCB1,PharmGKB_VA,VA,metabolism/pk
rs1801133,"antipsychotics, chlorpromazine, clozapine, haloperidol, olanzapine, quetiapine, risperidone",MTHFR,PharmGKB_VA,VA,efficacy
rs7439366,oxycodone,UGT2B7,PharmGKB_VA,VA,efficacy
rs1042714,terbutaline,ADRB2,PharmGKB_VA,VA,metabolism/pk
rs1057910,warfarin,CYP2C9,PharmGKB_VA,VA,dosage
rs3745274,bupropion,CYP2B6,PharmGKB_VA,VA,metabolism/pk
rs4483927,risperidone,HRH4,PharmGKB_VA,VA,efficacy
rs2960306,atenolol,GRK4,PharmGKB_VA,VA,efficacy
rs1024323,atenolol,GRK4,PharmGKB_VA,VA,efficacy
rs588076,calcium channel blockers,PICALM,PharmGKB_VA,VA,efficacy
rs12979860,"deleobuvir, faldaprevir",IFNL3,PharmGKB_VA,VA,efficacy
rs9923231,warfarin,VKORC1,PharmGKB_VA,VA,dosage
rs11503014,propofol,GABRA2,PharmGKB_VA,VA,other
rs3212198,warfarin,HNF4A,PharmGKB_VA,VA,dosage
rs1056836,"codeine, tramadol",CYP1B1,PharmGKB_VA,VA,efficacy
rs121434568,"erlotinib, gefitinib",EGFR,PharmGKB_VA,VA,efficacy
rs2501873,warfarin,NR1I3,PharmGKB_VA,VA,dosage
rs3733694,verapamil,PCDHB8,PharmGKB_VA,VA,efficacy
rs1057868,rivaroxaban,POR,PharmGKB_VA,VA,metabolism/pk
rs17844444,verapamil,PCDHB6,PharmGKB_VA,VA,efficacy
rs61764370,"capecitabine, cetuximab, oxaliplatin",KRAS,PharmGKB_VA,VA,efficacy
rs4149056,simvastatin acid,SLCO1B1,PharmGKB_VA,VA,metabolism/pk
rs5186,atorvastatin,AGTR1,PharmGKB_VA,VA,metabolism/pk
rs1799722,atorvastatin,BDKRB2,PharmGKB_VA,VA,metabolism/pk
rs5186,losartan,AGTR1,PharmGKB_VA,VA,efficacy
rs776746,tacrolimus,CYP3A5,PharmGKB_VA,VA,"dosage, metabolism/pk"
rs9479757,heroin,OPRM1,PharmGKB_VA,VA,dosage
rs1799836,"5-hydroxyindole-3-acetic acid, serotonin",MAOB,PharmGKB_VA,VA,metabolism/pk
rs1954787,antidepressants,GRIK4,PharmGKB_VA,VA,efficacy
rs4148738,rivaroxaban,ABCB1,PharmGKB_VA,VA,metabolism/pk
rs1799836,"5-hydroxyindole-3-acetic acid, serotonin",MAOB,PharmGKB_VA,VA,metabolism/pk
rs1057868,apixaban,POR,PharmGKB_VA,VA,metabolism/pk
rs2741049,oxcarbazepine,UGT1A9,PharmGKB_VA,VA,efficacy
rs1128503,tramadol,ABCB1,PharmGKB_VA,VA,metabolism/pk
rs1056837,"codeine, tramadol",CYP1B1,PharmGKB_VA,VA,efficacy
rs1799998,candesartan,CYP11B2,PharmGKB_VA,VA,efficacy
rs4105144,3-hydroxycotinine,,PharmGKB_VA,VA,metabolism/pk
rs35742686,"hydrocodone, oxycodone",CYP2D6,PharmGKB_VA,VA,efficacy
rs3733829,3-hydroxycotinine,EGLN2,PharmGKB_VA,VA,metabolism/pk
rs76026520,"hydrocodone, oxycodone",MACROD2,PharmGKB_VA,VA,efficacy
rs5443,clonidine,GNB3,PharmGKB_VA,VA,efficacy
rs1801133,benazepril,MTHFR,PharmGKB_VA,VA,efficacy
rs776746,tacrolimus,CYP3A5,PharmGKB_VA,VA,metabolism/pk
rs2606345,deferasirox,CYP1A1,PharmGKB_VA,VA,metabolism/pk
rs776746,tacrolimus,CYP3A5,PharmGKB_VA,VA,metabolism/pk
rs1029489,pitrakinra,IL4R,PharmGKB_VA,VA,efficacy
rs776746,tacrolimus,CYP3A5,PharmGKB_VA,VA,metabolism/pk
rs776746,tacrolimus,CYP3A5,PharmGKB_VA,VA,metabolism/pk
rs11130424,radiotherapy,CACNA2D3,PharmGKB_VA,VA,efficacy
rs9483947,hydroxyurea,MAP3K5,PharmGKB_VA,VA,efficacy
rs13144136,antihypertensives,CLNK,PharmGKB_VA,VA,efficacy
rs9376230,hydroxyurea,MAP3K5,PharmGKB_VA,VA,efficacy
rs1128503,imatinib,ABCB1,PharmGKB_VA,VA,efficacy
rs1045642,imatinib,ABCB1,PharmGKB_VA,VA,efficacy
rs717620,atorvastatin,ABCC2,PharmGKB_VA,VA,efficacy
rs776746,tacrolimus,CYP3A5,PharmGKB_VA,VA,dosage
rs776746,tacrolimus,CYP3A5,PharmGKB_VA,VA,"dosage, metabolism/pk"
rs308395,"lenalidomide, thalidomide",FGF2,PharmGKB_VA,VA,efficacy
rs776746,tacrolimus,CYP3A5,PharmGKB_VA,VA,"dosage, metabolism/pk"
rs717620,methotrexate,ABCC2,PharmGKB_VA,VA,metabolism/pk
rs979605,antidepressants,MAOA,PharmGKB_VA,VA,metabolism/pk
rs1045642,methotrexate,ABCB1,PharmGKB_VA,VA,efficacy
rs1954787,antidepressants,GRIK4,PharmGKB_VA,VA,efficacy
rs671,ethanol,ALDH2,PharmGKB_VA,VA,other
rs776746,tacrolimus,CYP3A5,PharmGKB_VA,VA,dosage
rs292449,hydrochlorothiazide,NEDD4L,PharmGKB_VA,VA,efficacy
rs8832,pitrakinra,IL4R,PharmGKB_VA,VA,efficacy
rs776746,tacrolimus,CYP3A5,PharmGKB_VA,VA,dosage
rs3024530,pitrakinra,IL4R,PharmGKB_VA,VA,efficacy
rs1110470,pitrakinra,IL4R,PharmGKB_VA,VA,efficacy
rs2239347,pitrakinra,IL4R,PharmGKB_VA,VA,efficacy
rs75527207,ivacaftor,CFTR,PharmGKB_VA,VA,efficacy
rs1805087,benazepril,MTR,PharmGKB_VA,VA,efficacy
rs1805010,pitrakinra,IL4R,PharmGKB_VA,VA,efficacy
rs717620,voriconazole,ABCC2,PharmGKB_VA,VA,metabolism/pk
rs9934438,"acenocoumarol, phenprocoumon",VKORC1,PharmGKB_VA,VA,"dosage, toxicity"
rs2266782,sulindac,FMO3,PharmGKB_VA,VA,metabolism/pk
rs7311358,mycophenolate mofetil,SLCO1B3,PharmGKB_VA,VA,metabolism/pk
rs2266780,sulindac,FMO3,PharmGKB_VA,VA,metabolism/pk
rs4793665,morphine,ABCC3,PharmGKB_VA,VA,metabolism/pk
rs8105790,"peginterferon alfa-2a, ribavirin",IFNL3,PharmGKB_VA,VA,efficacy
rs4149056,atorvastatin,SLCO1B1,PharmGKB_VA,VA,metabolism/pk
rs8103142,"peginterferon alfa-2a, ribavirin",IFNL3,PharmGKB_VA,VA,efficacy
rs1523130,memantine,NR1I2,PharmGKB_VA,VA,metabolism/pk
rs1042713,benazepril,ADRB2,PharmGKB_VA,VA,efficacy
rs11881222,"peginterferon alfa-2a, ribavirin",IFNL3,PharmGKB_VA,VA,efficacy
rs7248668,"peginterferon alfa-2a, ribavirin",IFNL3,PharmGKB_VA,VA,efficacy
rs7968606,amisulpride,ANKS1B,PharmGKB_VA,VA,efficacy
rs28416813,"peginterferon alfa-2a, ribavirin",IFNL3,PharmGKB_VA,VA,efficacy
rs4803219,"peginterferon alfa-2a, ribavirin",IFNL3,PharmGKB_VA,VA,efficacy
rs1799971,morphine,OPRM1,PharmGKB_VA,VA,dosage
rs2069521,escitalopram,,PharmGKB_VA,VA,metabolism/pk
rs776746,imatinib,CYP3A5,PharmGKB_VA,VA,metabolism/pk
rs4238001,rosuvastatin,SCARB1,PharmGKB_VA,VA,efficacy
rs1045642,imatinib,ABCB1,PharmGKB_VA,VA,metabolism/pk
rs776746,imatinib,CYP3A5,PharmGKB_VA,VA,metabolism/pk
rs2273697,lacosamide,ABCC2,PharmGKB_VA,VA,metabolism/pk
rs1045642,imatinib,ABCB1,PharmGKB_VA,VA,metabolism/pk
rs4149056,simvastatin,SLCO1B1,PharmGKB_VA,VA,efficacy
rs11960832,olanzapine,SV2C,PharmGKB_VA,VA,efficacy
rs2240017,corticosteroids,TBX21,PharmGKB_VA,VA,efficacy
rs2238476,methotrexate,ABCC1,PharmGKB_VA,VA,efficacy
rs6314,antidepressants,HTR2A,PharmGKB_VA,VA,efficacy
rs1065852,"carbamazepine, lamotrigine, phenytoin, primidone, valproic acid",CYP2D6,PharmGKB_VA,VA,efficacy
rs9332120,"carbamazepine, lamotrigine, phenytoin, primidone, valproic acid",CYP2C9,PharmGKB_VA,VA,efficacy
rs776746,tacrolimus,CYP3A5,PharmGKB_VA,VA,metabolism/pk
rs3892097,"carbamazepine, lamotrigine, phenytoin, primidone, valproic acid",CYP2D6,PharmGKB_VA,VA,efficacy
rs2740574,"carbamazepine, lamotrigine, phenytoin, primidone, valproic acid",CYP3A4,PharmGKB_VA,VA,efficacy
rs2687116,"carbamazepine, lamotrigine, phenytoin, primidone, valproic acid",CYP3A4,PharmGKB_VA,VA,efficacy
rs776746,tacrolimus,CYP3A5,PharmGKB_VA,VA,"dosage, metabolism/pk"
rs61908411,duloxetine,ANO2,PharmGKB_VA,VA,efficacy
rs61908409,duloxetine,ANO2,PharmGKB_VA,VA,efficacy
rs61908410,duloxetine,ANO2,PharmGKB_VA,VA,efficacy
rs78615940,duloxetine,ANO2,PharmGKB_VA,VA,efficacy
rs78482393,duloxetine,ANO2,PharmGKB_VA,VA,efficacy
rs61908405,duloxetine,ANO2,PharmGKB_VA,VA,efficacy
rs61908406,duloxetine,ANO2,PharmGKB_VA,VA,efficacy
rs2781659,selective beta-2-adrenoreceptor agonists,ARG1,PharmGKB_VA,VA,efficacy
rs4244285,clopidogrel,CYP2C19,PharmGKB_VA,VA,efficacy
rs61908404,duloxetine,ANO2,PharmGKB_VA,VA,efficacy
rs61908408,duloxetine,ANO2,PharmGKB_VA,VA,efficacy
rs61908407,duloxetine,ANO2,PharmGKB_VA,VA,efficacy
rs17786412,duloxetine,ANO2,PharmGKB_VA,VA,efficacy
rs9923231,warfarin,VKORC1,PharmGKB_VA,VA,dosage
rs17786400,duloxetine,ANO2,PharmGKB_VA,VA,efficacy
rs9282564,methadone,ABCB1,PharmGKB_VA,VA,metabolism/pk
rs61908403,duloxetine,ANO2,PharmGKB_VA,VA,efficacy
rs61908402,duloxetine,ANO2,PharmGKB_VA,VA,efficacy
rs1801253,dobutamine,ADRB1,PharmGKB_VA,VA,efficacy
rs17724452,duloxetine,ANO2,PharmGKB_VA,VA,efficacy
rs2114358,glatiramer acetate,PVT1,PharmGKB_VA,VA,efficacy
rs7316769,duloxetine,,PharmGKB_VA,VA,efficacy
rs17724494,duloxetine,ANO2,PharmGKB_VA,VA,efficacy
rs56165452,warfarin,CYP2C9,PharmGKB_VA,VA,dosage
rs1045642,methadone,ABCB1,PharmGKB_VA,VA,metabolism/pk
rs17786394,duloxetine,ANO2,PharmGKB_VA,VA,efficacy
rs17724464,duloxetine,ANO2,PharmGKB_VA,VA,efficacy
rs7439366,methadone,UGT2B7,PharmGKB_VA,VA,metabolism/pk
rs9923231,warfarin,VKORC1,PharmGKB_VA,VA,dosage
rs9934438,warfarin,VKORC1,PharmGKB_VA,VA,dosage
rs9344,"pemetrexed, platinum compounds",CCND1,PharmGKB_VA,VA,efficacy
rs2359612,warfarin,VKORC1,PharmGKB_VA,VA,dosage
rs1801253,metoprolol,ADRB1,PharmGKB_VA,VA,efficacy
rs7294,warfarin,VKORC1,PharmGKB_VA,VA,dosage
rs10305420,liraglutide,GLP1R,PharmGKB_VA,VA,efficacy
rs2753325,lamotrigine,CACNA1H,PharmGKB_VA,VA,efficacy
rs3918290,fluorouracil,DPYD,PharmGKB_VA,VA,metabolism/pk
rs2297595,fluorouracil,DPYD,PharmGKB_VA,VA,metabolism/pk
rs6065,aspirin,GP1BA,PharmGKB_VA,VA,efficacy
rs1801160,fluorouracil,DPYD,PharmGKB_VA,VA,metabolism/pk
rs1801265,fluorouracil,DPYD,PharmGKB_VA,VA,metabolism/pk
rs717620,lacosamide,ABCC2,PharmGKB_VA,VA,metabolism/pk
rs11648166,anastrozole,,PharmGKB_VA,VA,metabolism/pk
rs9923231,warfarin,VKORC1,PharmGKB_VA,VA,dosage
rs2273697,lacosamide,ABCC2,PharmGKB_VA,VA,efficacy
rs717620,lacosamide,ABCC2,PharmGKB_VA,VA,efficacy
rs28845026,anastrozole,,PharmGKB_VA,VA,metabolism/pk
rs1045642,trazodone,ABCB1,PharmGKB_VA,VA,metabolism/pk
rs1057910,warfarin,CYP2C9,PharmGKB_VA,VA,dosage
rs4802101,cyclophosphamide,CYP2B6,PharmGKB_VA,VA,metabolism/pk
rs1801253,dobutamine,ADRB1,PharmGKB_VA,VA,efficacy
rs4149056,simvastatin acid,SLCO1B1,PharmGKB_VA,VA,metabolism/pk
rs10994982,methotrexate,ARID5B,PharmGKB_VA,VA,metabolism/pk
rs1799971,oxycodone,OPRM1,PharmGKB_VA,VA,efficacy
rs4244285,cyclophosphamide,CYP2C19,PharmGKB_VA,VA,metabolism/pk
rs1045642,imatinib,ABCB1,PharmGKB_VA,VA,metabolism/pk
rs4253778,fenofibrate,PPARA,PharmGKB_VA,VA,efficacy
rs11231809,methotrexate,SLC22A11,PharmGKB_VA,VA,efficacy
rs246240,methotrexate,ABCC1,PharmGKB_VA,VA,efficacy
rs3846662,hmg-coa reductase inhibitors,HMGCR,PharmGKB_VA,VA,efficacy
rs3784864,methotrexate,ABCC1,PharmGKB_VA,VA,efficacy
rs4244285,cyclophosphamide,CYP2C19,PharmGKB_VA,VA,efficacy
rs776746,4-hydroxycyclophosphamide,CYP3A5,PharmGKB_VA,VA,metabolism/pk
rs7254579,cyclophosphamide,CYP2B6,PharmGKB_VA,VA,metabolism/pk
rs445925,hmg-coa reductase inhibitors,,PharmGKB_VA,VA,efficacy
rs3745274,efavirenz,CYP2B6,PharmGKB_VA,VA,metabolism/pk
rs3745274,efavirenz,CYP2B6,PharmGKB_VA,VA,metabolism/pk
rs10455872,hmg-coa reductase inhibitors,LPA,PharmGKB_VA,VA,efficacy
rs1800795,fenofibrate,IL6,PharmGKB_VA,VA,efficacy
rs2070296,ranibizumab,NRP1,PharmGKB_VA,VA,efficacy
rs708272,atorvastatin,CETP,PharmGKB_VA,VA,efficacy
rs3828913,"peginterferon alfa-2a, peginterferon alfa-2b, ribavirin",MICB,PharmGKB_VA,VA,efficacy
rs13120400,methotrexate,ABCG2,PharmGKB_VA,VA,efficacy
rs77905,nicotine,DBH,PharmGKB_VA,VA,dosage
rs9923231,warfarin,VKORC1,PharmGKB_VA,VA,dosage
rs1137070,nicotine,MAOA,PharmGKB_VA,VA,dosage
rs1045642,"omeprazole, pantoprazole",ABCB1,PharmGKB_VA,VA,efficacy
rs7975232,deferasirox,VDR,PharmGKB_VA,VA,metabolism/pk
rs1364043,"fluvoxamine, milnacipran, paroxetine",HTR1A,PharmGKB_VA,VA,efficacy
rs2228570,deferasirox,VDR,PharmGKB_VA,VA,metabolism/pk
rs6465084,antipsychotics,GRM3,PharmGKB_VA,VA,toxicity
rs2289669,metformin,SLC47A1,PharmGKB_VA,VA,efficacy
rs2108622,warfarin,CYP4F2,PharmGKB_VA,VA,dosage
rs3745274,efavirenz,CYP2B6,PharmGKB_VA,VA,metabolism/pk
rs2289669,metformin,SLC47A1,PharmGKB_VA,VA,metabolism/pk
rs1057910,warfarin,CYP2C9,PharmGKB_VA,VA,dosage
rs12979860,"peginterferon alfa-2a, peginterferon alfa-2b, ribavirin",IFNL3,PharmGKB_VA,VA,efficacy
rs3745274,efavirenz,CYP2B6,PharmGKB_VA,VA,metabolism/pk
rs2307424,efavirenz,NR1I3,PharmGKB_VA,VA,metabolism/pk
rs2307424,efavirenz,NR1I3,PharmGKB_VA,VA,metabolism/pk
rs12817819,antihypertensives,ATP2B1,PharmGKB_VA,VA,efficacy
rs8099917,"peginterferon alfa-2a, peginterferon alfa-2b, ribavirin",IFNL3,PharmGKB_VA,VA,efficacy
rs1051741,warfarin,EPHX1,PharmGKB_VA,VA,dosage
rs8103142,"peginterferon alfa-2a, peginterferon alfa-2b, ribavirin",IFNL3,PharmGKB_VA,VA,efficacy
rs12980275,"peginterferon alfa-2a, peginterferon alfa-2b, ribavirin",IFNL3,PharmGKB_VA,VA,efficacy
rs9934438,warfarin,VKORC1,PharmGKB_VA,VA,dosage
rs11881222,"peginterferon alfa-2a, peginterferon alfa-2b, ribavirin",IFNL3,PharmGKB_VA,VA,efficacy
rs1057910,warfarin,CYP2C9,PharmGKB_VA,VA,dosage
rs1799930,isoniazid,NAT2,PharmGKB_VA,VA,metabolism/pk
rs1057910,warfarin,CYP2C9,PharmGKB_VA,VA,dosage
rs73189762,mercaptopurine,NUDT15,PharmGKB_VA,VA,dosage
rs7294,warfarin,PRSS53,PharmGKB_VA,VA,dosage
rs3745274,efavirenz,CYP2B6,PharmGKB_VA,VA,metabolism/pk
rs12979860,"peginterferon alfa-2a, peginterferon alfa-2b, ribavirin",IFNL3,PharmGKB_VA,VA,efficacy
rs2472677,isoniazid,NR1I2,PharmGKB_VA,VA,metabolism/pk
rs2238032,"amlodipine, felodipine",CACNA1C,PharmGKB_VA,VA,efficacy
rs4149032,isoniazid,SLCO1B1,PharmGKB_VA,VA,metabolism/pk
rs2239128,calcium channel blockers,CACNA1C,PharmGKB_VA,VA,efficacy
rs1799971,morphine,OPRM1,PharmGKB_VA,VA,efficacy
rs121434568,gefitinib,EGFR,PharmGKB_VA,VA,efficacy
rs8099917,"peginterferon alfa-2a, peginterferon alfa-2b, ribavirin",IFNL3,PharmGKB_VA,VA,efficacy
rs121434568,erlotinib,EGFR,PharmGKB_VA,VA,efficacy
rs2900478,hmg-coa reductase inhibitors,SLCO1B1,PharmGKB_VA,VA,efficacy
rs2239050,calcium channel blockers,CACNA1C,PharmGKB_VA,VA,efficacy
rs646776,hmg-coa reductase inhibitors,CELSR2,PharmGKB_VA,VA,efficacy
rs12233719,valproic acid,UGT2B7,PharmGKB_VA,VA,metabolism/pk
rs28399454,efavirenz,CYP2A6,PharmGKB_VA,VA,metabolism/pk
rs3745274,efavirenz,CYP2B6,PharmGKB_VA,VA,metabolism/pk
rs28399499,efavirenz,CYP2B6,PharmGKB_VA,VA,metabolism/pk
rs3745274,efavirenz,CYP2B6,PharmGKB_VA,VA,metabolism/pk
rs2238032,calcium channel blockers,CACNA1C,PharmGKB_VA,VA,efficacy
rs3745274,efavirenz,CYP2B6,PharmGKB_VA,VA,metabolism/pk
rs9923231,warfarin,VKORC1,PharmGKB_VA,VA,dosage
rs9923231,"phenprocoumon, warfarin",VKORC1,PharmGKB_VA,VA,dosage
rs2279343,efavirenz,CYP2B6,PharmGKB_VA,VA,metabolism/pk
rs1045642,atazanavir,ABCB1,PharmGKB_VA,VA,metabolism/pk
rs1799853,warfarin,CYP2C9,PharmGKB_VA,VA,dosage
rs7900194,warfarin,CYP2C9,PharmGKB_VA,VA,dosage
rs2279343,efavirenz,CYP2B6,PharmGKB_VA,VA,metabolism/pk
rs7668258,valproic acid,UGT2B7,PharmGKB_VA,VA,metabolism/pk
rs9923231,warfarin,VKORC1,PharmGKB_VA,VA,dosage
rs28371686,warfarin,CYP2C9,PharmGKB_VA,VA,dosage
rs429358,warfarin,APOC1,PharmGKB_VA,VA,dosage
rs7668258,valproic acid,UGT2B7,PharmGKB_VA,VA,metabolism/pk
rs7412,warfarin,APOC1,PharmGKB_VA,VA,dosage
rs2097432,infliximab,,PharmGKB_VA,VA,efficacy
rs1057910,warfarin,CYP2C9,PharmGKB_VA,VA,dosage
rs1061170,photodynamic therapy,CFH,PharmGKB_VA,VA,efficacy
rs7439366,valproic acid,UGT2B7,PharmGKB_VA,VA,metabolism/pk
rs2231142,risperidone,ABCG2,PharmGKB_VA,VA,metabolism/pk
rs9361233,fluoxetine,HTR1B,PharmGKB_VA,VA,efficacy
rs8192709,efavirenz,CYP2B6,PharmGKB_VA,VA,metabolism/pk
rs73277969,infliximab,,PharmGKB_VA,VA,efficacy
rs121908757,ivacaftor,CFTR,PharmGKB_VA,VA,efficacy
rs121909005,ivacaftor,CFTR,PharmGKB_VA,VA,efficacy
rs4244285,"aspirin, clopidogrel",CYP2C19,PharmGKB_VA,VA,efficacy
rs12248560,"aspirin, clopidogrel",CYP2C19,PharmGKB_VA,VA,nan
rs121908755,ivacaftor,CFTR,PharmGKB_VA,VA,efficacy
rs2768759,"aspirin, prasugrel",PEAR1,PharmGKB_VA,VA,efficacy
rs2032582,cyclosporine,ABCB1,PharmGKB_VA,VA,dosage
rs12041331,"aspirin, clopidogrel, prasugrel",PEAR1,PharmGKB_VA,VA,efficacy
rs4646437,cyclosporine,CYP3A4,PharmGKB_VA,VA,metabolism/pk
rs5443,hydralazine,GNB3,PharmGKB_VA,VA,efficacy
rs5443,isosorbide dinitrate,GNB3,PharmGKB_VA,VA,efficacy
rs397508453,ivacaftor,CFTR,PharmGKB_VA,VA,efficacy
rs776746,tacrolimus,CYP3A5,PharmGKB_VA,VA,dosage
rs121909013,ivacaftor,CFTR,PharmGKB_VA,VA,efficacy
rs4149056,lovastatin acid,SLCO1B1,PharmGKB_VA,VA,metabolism/pk
rs776746,simvastatin,CYP3A5,PharmGKB_VA,VA,metabolism/pk
rs121909041,ivacaftor,CFTR,PharmGKB_VA,VA,efficacy
rs2242480,tacrolimus,CYP3A4,PharmGKB_VA,VA,metabolism/pk
rs776746,simvastatin,CYP3A5,PharmGKB_VA,VA,metabolism/pk
rs4244285,"aspirin, clopidogrel",CYP2C19,PharmGKB_VA,VA,efficacy
rs74503330,ivacaftor,CFTR,PharmGKB_VA,VA,efficacy
rs4823613,lovastatin,PPARA,PharmGKB_VA,VA,metabolism/pk
rs762551,nevirapine,CYP1A2,PharmGKB_VA,VA,efficacy
rs1799971,fentanyl,OPRM1,PharmGKB_VA,VA,efficacy
rs4646,"anastrozole, letrozole, tamoxifen",CYP19A1,PharmGKB_VA,VA,efficacy
rs267606723,ivacaftor,CFTR,PharmGKB_VA,VA,efficacy
rs696692,serotonin,ERICH3,PharmGKB_VA,VA,other
rs80282562,ivacaftor,CFTR,PharmGKB_VA,VA,efficacy
rs1045642,tacrolimus,ABCB1,PharmGKB_VA,VA,dosage
rs4646437,cyclosporine,CYP3A4,PharmGKB_VA,VA,efficacy
rs4646,"anastrozole, letrozole, tamoxifen",CYP19A1,PharmGKB_VA,VA,efficacy
rs1799793,platinum compounds,ERCC2,PharmGKB_VA,VA,efficacy
rs11947402,serotonin,TSPAN5,PharmGKB_VA,VA,other
rs3745274,nevirapine,CYP2B6,PharmGKB_VA,VA,metabolism/pk
rs3761847,tumor necrosis factor alpha (tnf-alpha) inhibitors,TRAF1,PharmGKB_VA,VA,efficacy
rs4533622,thalidomide,CTNNB1,PharmGKB_VA,VA,efficacy
rs9934438,warfarin,VKORC1,PharmGKB_VA,VA,dosage
rs1799971,fentanyl,OPRM1,PharmGKB_VA,VA,dosage
rs193922525,ivacaftor,CFTR,PharmGKB_VA,VA,efficacy
rs4135385,"cyclophosphamide, dexamethasone, thalidomide",CTNNB1,PharmGKB_VA,VA,efficacy
rs2275913,opioids,IL17A,PharmGKB_VA,VA,"dosage, efficacy"
rs1048943,platinum compounds,CYP1A1,PharmGKB_VA,VA,efficacy
rs2108622,warfarin,CYP4F2,PharmGKB_VA,VA,dosage
rs2032582,tacrolimus,ABCB1,PharmGKB_VA,VA,dosage
rs9923231,warfarin,VKORC1,PharmGKB_VA,VA,dosage
rs11580409,"antidepressants, citalopram, escitalopram",ERICH3,PharmGKB_VA,VA,efficacy
rs1799971,ethanol,OPRM1,PharmGKB_VA,VA,other
rs2032582,cyclosporine,ABCB1,PharmGKB_VA,VA,dosage
rs10211,tacrolimus,CYP3A7,PharmGKB_VA,VA,metabolism/pk
rs9923231,warfarin,VKORC1,PharmGKB_VA,VA,"dosage, efficacy"
rs9923231,warfarin,VKORC1,PharmGKB_VA,VA,"dosage, efficacy"
rs1799971,"acetaminophen, tramadol",OPRM1,PharmGKB_VA,VA,efficacy
rs1801274,rituximab,FCGR2A,PharmGKB_VA,VA,efficacy
rs3745274,methadone,CYP2B6,PharmGKB_VA,VA,metabolism/pk
rs2942857,cotinine,UGT2B10,PharmGKB_VA,VA,metabolism/pk
rs6961071,fentanyl,,PharmGKB_VA,VA,efficacy
rs396991,rituximab,FCGR3A,PharmGKB_VA,VA,efficacy
rs2359612,warfarin,VKORC1,PharmGKB_VA,VA,dosage
rs13959,"cyclophosphamide, doxorubicin, fec100, fluorouracil",ALDH1A1,PharmGKB_VA,VA,efficacy
rs1057868,tacrolimus,POR,PharmGKB_VA,VA,metabolism/pk
rs2032582,methadone,ABCB1,PharmGKB_VA,VA,metabolism/pk
rs396991,tocilizumab,FCGR3A,PharmGKB_VA,VA,efficacy
rs1042714,carvedilol,ADRB2,PharmGKB_VA,VA,efficacy
rs13093031,fentanyl,,PharmGKB_VA,VA,efficacy
rs776746,"atorvastatin, lovastatin, simvastatin",CYP3A5,PharmGKB_VA,VA,efficacy
rs2942857,cotinine,UGT2B10,PharmGKB_VA,VA,metabolism/pk
rs1045642,clopidogrel,ABCB1,PharmGKB_VA,VA,efficacy
rs11615,cisplatin,ERCC1,PharmGKB_VA,VA,efficacy
rs2884737,warfarin,VKORC1,PharmGKB_VA,VA,dosage
rs7294,warfarin,PRSS53,PharmGKB_VA,VA,dosage
rs8050894,warfarin,VKORC1,PharmGKB_VA,VA,dosage
rs1045642,phenobarbital,ABCB1,PharmGKB_VA,VA,efficacy
rs1800822,tacrolimus,FMO3,PharmGKB_VA,VA,metabolism/pk
rs75527207,ivacaftor,CFTR,PharmGKB_VA,VA,efficacy
rs1417938,fenofibrate,CRP,PharmGKB_VA,VA,efficacy
rs4149056,pravastatin,SLCO1B1,PharmGKB_VA,VA,efficacy
rs2076828,metformin,SLC22A3,PharmGKB_VA,VA,efficacy
rs9361235,fluoxetine,HTR1B,PharmGKB_VA,VA,efficacy
rs61750900,n-desmethylclozapine,UGT2B10,PharmGKB_VA,VA,metabolism/pk
rs10517,warfarin,NQO1,PharmGKB_VA,VA,dosage
rs3091244,fenofibrate,CRP,PharmGKB_VA,VA,efficacy
rs35068180,pravastatin,MMP3,PharmGKB_VA,VA,efficacy
rs2011425,n-desmethylclozapine,UGT1A4,PharmGKB_VA,VA,metabolism/pk
rs3091244,fenofibrate,CRP,PharmGKB_VA,VA,efficacy
rs1128503,fentanyl,ABCB1,PharmGKB_VA,VA,efficacy
rs2108622,warfarin,CYP4F2,PharmGKB_VA,VA,dosage
rs1126545,clozapine,CYP2C18,PharmGKB_VA,VA,metabolism/pk
rs9934438,warfarin,VKORC1,PharmGKB_VA,VA,dosage
rs4149056,simvastatin,SLCO1B1,PharmGKB_VA,VA,efficacy
rs2298805,"desloratadine, mizolastine",FCER1A,PharmGKB_VA,VA,efficacy
rs17161788,atorvastatin,CYP3A5,PharmGKB_VA,VA,efficacy
rs8099917,"peginterferon alfa-2b, ribavirin",IFNL3,PharmGKB_VA,VA,efficacy
rs3917412,"capecitabine, fluorouracil, leucovorin, oxaliplatin",SELE,PharmGKB_VA,VA,efficacy
rs776746,atorvastatin,CYP3A5,PharmGKB_VA,VA,efficacy
rs2952768,opioids,,PharmGKB_VA,VA,efficacy
rs11591147,hmg-coa reductase inhibitors,PCSK9,PharmGKB_VA,VA,efficacy
rs28371759,imatinib,CYP3A4,PharmGKB_VA,VA,efficacy
rs2032582,digoxin,ABCB1,PharmGKB_VA,VA,metabolism/pk
rs1801133,"capecitabine, fluorouracil, leucovorin, oxaliplatin",MTHFR,PharmGKB_VA,VA,efficacy
rs17655,platinum,ERCC5,PharmGKB_VA,VA,efficacy
rs75389940,elexacaftor,CFTR,PharmGKB_VA,VA,efficacy
rs75389940,tezacaftor,CFTR,PharmGKB_VA,VA,efficacy
rs75389940,"ivacaftor, ivacaftor",CFTR,PharmGKB_VA,VA,efficacy
rs75389940,tezacaftor,CFTR,PharmGKB_VA,VA,efficacy
rs12233719,carvedilol,UGT2B7,PharmGKB_VA,VA,metabolism/pk
rs2036527,"bupropion, nicotine, varenicline",CHRNA5,PharmGKB_VA,VA,efficacy
rs16969968,"bupropion, nicotine, varenicline",CHRNA5,PharmGKB_VA,VA,efficacy
rs28365063,carvedilol,UGT2B7,PharmGKB_VA,VA,metabolism/pk
rs776746,tacrolimus,CYP3A5,PharmGKB_VA,VA,metabolism/pk
rs909530,tacrolimus,FMO3,PharmGKB_VA,VA,metabolism/pk
rs2032582,digoxin,ABCB1,PharmGKB_VA,VA,metabolism/pk
rs3814055,tacrolimus,NR1I2,PharmGKB_VA,VA,metabolism/pk
rs121909047,lumacaftor,CFTR,PharmGKB_VA,VA,efficacy
rs8094439,methadone,CDH2,PharmGKB_VA,VA,efficacy
rs4986790,pertussis vaccines,TLR4,PharmGKB_VA,VA,efficacy
rs1057868,tacrolimus,POR,PharmGKB_VA,VA,metabolism/pk
rs17446819,methadone,CDH2,PharmGKB_VA,VA,efficacy
rs1057910,warfarin,CYP2C9,PharmGKB_VA,VA,dosage
rs2231137,sorafenib,ABCG2,PharmGKB_VA,VA,metabolism/pk
rs376817657,nicotine,CYP2A6,PharmGKB_VA,VA,metabolism/pk
rs2231142,sorafenib,ABCG2,PharmGKB_VA,VA,metabolism/pk
rs683369,imatinib,SLC22A1,PharmGKB_VA,VA,efficacy
rs1045642,imatinib,ABCB1,PharmGKB_VA,VA,efficacy
rs4149056,simvastatin,SLCO1B1,PharmGKB_VA,VA,efficacy
rs1799971,fentanyl,OPRM1,PharmGKB_VA,VA,"dosage, efficacy"
rs1057910,warfarin,CYP2C9,PharmGKB_VA,VA,dosage
rs887829,bilirubin,UGT1A1,PharmGKB_VA,VA,metabolism/pk
rs1799853,warfarin,CYP2C9,PharmGKB_VA,VA,dosage
rs3758149,methotrexate,GGH,PharmGKB_VA,VA,efficacy
rs186364861,mercaptopurine,NUDT15,PharmGKB_VA,VA,dosage
rs179008,imiquimod,TLR7,PharmGKB_VA,VA,efficacy
rs116855232,mercaptopurine,NUDT15,PharmGKB_VA,VA,dosage
rs75527207,ivacaftor,CFTR,PharmGKB_VA,VA,efficacy
rs11545077,methotrexate,GGH,PharmGKB_VA,VA,efficacy
rs9923231,warfarin,VKORC1,PharmGKB_VA,VA,"dosage, other"
rs5443,clonidine,GNB3,PharmGKB_VA,VA,efficacy
rs75527207,ivacaftor,CFTR,PharmGKB_VA,VA,efficacy
rs61750900,clozapine,UGT2B10,PharmGKB_VA,VA,metabolism/pk
rs1277441,opioids,TAOK3,PharmGKB_VA,VA,dosage
rs75527207,ivacaftor,CFTR,PharmGKB_VA,VA,efficacy
rs795484,opioids,TAOK3,PharmGKB_VA,VA,dosage
rs3745274,efavirenz,CYP2B6,PharmGKB_VA,VA,metabolism/pk
rs1799971,fentanyl,OPRM1,PharmGKB_VA,VA,dosage
rs795484,opioids,TAOK3,PharmGKB_VA,VA,dosage
rs1128503,fentanyl,ABCB1,PharmGKB_VA,VA,dosage
rs3742106,tenofovir,ABCC4,PharmGKB_VA,VA,metabolism/pk
rs1801133,vitamin b12 and folic acid,MTHFR,PharmGKB_VA,VA,efficacy
rs1801133,methotrexate,MTHFR,PharmGKB_VA,VA,"toxicity, metabolism/pk"
rs5186,captopril,AGTR1,PharmGKB_VA,VA,efficacy
rs1695,anthracyclines and related substances,GSTP1,PharmGKB_VA,VA,efficacy
rs4149056,simvastatin,SLCO1B1,PharmGKB_VA,VA,efficacy
rs25678,daunorubicin,CBR1,PharmGKB_VA,VA,metabolism/pk
rs1045642,silibinin,ABCB1,PharmGKB_VA,VA,metabolism/pk
rs78655421,ivacaftor,CFTR,PharmGKB_VA,VA,efficacy
rs3745274,nevirapine,CYP2B6,PharmGKB_VA,VA,"toxicity, metabolism/pk"
rs1142345,mercaptopurine,TPMT,PharmGKB_VA,VA,dosage
rs4244285,citalopram,CYP2C19,PharmGKB_VA,VA,efficacy
rs1910167,bilirubin,SLCO1B1,PharmGKB_VA,VA,metabolism/pk
rs4244285,citalopram,CYP2C19,PharmGKB_VA,VA,metabolism/pk
rs75527207,ivacaftor,CFTR,PharmGKB_VA,VA,efficacy
rs5443,atenolol,GNB3,PharmGKB_VA,VA,efficacy
rs2233945,etanercept,PSORS1C1,PharmGKB_VA,VA,efficacy
rs1057868,tacrolimus,POR,PharmGKB_VA,VA,metabolism/pk
rs2274407,mercaptopurine,ABCC4,PharmGKB_VA,VA,dosage
rs3745274,efavirenz,CYP2B6,PharmGKB_VA,VA,metabolism/pk
rs4290270,disulfiram,TPH2,PharmGKB_VA,VA,efficacy
rs11064426,atenolol,GNB3,PharmGKB_VA,VA,efficacy
rs5522,enalapril,NR3C2,PharmGKB_VA,VA,efficacy
rs2301339,atenolol,GNB3,PharmGKB_VA,VA,efficacy
rs5443,atenolol,GNB3,PharmGKB_VA,VA,efficacy
rs116855232,mercaptopurine,NUDT15,PharmGKB_VA,VA,dosage
rs11064426,atenolol,GNB3,PharmGKB_VA,VA,efficacy
rs4086116,acenocoumarol,CYP2C9,PharmGKB_VA,VA,dosage
rs11064426,atenolol,GNB3,PharmGKB_VA,VA,efficacy
rs7574865,etanercept,STAT4,PharmGKB_VA,VA,efficacy
rs2301339,atenolol,GNB3,PharmGKB_VA,VA,efficacy
rs11545076,methotrexate,GGH,PharmGKB_VA,VA,efficacy
rs1128503,digoxin,ABCB1,PharmGKB_VA,VA,metabolism/pk
rs2231142,allopurinol,ABCG2,PharmGKB_VA,VA,efficacy
rs4149015,pravastatin,SLCO1B1,PharmGKB_VA,VA,"efficacy, metabolism/pk"
rs1045642,digoxin,ABCB1,PharmGKB_VA,VA,metabolism/pk
rs75527207,ivacaftor,CFTR,PharmGKB_VA,VA,efficacy
rs2032582,digoxin,ABCB1,PharmGKB_VA,VA,metabolism/pk
rs75527207,"ivacaftor, tezacaftor",CFTR,PharmGKB_VA,VA,efficacy
rs4149056,"atorvastatin, hmg-coa reductase inhibitors, pravastatin, simvastatin",SLCO1B1,PharmGKB_VA,VA,efficacy
rs2230806,fenofibrate,ABCA1,PharmGKB_VA,VA,efficacy
rs6313,sertraline,HTR2A,PharmGKB_VA,VA,dosage
rs2230808,fenofibrate,ABCA1,PharmGKB_VA,VA,efficacy
rs79419059,platinum compounds,NUP107,PharmGKB_VA,VA,efficacy
rs2230806,fenofibrate,ABCA1,PharmGKB_VA,VA,efficacy
rs4680,venlafaxine,COMT,PharmGKB_VA,VA,efficacy
rs1800566,warfarin,NQO1,PharmGKB_VA,VA,dosage
rs1799853,ketoprofen,CYP2C9,PharmGKB_VA,VA,efficacy
rs3745274,efavirenz,CYP2B6,PharmGKB_VA,VA,metabolism/pk
rs776746,tacrolimus,CYP3A5,PharmGKB_VA,VA,metabolism/pk
rs1800629,etanercept,TNF,PharmGKB_VA,VA,efficacy
rs1516338,antidepressants,CHL1,PharmGKB_VA,VA,efficacy
rs1267067,adalimumab,TANK,PharmGKB_VA,VA,efficacy
rs9934438,warfarin,VKORC1,PharmGKB_VA,VA,dosage
rs15524,tacrolimus,CYP3A5,PharmGKB_VA,VA,metabolism/pk
rs25648,adalimumab,VEGFA,PharmGKB_VA,VA,efficacy
rs1801253,carvedilol,ADRB1,PharmGKB_VA,VA,dosage
rs4646450,tacrolimus,CYP3A5,PharmGKB_VA,VA,metabolism/pk
rs361525,infliximab,TNF,PharmGKB_VA,VA,efficacy
rs11045879,methotrexate,SLCO1B1,PharmGKB_VA,VA,metabolism/pk
rs9923231,warfarin,VKORC1,PharmGKB_VA,VA,dosage
rs4646437,tacrolimus,CYP3A4,PharmGKB_VA,VA,metabolism/pk
rs10995,hydrochlorothiazide,VASP,PharmGKB_VA,VA,efficacy
rs2230926,adalimumab,TNFAIP3,PharmGKB_VA,VA,efficacy
rs776746,tacrolimus,CYP3A5,PharmGKB_VA,VA,metabolism/pk
rs2838958,methotrexate,SLC19A1,PharmGKB_VA,VA,metabolism/pk
rs4149056,"simvastatin, simvastatin acid",SLCO1B1,PharmGKB_VA,VA,metabolism/pk
rs1057910,warfarin,CYP2C9,PharmGKB_VA,VA,dosage
rs9934438,warfarin,VKORC1,PharmGKB_VA,VA,dosage
rs121908757,ivacaftor,CFTR,PharmGKB_VA,VA,efficacy
rs3788200,methotrexate,SLC19A1,PharmGKB_VA,VA,metabolism/pk
rs2314339,lithium,NR1D1,PharmGKB_VA,VA,efficacy
rs2108622,warfarin,CYP4F2,PharmGKB_VA,VA,dosage
rs776746,tacrolimus,CYP3A5,PharmGKB_VA,VA,metabolism/pk
rs1057910,warfarin,CYP2C9,PharmGKB_VA,VA,dosage
rs9923231,warfarin,VKORC1,PharmGKB_VA,VA,dosage
rs2301339,atenolol,GNB3,PharmGKB_VA,VA,efficacy
rs13181,"bevacizumab, capecitabine, cisplatin, docetaxel, epirubicin, oxaliplatin, trastuzumab",ERCC2,PharmGKB_VA,VA,efficacy
rs429358,acenocoumarol,APOE,PharmGKB_VA,VA,dosage
rs2108622,warfarin,CYP4F2,PharmGKB_VA,VA,dosage
rs8050894,warfarin,VKORC1,PharmGKB_VA,VA,dosage
rs2108622,warfarin,CYP4F2,PharmGKB_VA,VA,dosage
rs2359612,warfarin,VKORC1,PharmGKB_VA,VA,dosage
rs73208473,atazanavir,SORCS2,PharmGKB_VA,VA,metabolism/pk
rs2231142,rosuvastatin,ABCG2,PharmGKB_VA,VA,metabolism/pk
rs11615,"bevacizumab, capecitabine, cisplatin, docetaxel, epirubicin, oxaliplatin, trastuzumab",ERCC1,PharmGKB_VA,VA,efficacy
rs2108622,warfarin,CYP4F2,PharmGKB_VA,VA,dosage
rs9923231,warfarin,VKORC1,PharmGKB_VA,VA,dosage
rs1801133,"bevacizumab, capecitabine, cisplatin, docetaxel, epirubicin, oxaliplatin, trastuzumab",MTHFR,PharmGKB_VA,VA,efficacy
rs806368,methadone,CNR1,PharmGKB_VA,VA,dosage
rs1386493,methadone,TPH2,PharmGKB_VA,VA,dosage
rs5065,"bumetanide, furosemide, torasemide",NPPA-AS1,PharmGKB_VA,VA,efficacy
rs7439366,morphine,UGT2B7,PharmGKB_VA,VA,metabolism/pk
rs20455,"atorvastatin, simvastatin",KIF6,PharmGKB_VA,VA,efficacy
rs35303484,efavirenz,CYP2B6,PharmGKB_VA,VA,metabolism/pk
rs16974799,methadone,CYP2B6,PharmGKB_VA,VA,dosage
rs2229205,methadone,OPRL1,PharmGKB_VA,VA,dosage
rs20455,rosuvastatin,KIF6,PharmGKB_VA,VA,efficacy
rs34548976,"adrenergics, inhalants",,PharmGKB_VA,VA,efficacy
rs2832407,topiramate,GRIK1,PharmGKB_VA,VA,metabolism/pk
rs4961,"bumetanide, furosemide, torasemide",ADD1,PharmGKB_VA,VA,efficacy
rs2072671,"cisplatin, gemcitabine",CDA,PharmGKB_VA,VA,efficacy
rs2832407,topiramate,GRIK1,PharmGKB_VA,VA,efficacy
rs20455,atorvastatin,KIF6,PharmGKB_VA,VA,efficacy
rs11615,"cisplatin, gemcitabine",ERCC1,PharmGKB_VA,VA,efficacy
rs1529927,"bumetanide, furosemide, torasemide",SLC12A3,PharmGKB_VA,VA,efficacy
rs3745274,efavirenz,CYP2B6,PharmGKB_VA,VA,metabolism/pk
rs1922242,fluvastatin,ABCB1,PharmGKB_VA,VA,efficacy
rs2237897,gliclazide,KCNQ1,PharmGKB_VA,VA,efficacy
rs1060467,warfarin,CYP4F11,PharmGKB_VA,VA,dosage
rs9369421,"carboplatin, taxanes",VEGFA,PharmGKB_VA,VA,efficacy
rs1080985,debrisoquine,CYP2D6,PharmGKB_VA,VA,metabolism/pk
rs35599367,tacrolimus,CYP3A4,PharmGKB_VA,VA,metabolism/pk
rs28399433,efavirenz,CYP2A6,PharmGKB_VA,VA,metabolism/pk
rs4783961,fluvastatin,CETP,PharmGKB_VA,VA,efficacy
rs776746,tacrolimus,CYP3A5,PharmGKB_VA,VA,metabolism/pk
rs9282564,tacrolimus,ABCB1,PharmGKB_VA,VA,metabolism/pk
rs1801394,methotrexate,MTRR,PharmGKB_VA,VA,metabolism/pk
rs9923231,warfarin,VKORC1,PharmGKB_VA,VA,dosage
rs12979860,tenofovir,IFNL3,PharmGKB_VA,VA,metabolism/pk
rs1128503,glucocorticoids,ABCB1,PharmGKB_VA,VA,efficacy
rs622342,metformin,SLC22A1,PharmGKB_VA,VA,efficacy
rs1045642,glucocorticoids,ABCB1,PharmGKB_VA,VA,efficacy
rs1427407,hydroxyurea,BCL11A,PharmGKB_VA,VA,efficacy
rs766432,hydroxyurea,BCL11A,PharmGKB_VA,VA,efficacy
rs2860905,warfarin,CYP2C9,PharmGKB_VA,VA,dosage
rs7439366,fentanyl,UGT2B7,PharmGKB_VA,VA,efficacy
rs1057910,warfarin,CYP2C9,PharmGKB_VA,VA,"dosage, efficacy"
rs1042713,tiotropium,ADRB2,PharmGKB_VA,VA,efficacy
rs8187710,lumefantrine,ABCC2,PharmGKB_VA,VA,metabolism/pk
rs80034486,elexacaftor,CFTR,PharmGKB_VA,VA,efficacy
rs80034486,tezacaftor,CFTR,PharmGKB_VA,VA,efficacy
rs80034486,ivacaftor,CFTR,PharmGKB_VA,VA,efficacy
rs7412,atorvastatin,APOE,PharmGKB_VA,VA,efficacy
rs1045642,methadone,ABCB1,PharmGKB_VA,VA,metabolism/pk
rs5065,"bumetanide, furosemide, torasemide",NPPA-AS1,PharmGKB_VA,VA,efficacy
rs9934438,warfarin,VKORC1,PharmGKB_VA,VA,dosage
rs1045642,clopidogrel,ABCB1,PharmGKB_VA,VA,efficacy
rs5443,"bumetanide, furosemide, torasemide",GNB3,PharmGKB_VA,VA,efficacy
rs7439366,morphine,UGT2B7,PharmGKB_VA,VA,efficacy
rs5063,"bumetanide, furosemide, torasemide",NPPA-AS1,PharmGKB_VA,VA,efficacy
rs2070959,valproic acid,UGT1A6,PharmGKB_VA,VA,metabolism/pk
rs1105879,valproic acid,UGT1A6,PharmGKB_VA,VA,metabolism/pk
rs6314,clozapine,HTR2A,PharmGKB_VA,VA,efficacy
rs4149056,fluvastatin,SLCO1B1,PharmGKB_VA,VA,efficacy
rs4341,pravastatin,ACE,PharmGKB_VA,VA,efficacy
rs328,pravastatin,LPL,PharmGKB_VA,VA,efficacy
rs708272,lovastatin,CETP,PharmGKB_VA,VA,efficacy
rs9923231,warfarin,VKORC1,PharmGKB_VA,VA,dosage
rs10028494,fentanyl,UGT2B7,PharmGKB_VA,VA,efficacy
rs1801133,methotrexate,MTHFR,PharmGKB_VA,VA,metabolism/pk
rs1051730,nicotine,CHRNA3,PharmGKB_VA,VA,metabolism/pk
rs1800588,fluvastatin,LIPC,PharmGKB_VA,VA,efficacy
rs2472297,clozapine,CYP1A1,PharmGKB_VA,VA,metabolism/pk
rs114119971,methylphenidate,CES1,PharmGKB_VA,VA,dosage
rs1800588,simvastatin,LIPC,PharmGKB_VA,VA,efficacy
rs25648,"cisplatin, fluorouracil, oxaliplatin",VEGFA,PharmGKB_VA,VA,efficacy
rs2108622,warfarin,CYP4F2,PharmGKB_VA,VA,dosage
rs2032582,atorvastatin,ABCB1,PharmGKB_VA,VA,efficacy
rs75527207,ivacaftor,CFTR,PharmGKB_VA,VA,efficacy
rs4149036,atorvastatin,SLCO1B1,PharmGKB_VA,VA,efficacy
rs776746,atorvastatin,CYP3A5,PharmGKB_VA,VA,efficacy
rs2770150,pertussis vaccines,TLR4,PharmGKB_VA,VA,efficacy
rs6025211,"cisplatin, fluorouracil, mitoxantrone",,PharmGKB_VA,VA,efficacy
rs2032582,tacrolimus,ABCB1,PharmGKB_VA,VA,efficacy
rs2291073,lovastatin,SLCO1B1,PharmGKB_VA,VA,efficacy
rs1128503,tacrolimus,ABCB1,PharmGKB_VA,VA,efficacy
rs8187725,"catecholamines, metformin",SLC22A3,PharmGKB_VA,VA,"other, metabolism/pk"
rs688,lovastatin,LDLR,PharmGKB_VA,VA,efficacy
rs2239050,amlodipine,CACNA1C,PharmGKB_VA,VA,efficacy
rs4986910,fluvastatin,CYP3A4,PharmGKB_VA,VA,efficacy
rs698,naltrexone,ADH1C,PharmGKB_VA,VA,efficacy
rs2066702,naltrexone,ADH1B,PharmGKB_VA,VA,efficacy
rs5925,lovastatin,LDLR,PharmGKB_VA,VA,efficacy
rs9679162,"cisplatin, fluorouracil, mitoxantrone",GALNT14,PharmGKB_VA,VA,efficacy
rs6313,fluoxetine,HTR2A,PharmGKB_VA,VA,efficacy
rs671,naltrexone,ALDH2,PharmGKB_VA,VA,efficacy
rs8109525,varenicline,CYP2B6,PharmGKB_VA,VA,efficacy
rs1128503,tacrolimus,ABCB1,PharmGKB_VA,VA,dosage
rs7089580,warfarin,CYP2C9,PharmGKB_VA,VA,dosage
rs2046934,clopidogrel,P2RY12,PharmGKB_VA,VA,efficacy
rs776746,tacrolimus,CYP3A5,PharmGKB_VA,VA,metabolism/pk
rs1045642,tacrolimus,ABCB1,PharmGKB_VA,VA,dosage
rs3814637,warfarin,CYP2C19,PharmGKB_VA,VA,dosage
rs2032582,tacrolimus,ABCB1,PharmGKB_VA,VA,dosage
rs4917639,warfarin,CYP2C9,PharmGKB_VA,VA,dosage
rs2359612,warfarin,VKORC1,PharmGKB_VA,VA,dosage
rs2257401,tacrolimus,CYP3A7,PharmGKB_VA,VA,metabolism/pk
rs3732759,clopidogrel,P2RY12,PharmGKB_VA,VA,efficacy
rs1045642,"antibiotics, esomeprazole",ABCB1,PharmGKB_VA,VA,efficacy
rs833061,"carfilzomib, dexamethasone, lenalidomide",VEGFA,PharmGKB_VA,VA,efficacy
rs2231142,dolutegravir,ABCG2,PharmGKB_VA,VA,metabolism/pk
rs6280,quetiapine,DRD3,PharmGKB_VA,VA,metabolism/pk
rs1128503,clopidogrel,ABCB1,PharmGKB_VA,VA,efficacy
rs9679162,"cisplatin, fluorouracil",GALNT14,PharmGKB_VA,VA,efficacy
rs2305948,"carfilzomib, dexamethasone, lenalidomide",KDR,PharmGKB_VA,VA,efficacy
rs1870377,"carfilzomib, dexamethasone, lenalidomide",KDR,PharmGKB_VA,VA,efficacy
rs1799971,morphine,OPRM1,PharmGKB_VA,VA,dosage
rs9679162,sorafenib,GALNT14,PharmGKB_VA,VA,efficacy
rs2273697,mycophenolic acid,ABCC2,PharmGKB_VA,VA,metabolism/pk
rs776746,tacrolimus,CYP3A5,PharmGKB_VA,VA,dosage
rs717620,mycophenolic acid,ABCC2,PharmGKB_VA,VA,metabolism/pk
rs7583431,fentanyl,ATF2,PharmGKB_VA,VA,efficacy
rs717620,mycophenolic acid,ABCC2,PharmGKB_VA,VA,metabolism/pk
rs9923231,warfarin,VKORC1,PharmGKB_VA,VA,dosage
rs3814055,tacrolimus,NR1I2,PharmGKB_VA,VA,dosage
rs2110166,"aflibercept, ranibizumab",ANO2,PharmGKB_VA,VA,efficacy
rs3814055,tacrolimus,NR1I2,PharmGKB_VA,VA,metabolism/pk
rs2242446,venlafaxine,SLC6A2,PharmGKB_VA,VA,efficacy
rs2273697,mycophenolic acid,ABCC2,PharmGKB_VA,VA,metabolism/pk
rs9923231,warfarin,VKORC1,PharmGKB_VA,VA,dosage
rs12979860,"boceprevir, peginterferon alfa-2a, peginterferon alfa-2b, ribavirin, telaprevir",IFNL3,PharmGKB_VA,VA,efficacy
rs1799724,tumor necrosis factor alpha (tnf-alpha) inhibitors,TNF,PharmGKB_VA,VA,efficacy
rs6494223,"donepezil, galantamine, rivastigmine",CHRNA7,PharmGKB_VA,VA,efficacy
rs1801274,adalimumab,FCGR2A,PharmGKB_VA,VA,efficacy
rs2612091,fluorouracil,ENOSF1,PharmGKB_VA,VA,efficacy
rs4149056,simvastatin acid,SLCO1B1,PharmGKB_VA,VA,metabolism/pk
rs1801253,dobutamine,ADRB1,PharmGKB_VA,VA,efficacy
rs7728773,"daclatasvir, sofosbuvir",HINT1,PharmGKB_VA,VA,efficacy
rs116855232,mercaptopurine,NUDT15,PharmGKB_VA,VA,dosage
rs1800795,"adalimumab, etanercept, infliximab",IL6,PharmGKB_VA,VA,efficacy
rs78015114,lithium,,PharmGKB_VA,VA,efficacy
rs678849,buprenorphine,OPRD1,PharmGKB_VA,VA,efficacy
rs17183814,"carbamazepine, phenobarbital, phenytoin, valproic acid",SCN2A,PharmGKB_VA,VA,efficacy
rs776746,quetiapine,CYP3A5,PharmGKB_VA,VA,metabolism/pk
rs79663003,lithium,,PharmGKB_VA,VA,efficacy
rs1203844,apremilast,CYP3A4,PharmGKB_VA,VA,efficacy
rs35599367,apremilast,CYP3A4,PharmGKB_VA,VA,efficacy
rs9370867,atorvastatin,MYLIP,PharmGKB_VA,VA,efficacy
rs75222709,lithium,,PharmGKB_VA,VA,efficacy
rs74795342,lithium,,PharmGKB_VA,VA,efficacy
rs295943,apremilast,PDE4D,PharmGKB_VA,VA,efficacy
rs1800544,methylphenidate,ADRA2A,PharmGKB_VA,VA,efficacy
rs12487736,simvastatin,SCAP,PharmGKB_VA,VA,efficacy
rs1057910,warfarin,CYP2C9,PharmGKB_VA,VA,dosage
rs2069514,caffeine,CYP1A2,PharmGKB_VA,VA,"other, metabolism/pk"
rs1063192,apremilast,CDKN2B,PharmGKB_VA,VA,efficacy
rs1800588,pravastatin,LIPC,PharmGKB_VA,VA,efficacy
rs1799853,warfarin,CYP2C9,PharmGKB_VA,VA,dosage
rs28399499,efavirenz,CYP2B6,PharmGKB_VA,VA,metabolism/pk
rs5186,losartan,AGTR1,PharmGKB_VA,VA,efficacy
rs6314,olanzapine,HTR2A,PharmGKB_VA,VA,efficacy
rs1128503,simvastatin,ABCB1,PharmGKB_VA,VA,efficacy
rs116855232,"azathioprine, mercaptopurine",NUDT15,PharmGKB_VA,VA,toxicity
rs9923231,warfarin,VKORC1,PharmGKB_VA,VA,dosage
rs1061170,bevacizumab,CFH,PharmGKB_VA,VA,dosage
rs678849,methadone,OPRD1,PharmGKB_VA,VA,efficacy
rs116855232,"azathioprine, mercaptopurine",NUDT15,PharmGKB_VA,VA,dosage
rs10490924,bevacizumab,ARMS2,PharmGKB_VA,VA,efficacy
rs4149056,pravastatin,SLCO1B1,PharmGKB_VA,VA,metabolism/pk
rs2032582,simvastatin,ABCB1,PharmGKB_VA,VA,efficacy
rs1800566,warfarin,NQO1,PharmGKB_VA,VA,dosage
rs4149056,atorvastatin,SLCO1B1,PharmGKB_VA,VA,metabolism/pk
rs4149056,atorvastatin,SLCO1B1,PharmGKB_VA,VA,metabolism/pk
rs2273697,deferasirox,ABCC2,PharmGKB_VA,VA,metabolism/pk
rs2392165,budesonide,,PharmGKB_VA,VA,efficacy
rs1080985,thioridazine,CYP2D6,PharmGKB_VA,VA,metabolism/pk
rs2306283,pravastatin,SLCO1B1,PharmGKB_VA,VA,metabolism/pk
rs2470890,deferasirox,CYP1A2,PharmGKB_VA,VA,metabolism/pk
rs116855232,mercaptopurine,NUDT15,PharmGKB_VA,VA,dosage
rs762551,deferasirox,CYP1A2,PharmGKB_VA,VA,metabolism/pk
rs2273697,atorvastatin,ABCC2,PharmGKB_VA,VA,efficacy
rs1076560,olanzapine,DRD2,PharmGKB_VA,VA,efficacy
rs2606345,deferasirox,CYP1A1,PharmGKB_VA,VA,metabolism/pk
rs887829,deferasirox,UGT1A1,PharmGKB_VA,VA,metabolism/pk
rs2296651,pravastatin,SLC10A1,PharmGKB_VA,VA,metabolism/pk
rs1801274,"adalimumab, etanercept, infliximab",FCGR2A,PharmGKB_VA,VA,efficacy
rs1801133,capecitabine,MTHFR,PharmGKB_VA,VA,metabolism/pk
rs12979860,"daclatasvir, sofosbuvir",IFNL3,PharmGKB_VA,VA,efficacy
rs6973474,buprenorphine,,PharmGKB_VA,VA,efficacy
rs13169373,buprenorphine,,PharmGKB_VA,VA,efficacy
rs3892097,haloperidol,CYP2D6,PharmGKB_VA,VA,efficacy
rs28399499,nevirapine,CYP2B6,PharmGKB_VA,VA,metabolism/pk
rs628031,imatinib,SLC22A1,PharmGKB_VA,VA,metabolism/pk
rs776746,tacrolimus,CYP3A5,PharmGKB_VA,VA,dosage
rs62368105,buprenorphine,,PharmGKB_VA,VA,efficacy
rs11782370,buprenorphine,,PharmGKB_VA,VA,efficacy
rs396991,"adalimumab, etanercept, infliximab",FCGR3A,PharmGKB_VA,VA,efficacy
rs7205113,buprenorphine,,PharmGKB_VA,VA,efficacy
rs1800896,etanercept,IL10,PharmGKB_VA,VA,efficacy
rs756770,buprenorphine,ADAMTSL2,PharmGKB_VA,VA,efficacy
rs720106,"cisplatin, gemcitabine",RRM1,PharmGKB_VA,VA,efficacy
rs1800471,etanercept,TGFB1,PharmGKB_VA,VA,efficacy
rs2306283,atorvastatin,SLCO1B1,PharmGKB_VA,VA,efficacy
rs3745274,"efavirenz, non-nucleoside reverse transcriptase inhibitors",CYP2B6,PharmGKB_VA,VA,efficacy
rs2279345,efavirenz,CYP2B6,PharmGKB_VA,VA,metabolism/pk
rs3745274,efavirenz,CYP2B6,PharmGKB_VA,VA,efficacy
rs4149056,methotrexate,SLCO1B1,PharmGKB_VA,VA,metabolism/pk
rs10931910,xk469,AOX1,PharmGKB_VA,VA,metabolism/pk
rs662,simvastatin,PON1,PharmGKB_VA,VA,efficacy
rs3745274,efavirenz,CYP2B6,PharmGKB_VA,VA,metabolism/pk
rs116855232,mercaptopurine,NUDT15,PharmGKB_VA,VA,dosage
rs1800629,etanercept,TNF,PharmGKB_VA,VA,efficacy
rs1142345,mercaptopurine,TPMT,PharmGKB_VA,VA,dosage
rs3745274,nevirapine,CYP2B6,PharmGKB_VA,VA,metabolism/pk
rs1801253,bucindolol,ADRB1,PharmGKB_VA,VA,efficacy
rs3745274,efavirenz,CYP2B6,PharmGKB_VA,VA,metabolism/pk
rs4986907,tacrolimus,CYP3A4,PharmGKB_VA,VA,metabolism/pk
rs3745274,nevirapine,CYP2B6,PharmGKB_VA,VA,metabolism/pk
rs3745274,efavirenz,CYP2B6,PharmGKB_VA,VA,metabolism/pk
rs9923231,phenprocoumon,VKORC1,PharmGKB_VA,VA,dosage
rs2189784,warfarin,CYP4F2,PharmGKB_VA,VA,dosage
rs1051740,phenprocoumon,EPHX1,PharmGKB_VA,VA,"dosage, metabolism/pk"
rs1800629,"aspirin, diclofenac, ibuprofen, indomethacin, ketorolac, naproxen",TNF,PharmGKB_VA,VA,efficacy
rs1799808,phenprocoumon,PROC,PharmGKB_VA,VA,"dosage, metabolism/pk"
rs7668258,lamotrigine,UGT2B7,PharmGKB_VA,VA,metabolism/pk
rs1800629,infliximab,TNF,PharmGKB_VA,VA,efficacy
rs1050152,imatinib,SLC22A4,PharmGKB_VA,VA,efficacy
rs9923231,warfarin,VKORC1,PharmGKB_VA,VA,dosage
rs1800629,atorvastatin,TNF,PharmGKB_VA,VA,metabolism/pk
rs2631367,imatinib,SLC22A5,PharmGKB_VA,VA,efficacy
rs2631372,imatinib,SLC22A5,PharmGKB_VA,VA,efficacy
rs784888,metformin,SP1,PharmGKB_VA,VA,metabolism/pk
rs1799724,etanercept,TNF,PharmGKB_VA,VA,efficacy
rs2260863,warfarin,EPHX1,PharmGKB_VA,VA,dosage
rs7412,warfarin,APOE,PharmGKB_VA,VA,dosage
rs9923231,warfarin,VKORC1,PharmGKB_VA,VA,dosage
rs2279343,cyclophosphamide,CYP2B6,PharmGKB_VA,VA,efficacy
rs28371759,warfarin,CYP3A4,PharmGKB_VA,VA,dosage
rs1045642,clopidogrel,ABCB1,PharmGKB_VA,VA,efficacy
rs2069514,warfarin,CYP1A2,PharmGKB_VA,VA,dosage
rs9561765,imatinib,ABCC4,PharmGKB_VA,VA,efficacy
rs9923231,warfarin,VKORC1,PharmGKB_VA,VA,dosage
rs6280,atorvastatin,DRD3,PharmGKB_VA,VA,metabolism/pk
rs1143671,warfarin,SLC15A2,PharmGKB_VA,VA,dosage
rs1801133,atorvastatin,MTHFR,PharmGKB_VA,VA,metabolism/pk
rs2011425,lamotrigine,UGT1A4,PharmGKB_VA,VA,metabolism/pk
rs2260863,warfarin,EPHX1,PharmGKB_VA,VA,dosage
rs1523130,ritonavir,NR1I2,PharmGKB_VA,VA,metabolism/pk
rs9923231,warfarin,VKORC1,PharmGKB_VA,VA,dosage
rs316019,l-tryptophan,SLC22A2,PharmGKB_VA,VA,metabolism/pk
rs9923231,warfarin,VKORC1,PharmGKB_VA,VA,dosage
rs9934438,phenprocoumon,VKORC1,PharmGKB_VA,VA,dosage
rs4149056,ritonavir,SLCO1B1,PharmGKB_VA,VA,metabolism/pk
rs2032582,ritonavir,ABCB1,PharmGKB_VA,VA,metabolism/pk
rs13386048,erenumab,RAMP1,PharmGKB_VA,VA,efficacy
rs1800629,"adalimumab, infliximab",TNF,PharmGKB_VA,VA,efficacy
rs2472304,erlotinib,CYP1A2,PharmGKB_VA,VA,metabolism/pk
rs1057868,sirolimus,POR,PharmGKB_VA,VA,metabolism/pk
rs1057910,warfarin,CYP2C9,PharmGKB_VA,VA,dosage
rs6265,olanzapine,BDNF,PharmGKB_VA,VA,efficacy
rs6785049,ritonavir,NR1I2,PharmGKB_VA,VA,metabolism/pk
rs6431564,erenumab,RAMP1,PharmGKB_VA,VA,efficacy
rs1800629,infliximab,TNF,PharmGKB_VA,VA,efficacy
rs1529909,losartan,SLC22A12,PharmGKB_VA,VA,efficacy
rs2108622,warfarin,CYP4F2,PharmGKB_VA,VA,dosage
rs12465864,erenumab,RAMP1,PharmGKB_VA,VA,efficacy
rs1800629,"adalimumab, etanercept, infliximab",TNF,PharmGKB_VA,VA,efficacy
rs3825016,losartan,SLC22A12,PharmGKB_VA,VA,efficacy
rs1799971,ethanol,OPRM1,PharmGKB_VA,VA,metabolism/pk
rs1800629,adalimumab,TNF,PharmGKB_VA,VA,efficacy
rs3745274,efavirenz,CYP2B6,PharmGKB_VA,VA,metabolism/pk
rs1800896,sirolimus,IL10,PharmGKB_VA,VA,metabolism/pk
rs9282564,cyclosporine,ABCB1,PharmGKB_VA,VA,"toxicity, metabolism/pk"
rs1042919,"cladribine, cytarabine",RRM1,PharmGKB_VA,VA,efficacy
rs1265138,"cladribine, cytarabine",RRM2B,PharmGKB_VA,VA,efficacy
rs1801265,fluorouracil,DPYD,PharmGKB_VA,VA,efficacy
rs2898950,"cladribine, cytarabine",RRM1,PharmGKB_VA,VA,efficacy
rs12979860,"""interferon alfa-2a, recombinant"", ""interferon alfa-2b, recombinant"", ""ribavirin""",IFNL3,PharmGKB_VA,VA,efficacy
rs2279343,bupropion,CYP2B6,PharmGKB_VA,VA,efficacy
rs8099917,"""interferon alfa-2a, recombinant"", ""interferon alfa-2b, recombinant"", ""ribavirin""",IFNL3,PharmGKB_VA,VA,efficacy
rs1561876,"cladribine, cytarabine",RRM1,PharmGKB_VA,VA,efficacy
rs57064725,cotinine,PSMA4,PharmGKB_VA,VA,metabolism/pk
rs16853826,methotrexate,ATIC,PharmGKB_VA,VA,toxicity
rs35592,methotrexate,ABCC1,PharmGKB_VA,VA,efficacy
rs16969968,cotinine,CHRNA5,PharmGKB_VA,VA,metabolism/pk
rs20575,infliximab,TNFRSF10A,PharmGKB_VA,VA,efficacy
rs1130609,"cladribine, cytarabine",RRM2,PharmGKB_VA,VA,efficacy
rs9939609,"""interferon alfa-2a, recombinant"", ""interferon alfa-2b, recombinant"", ""ribavirin""",FTO,PharmGKB_VA,VA,efficacy
rs77107237,cotinine,,PharmGKB_VA,VA,metabolism/pk
rs742105,clozapine,DTNBP1,PharmGKB_VA,VA,efficacy
rs5030743,"cladribine, cytarabine",RRM2,PharmGKB_VA,VA,efficacy
rs10851907,cotinine,CHRNB4,PharmGKB_VA,VA,metabolism/pk
rs1045642,sirolimus,ABCB1,PharmGKB_VA,VA,metabolism/pk
rs7311358,warfarin,SLCO1B3,PharmGKB_VA,VA,dosage
rs1143672,warfarin,SLC15A2,PharmGKB_VA,VA,dosage
rs12979860,"""interferon alfa-2a, recombinant"", ""interferon alfa-2b, recombinant"", ""ribavirin""",IFNL3,PharmGKB_VA,VA,efficacy
rs4149117,warfarin,SLCO1B3,PharmGKB_VA,VA,dosage
rs1800629,etanercept,TNF,PharmGKB_VA,VA,efficacy
rs7170068,cotinine,CHRNA3,PharmGKB_VA,VA,metabolism/pk
rs1045642,sunitinib,ABCB1,PharmGKB_VA,VA,efficacy
rs2108622,warfarin,CYP4F2,PharmGKB_VA,VA,"dosage, efficacy"
rs8099917,"""interferon alfa-2a, recombinant"", ""interferon alfa-2b, recombinant"", ""ribavirin""",IFNL3,PharmGKB_VA,VA,efficacy
rs230504,flupenthixol,NFKB1,PharmGKB_VA,VA,efficacy
rs12422149,montelukast,SLCO2B1,PharmGKB_VA,VA,"efficacy, metabolism/pk"
rs927650,deferasirox,CYP24A1,PharmGKB_VA,VA,metabolism/pk
rs2108622,warfarin,CYP4F2,PharmGKB_VA,VA,dosage
rs2585428,deferasirox,CYP24A1,PharmGKB_VA,VA,metabolism/pk
rs3774959,flupenthixol,NFKB1,PharmGKB_VA,VA,efficacy
rs10879346,antidepressants,TPH2,PharmGKB_VA,VA,efficacy
rs4731448,methotrexate polyglutamate,IMPDH1,PharmGKB_VA,VA,metabolism/pk
rs3740556,"carboplatin, cisplatin",EIF3A,PharmGKB_VA,VA,efficacy
rs924607,methotrexate polyglutamate,CEP72,PharmGKB_VA,VA,metabolism/pk
rs1800896,tacrolimus,IL10,PharmGKB_VA,VA,dosage
rs1487278,"mirtazapine, venlafaxine",TPH2,PharmGKB_VA,VA,efficacy
rs1045642,tacrolimus,ABCB1,PharmGKB_VA,VA,dosage
rs4124874,bilirubin,UGT1A1,PharmGKB_VA,VA,metabolism/pk
rs3740556,"carboplatin, cisplatin",EIF3A,PharmGKB_VA,VA,efficacy
rs2248359,deferasirox,CYP24A1,PharmGKB_VA,VA,metabolism/pk
rs230493,flupenthixol,NFKB1,PharmGKB_VA,VA,efficacy
rs7311358,methotrexate polyglutamate,SLCO1B3,PharmGKB_VA,VA,metabolism/pk
rs2266780,nicotine,FMO3,PharmGKB_VA,VA,metabolism/pk
rs699947,pazopanib,VEGFA,PharmGKB_VA,VA,efficacy
rs3749598,methotrexate polyglutamate,FSTL5,PharmGKB_VA,VA,metabolism/pk
rs2241880,methotrexate polyglutamate,ATG16L1,PharmGKB_VA,VA,metabolism/pk
rs3918290,fluorouracil,DPYD,PharmGKB_VA,VA,efficacy
rs776746,tacrolimus,CYP3A5,PharmGKB_VA,VA,metabolism/pk
rs2069514,theophylline,CYP1A2,PharmGKB_VA,VA,"other, metabolism/pk"
rs20575,infliximab,TNFRSF10A,PharmGKB_VA,VA,efficacy
rs767455,"adalimumab, etanercept, infliximab",TNFRSF1A,PharmGKB_VA,VA,efficacy
rs2010963,pazopanib,VEGFA,PharmGKB_VA,VA,efficacy
rs20575,"adalimumab, etanercept, infliximab",TNFRSF10A,PharmGKB_VA,VA,efficacy
rs767455,"adalimumab, etanercept, infliximab",TNFRSF1A,PharmGKB_VA,VA,efficacy
rs833061,pazopanib,VEGFA,PharmGKB_VA,VA,efficacy
rs2431697,etanercept,PTTG1,PharmGKB_VA,VA,efficacy
rs4492666,"cisplatin, gemcitabine",CMPK1,PharmGKB_VA,VA,efficacy
rs503464,"bupropion, nicotine, varenicline",CHRNA5,PharmGKB_VA,VA,efficacy
rs6785049,voriconazole,NR1I2,PharmGKB_VA,VA,metabolism/pk
rs13437088,etanercept,HLA-B,PharmGKB_VA,VA,efficacy
rs96844,etanercept,MAP3K1,PharmGKB_VA,VA,efficacy
rs4680,clozapine,COMT,PharmGKB_VA,VA,efficacy
rs6295,clozapine,HTR1A,PharmGKB_VA,VA,efficacy
rs928655,etanercept,GBP6,PharmGKB_VA,VA,efficacy
rs1045642,celiprolol,ABCB1,PharmGKB_VA,VA,metabolism/pk
rs4149056,atorvastatin,SLCO1B1,PharmGKB_VA,VA,efficacy
rs11568563,celiprolol,SLCO1A2,PharmGKB_VA,VA,metabolism/pk
rs2546890,etanercept,IL12B,PharmGKB_VA,VA,efficacy
rs1128503,temozolomide,ABCB1,PharmGKB_VA,VA,metabolism/pk
rs7512462,ivacaftor,SLC26A9,PharmGKB_VA,VA,efficacy
rs66878317,gemcitabine,DCK,PharmGKB_VA,VA,metabolism/pk
rs3814057,voriconazole,NR1I2,PharmGKB_VA,VA,metabolism/pk
rs4680,nicotine,COMT,PharmGKB_VA,VA,efficacy
rs1800544,milnacipran,ADRA2A,PharmGKB_VA,VA,efficacy
rs4244809,platinum compounds,IGF2,PharmGKB_VA,VA,efficacy
rs2266780,voriconazole,FMO3,PharmGKB_VA,VA,metabolism/pk
rs2306283,hmg-coa reductase inhibitors,SLCO1B1,PharmGKB_VA,VA,efficacy
rs1449683,fluvoxamine,FGF2,PharmGKB_VA,VA,efficacy
rs10954732,voriconazole,POR,PharmGKB_VA,VA,metabolism/pk
rs3842761,platinum compounds,INS-IGF2,PharmGKB_VA,VA,efficacy
rs6295,milnacipran,HTR1A,PharmGKB_VA,VA,efficacy
rs17183814,valproic acid,SCN2A,PharmGKB_VA,VA,efficacy
rs2298771,valproic acid,SCN1A,PharmGKB_VA,VA,efficacy
rs2461817,voriconazole,NR1I2,PharmGKB_VA,VA,metabolism/pk
rs232043,"cisplatin, gemcitabine",RRM1,PharmGKB_VA,VA,efficacy
rs11211524,"cisplatin, gemcitabine",CMPK1,PharmGKB_VA,VA,efficacy
rs2306283,simvastatin,SLCO1B1,PharmGKB_VA,VA,efficacy
rs2284449,"cisplatin, gemcitabine",RRM1,PharmGKB_VA,VA,efficacy
rs11676382,acenocoumarol,GGCX,PharmGKB_VA,VA,dosage
rs2108622,acenocoumarol,CYP4F2,PharmGKB_VA,VA,dosage
rs8103142,"peginterferon alfa-2b, ribavirin",IFNL3,PharmGKB_VA,VA,efficacy
rs7294,acenocoumarol,VKORC1,PharmGKB_VA,VA,dosage
rs6785049,methotrexate,NR1I2,PharmGKB_VA,VA,metabolism/pk
rs1800470,rituximab,TGFB1,PharmGKB_VA,VA,efficacy
rs1800471,rituximab,TGFB1,PharmGKB_VA,VA,efficacy
rs12980275,"peginterferon alfa-2a, peginterferon alfa-2b, ribavirin",IFNL3,PharmGKB_VA,VA,efficacy
rs8099917,"peginterferon alfa-2a, peginterferon alfa-2b, ribavirin",IFNL3,PharmGKB_VA,VA,efficacy
rs35599367,simvastatin,CYP3A4,PharmGKB_VA,VA,efficacy
rs2241766,pioglitazone,ADIPOQ,PharmGKB_VA,VA,efficacy
rs1799971,morphine,OPRM1,PharmGKB_VA,VA,"dosage, efficacy"
rs1799971,morphine,OPRM1,PharmGKB_VA,VA,"dosage, efficacy"
rs9923231,acenocoumarol,VKORC1,PharmGKB_VA,VA,dosage
rs776746,rosuvastatin,CYP3A5,PharmGKB_VA,VA,efficacy
rs3732361,methotrexate,GSK3B,PharmGKB_VA,VA,metabolism/pk
rs1799971,naloxone,OPRM1,PharmGKB_VA,VA,other
rs1128503,tipifarnib,ABCB1,PharmGKB_VA,VA,"other, metabolism/pk"
rs9304742,etanercept,ZNF816,PharmGKB_VA,VA,efficacy
rs1057868,nicotine,POR,PharmGKB_VA,VA,metabolism/pk
rs2231142,rosuvastatin,ABCG2,PharmGKB_VA,VA,efficacy
rs1799971,naltrexone,OPRM1,PharmGKB_VA,VA,efficacy
rs13250975,antipsychotics,NRG1,PharmGKB_VA,VA,efficacy
rs9934438,warfarin,VKORC1,PharmGKB_VA,VA,dosage
rs4149009,methotrexate,SLCO1A2,PharmGKB_VA,VA,metabolism/pk
rs2513265,antipsychotics,,PharmGKB_VA,VA,efficacy
rs1544938,antipsychotics,ADCY2,PharmGKB_VA,VA,efficacy
rs17716295,antipsychotics,NRG1,PharmGKB_VA,VA,efficacy
rs16969968,nicotine,CHRNA5,PharmGKB_VA,VA,other
rs55944529,methadone,DAO,PharmGKB_VA,VA,dosage
rs4795893,antipsychotics,CCL2,PharmGKB_VA,VA,efficacy
rs4586,antipsychotics,CCL2,PharmGKB_VA,VA,efficacy
rs55944529,methadone,DAO,PharmGKB_VA,VA,metabolism/pk
rs776746,tacrolimus,CYP3A5,PharmGKB_VA,VA,metabolism/pk
rs3803189,"escitalopram, fluoxetine, fluvoxamine, sertraline",HTR2A,PharmGKB_VA,VA,efficacy
rs3745274,efavirenz,CYP2B6,PharmGKB_VA,VA,metabolism/pk
rs121908755,ivacaftor,CFTR,PharmGKB_VA,VA,efficacy
rs5326,methadone,DRD1,PharmGKB_VA,VA,dosage
rs121908757,ivacaftor,CFTR,PharmGKB_VA,VA,efficacy
rs80282562,ivacaftor,CFTR,PharmGKB_VA,VA,efficacy
rs4149056,rifampin,SLCO1B1,PharmGKB_VA,VA,metabolism/pk
rs1065852,methylphenidate,CYP2D6,PharmGKB_VA,VA,efficacy
rs11045819,hmg-coa reductase inhibitors,SLCO1B1,PharmGKB_VA,VA,efficacy
rs1135840,methylphenidate,CYP2D6,PharmGKB_VA,VA,efficacy
rs121909041,ivacaftor,CFTR,PharmGKB_VA,VA,efficacy
rs2306283,pravastatin,SLCO1B1,PharmGKB_VA,VA,efficacy
rs1057910,warfarin,CYP2C9,PharmGKB_VA,VA,dosage
rs193922525,ivacaftor,CFTR,PharmGKB_VA,VA,efficacy
rs7196161,warfarin,VKORC1,PharmGKB_VA,VA,dosage
rs267606723,ivacaftor,CFTR,PharmGKB_VA,VA,efficacy
rs2108622,warfarin,CYP4F2,PharmGKB_VA,VA,dosage
rs74503330,ivacaftor,CFTR,PharmGKB_VA,VA,efficacy
rs121909005,ivacaftor,CFTR,PharmGKB_VA,VA,efficacy
rs121909013,ivacaftor,CFTR,PharmGKB_VA,VA,efficacy
rs6923761,sunitinib,GLP1R,PharmGKB_VA,VA,metabolism/pk
rs1128503,doxorubicin,ABCB1,PharmGKB_VA,VA,metabolism/pk
rs1135840,atomoxetine,CYP2D6,PharmGKB_VA,VA,efficacy
rs3740563,beta blocking agents,GRK5,PharmGKB_VA,VA,efficacy
rs2069705,tumor necrosis factor alpha (tnf-alpha) inhibitors,IFNG,PharmGKB_VA,VA,efficacy
rs6475448,montelukast,MLLT3,PharmGKB_VA,VA,efficacy
rs10787959,beta blocking agents,GRK5,PharmGKB_VA,VA,efficacy
rs1908557,bupropion,,PharmGKB_VA,VA,efficacy
rs11198893,beta blocking agents,GRK5,PharmGKB_VA,VA,efficacy
rs4646536,rifampin,CYP27B1,PharmGKB_VA,VA,metabolism/pk
rs138335,corticosteroids,ST13,PharmGKB_VA,VA,efficacy
rs1544410,rifampin,VDR,PharmGKB_VA,VA,metabolism/pk
rs2740574,docetaxel,CYP3A4,PharmGKB_VA,VA,metabolism/pk
rs3745274,methadone,CYP2B6,PharmGKB_VA,VA,dosage
rs776746,docetaxel,CYP3A5,PharmGKB_VA,VA,metabolism/pk
rs4149056,hmg-coa reductase inhibitors,SLCO1B1,PharmGKB_VA,VA,efficacy
rs2053044,ramipril,ADRB2,PharmGKB_VA,VA,efficacy
rs4680,opioids,COMT,PharmGKB_VA,VA,dosage
rs2239622,methadone,NGF,PharmGKB_VA,VA,dosage
rs35694136,nicotine,CYP1A2,PharmGKB_VA,VA,efficacy
rs2279343,methadone,CYP2B6,PharmGKB_VA,VA,dosage
rs3750117,gemcitabine,NT5C3A,PharmGKB_VA,VA,"other, metabolism/pk"
rs11598702,gemcitabine,NT5C2,PharmGKB_VA,VA,"other, metabolism/pk"
rs199670311,"fentanyl, remifentanil",PGAP6,PharmGKB_VA,VA,efficacy
rs2011425,olanzapine,UGT1A4,PharmGKB_VA,VA,metabolism/pk
rs2230739,antidepressants,ADCY9,PharmGKB_VA,VA,efficacy
rs2244613,dabigatran,CES1,PharmGKB_VA,VA,metabolism/pk
rs165854,antipsychotics,PI4KA,PharmGKB_VA,VA,efficacy
rs1468412,antipsychotics,GRM3,PharmGKB_VA,VA,efficacy
rs3752120,"budesonide, corticosteroids, fluticasone",ZNF432,PharmGKB_VA,VA,efficacy
rs3752120,"salmeterol, fluticasone propionate",ZNF432,PharmGKB_VA,VA,efficacy
rs1127354,azathioprine,ITPA,PharmGKB_VA,VA,efficacy
rs1136201,"carboplatin, docetaxel, trastuzumab",ERBB2,PharmGKB_VA,VA,efficacy
rs1529461,antipsychotics,SLC1A3,PharmGKB_VA,VA,efficacy
rs2299214,antipsychotics,GRM3,PharmGKB_VA,VA,efficacy
rs2284922,"carboplatin, docetaxel, trastuzumab",RNF8,PharmGKB_VA,VA,efficacy
rs6465084,antipsychotics,GRM3,PharmGKB_VA,VA,efficacy
rs2070096,"carboplatin, docetaxel, trastuzumab",BARD1,PharmGKB_VA,VA,efficacy
rs1048977,gemcitabine,CDA,PharmGKB_VA,VA,efficacy
rs2229046,"carboplatin, docetaxel, trastuzumab",ERBB3,PharmGKB_VA,VA,efficacy
rs138337,corticosteroids,ST13,PharmGKB_VA,VA,efficacy
rs773123,"carboplatin, docetaxel, trastuzumab",ERBB3,PharmGKB_VA,VA,efficacy
rs10211524,antipsychotics,SLC1A4,PharmGKB_VA,VA,efficacy
rs2299214,risperidone,GRM3,PharmGKB_VA,VA,efficacy
rs4149056,pravastatin,SLCO1B1,PharmGKB_VA,VA,efficacy
rs4680,sufentanil,COMT,PharmGKB_VA,VA,"dosage, efficacy"
rs9923231,fluindione,VKORC1,PharmGKB_VA,VA,metabolism/pk
rs1045895,apremilast,LEPR,PharmGKB_VA,VA,efficacy
rs1057910,warfarin,CYP2C9,PharmGKB_VA,VA,dosage
rs1045642,opioids,ABCB1,PharmGKB_VA,VA,"dosage, efficacy"
rs2494752,"carboplatin, cisplatin",AKT1,PharmGKB_VA,VA,efficacy
rs699,quinapril,AGT,PharmGKB_VA,VA,efficacy
rs6517442,opioids,KCNJ6,PharmGKB_VA,VA,dosage
rs35694136,olanzapine,CYP1A2,PharmGKB_VA,VA,metabolism/pk
rs1799971,opioids,OPRM1,PharmGKB_VA,VA,"dosage, efficacy"
rs762551,olanzapine,CYP1A2,PharmGKB_VA,VA,metabolism/pk
rs1799971,fentanyl,OPRM1,PharmGKB_VA,VA,"dosage, efficacy"
rs2231142,rosuvastatin,ABCG2,PharmGKB_VA,VA,metabolism/pk
rs2108622,phenprocoumon,CYP4F2,PharmGKB_VA,VA,dosage
rs183205964,"capecitabine, fluorouracil, tegafur",TYMS,PharmGKB_VA,VA,toxicity
rs1057910,ketoprofen,CYP2C9,PharmGKB_VA,VA,efficacy
rs1045642,atorvastatin,ABCB1,PharmGKB_VA,VA,efficacy
rs683369,imatinib,SLC22A1,PharmGKB_VA,VA,metabolism/pk
rs762551,caffeine,CYP1A2,PharmGKB_VA,VA,"other, metabolism/pk"
rs683369,imatinib,SLC22A1,PharmGKB_VA,VA,metabolism/pk
rs1061622,etanercept,TNFRSF1B,PharmGKB_VA,VA,efficacy
rs4839603,"fentanyl, remifentanil",SLC9A9,PharmGKB_VA,VA,efficacy
rs3745274,efavirenz,CYP2B6,PharmGKB_VA,VA,efficacy
rs12745871,apremilast,PDE4B,PharmGKB_VA,VA,efficacy
rs5888,atorvastatin,SCARB1,PharmGKB_VA,VA,efficacy
rs322144,apremilast,TSPAN16,PharmGKB_VA,VA,efficacy
rs11666735,pravastatin,FCAR,PharmGKB_VA,VA,efficacy
rs1695,"cyclophosphamide, epirubicin",GSTP1,PharmGKB_VA,VA,efficacy
rs964184,fenofibrate,APOA1,PharmGKB_VA,VA,efficacy
rs10188577,antiepileptics,SCN1A,PharmGKB_VA,VA,efficacy
rs12979813,apremilast,DOCK6,PharmGKB_VA,VA,efficacy
rs1045642,daptomycin,ABCB1,PharmGKB_VA,VA,metabolism/pk
rs1611115,naltrexone,DBH,PharmGKB_VA,VA,efficacy
rs11854484,gemcitabine,SLC28A2,PharmGKB_VA,VA,efficacy
rs3732357,rifampin,NR1I2,PharmGKB_VA,VA,metabolism/pk
rs2231142,antineoplastic agents,ABCG2,PharmGKB_VA,VA,efficacy
rs1060896,gemcitabine,SLC28A2,PharmGKB_VA,VA,efficacy
rs2305795,apremilast,EIF3G,PharmGKB_VA,VA,efficacy
rs767455,tumor necrosis factor alpha (tnf-alpha) inhibitors,TNFRSF1A,PharmGKB_VA,VA,efficacy
rs9923231,acenocoumarol,VKORC1,PharmGKB_VA,VA,dosage
rs4149056,methotrexate,SLCO1B1,PharmGKB_VA,VA,metabolism/pk
rs1139130,drugs for treatment of tuberculosis,METTL3,PharmGKB_VA,VA,efficacy
rs11045879,methotrexate,SLCO1B1,PharmGKB_VA,VA,metabolism/pk
rs1799971,sufentanil,OPRM1,PharmGKB_VA,VA,dosage
rs76966440,apremilast,ILF3,PharmGKB_VA,VA,efficacy
rs9934438,warfarin,VKORC1,PharmGKB_VA,VA,dosage
rs1695,"cyclophosphamide, epirubicin, fluorouracil",GSTP1,PharmGKB_VA,VA,efficacy
rs2231142,sulfasalazine,ABCG2,PharmGKB_VA,VA,efficacy
rs9923231,warfarin,VKORC1,PharmGKB_VA,VA,dosage
rs8099917,"peginterferon alfa-2a, peginterferon alfa-2b, ribavirin",IFNL3,PharmGKB_VA,VA,efficacy
rs9923231,warfarin,VKORC1,PharmGKB_VA,VA,dosage
rs1128503,tacrolimus,ABCB1,PharmGKB_VA,VA,efficacy
rs2108622,warfarin,CYP4F2,PharmGKB_VA,VA,dosage
rs4149056,rosuvastatin,SLCO1B1,PharmGKB_VA,VA,metabolism/pk
rs8099917,peginterferon alfa-2b,IFNL3,PharmGKB_VA,VA,efficacy
rs9934438,warfarin,PRSS53,PharmGKB_VA,VA,dosage
rs12979860,"peginterferon alfa-2b, ribavirin",IFNL3,PharmGKB_VA,VA,efficacy
rs2228570,"peginterferon alfa-2b, ribavirin",VDR,PharmGKB_VA,VA,efficacy
rs1799983,nortriptyline,NOS3,PharmGKB_VA,VA,efficacy
rs1934341,allopurinol,GREM2,PharmGKB_VA,VA,efficacy
rs13253389,cotinine,NAT1,PharmGKB_VA,VA,metabolism/pk
rs77567654,allopurinol,GREM2,PharmGKB_VA,VA,efficacy
rs2032582,tacrolimus,ABCB1,PharmGKB_VA,VA,dosage
rs45499402,allopurinol,ABCG2,PharmGKB_VA,VA,efficacy
rs12979860,"peginterferon alfa-2b, ribavirin",IFNL3,PharmGKB_VA,VA,efficacy
rs12979860,"peginterferon alfa-2b, ribavirin",IFNL3,PharmGKB_VA,VA,efficacy
rs2231142,allopurinol,ABCG2,PharmGKB_VA,VA,efficacy
rs9923231,warfarin,VKORC1,PharmGKB_VA,VA,dosage
rs10305420,exenatide,GLP1R,PharmGKB_VA,VA,efficacy
rs1045642,topiramate,ABCB1,PharmGKB_VA,VA,efficacy
rs7668258,lamotrigine,UGT2B7,PharmGKB_VA,VA,metabolism/pk
rs7294,warfarin,VKORC1,PharmGKB_VA,VA,dosage
rs4762,benazepril,AGT,PharmGKB_VA,VA,efficacy
rs12979860,"peginterferon alfa-2a, peginterferon alfa-2b, ribavirin",IFNL3,PharmGKB_VA,VA,efficacy
rs1128503,imatinib,ABCB1,PharmGKB_VA,VA,efficacy
rs28365063,lamotrigine,UGT2B7,PharmGKB_VA,VA,metabolism/pk
rs3745274,"3,4-methylenedioxymethamphetamine",CYP2B6,PharmGKB_VA,VA,metabolism/pk
rs9923231,warfarin,VKORC1,PharmGKB_VA,VA,dosage
rs7317112,methotrexate,ABCC4,PharmGKB_VA,VA,metabolism/pk
rs2640543,benazepril,AGTR1,PharmGKB_VA,VA,efficacy
rs10161126,alendronate,MVK,PharmGKB_VA,VA,efficacy
rs1127354,"peginterferon alfa-2b, ribavirin",ITPA,PharmGKB_VA,VA,efficacy
rs11265618,sarilumab,IL6R,PharmGKB_VA,VA,efficacy
rs14158,"peginterferon alfa-2a, peginterferon alfa-2b, ribavirin",LDLR,PharmGKB_VA,VA,efficacy
rs2106089,benazepril,SPTA1,PharmGKB_VA,VA,efficacy
rs1045642,imatinib,ABCB1,PharmGKB_VA,VA,efficacy
rs776746,tacrolimus,CYP3A5,PharmGKB_VA,VA,metabolism/pk
rs4329505,sarilumab,IL6R,PharmGKB_VA,VA,efficacy
rs1934969,losartan,CYP2C9,PharmGKB_VA,VA,metabolism/pk
rs12979860,"peginterferon alfa-2b, ribavirin",IFNL3,PharmGKB_VA,VA,efficacy
rs2032582,imatinib,ABCB1,PharmGKB_VA,VA,efficacy
rs8099917,"peginterferon alfa-2b, ribavirin",IFNL3,PharmGKB_VA,VA,efficacy
rs678849,buprenorphine,OPRD1,PharmGKB_VA,VA,efficacy
rs9923231,phenprocoumon,VKORC1,PharmGKB_VA,VA,dosage
rs1052248,"adalimumab, certolizumab pegol, etanercept, infliximab, tumor necrosis factor alpha (tnf-alpha) inhibitors",NCR3,PharmGKB_VA,VA,efficacy
rs9923231,warfarin,VKORC1,PharmGKB_VA,VA,dosage
rs3809324,salbutamol,COL2A1,PharmGKB_VA,VA,pd
rs2238087,antipsychotics,CACNA1C,PharmGKB_VA,VA,efficacy
rs4791040,"""diuretics"", ""hydrochlorothiazide"", ""thiazides, plain""",PRKCA,PharmGKB_VA,VA,efficacy
rs2229949,antipsychotics,CACNA1B,PharmGKB_VA,VA,efficacy
rs10871454,acenocoumarol,STX4,PharmGKB_VA,VA,dosage
rs2108622,warfarin,CYP4F2,PharmGKB_VA,VA,dosage
rs12777823,warfarin,,PharmGKB_VA,VA,dosage
rs37973,corticosteroids,GLCCI1,PharmGKB_VA,VA,efficacy
rs7041,deferasirox,GC,PharmGKB_VA,VA,efficacy
rs9923231,acenocoumarol,VKORC1,PharmGKB_VA,VA,dosage
rs9934438,acenocoumarol,VKORC1,PharmGKB_VA,VA,dosage
rs8099917,"peginterferon alfa-2a, peginterferon alfa-2b, ribavirin",IFNL3,PharmGKB_VA,VA,efficacy
rs2108622,"aspirin, clopidogrel",CYP4F2,PharmGKB_VA,VA,efficacy
rs2108622,acenocoumarol,CYP4F2,PharmGKB_VA,VA,dosage
rs9934438,warfarin,VKORC1,PharmGKB_VA,VA,dosage
rs71647871,methylphenidate,CES1,PharmGKB_VA,VA,metabolism/pk
rs7294,warfarin,VKORC1,PharmGKB_VA,VA,dosage
rs12044852,"interferon beta-1a, interferon beta-1b",CD58,PharmGKB_VA,VA,efficacy
rs610604,tumor necrosis factor alpha (tnf-alpha) inhibitors,TNFAIP3,PharmGKB_VA,VA,efficacy
rs1799971,morphine,OPRM1,PharmGKB_VA,VA,efficacy
rs9923231,warfarin,VKORC1,PharmGKB_VA,VA,dosage
rs6920220,tumor necrosis factor alpha (tnf-alpha) inhibitors,TNFAIP3,PharmGKB_VA,VA,efficacy
rs2108622,warfarin,CYP4F2,PharmGKB_VA,VA,dosage
rs12245847,antipsychotics,CACNB2,PharmGKB_VA,VA,efficacy
rs2257401,tacrolimus,CYP3A7,PharmGKB_VA,VA,metabolism/pk
rs887829,deferasirox,UGT1A1,PharmGKB_VA,VA,efficacy
rs1859204,antipsychotics,CACNG3,PharmGKB_VA,VA,efficacy
rs776746,tacrolimus,CYP3A5,PharmGKB_VA,VA,metabolism/pk
rs1983023,deferasirox,UGT1A3,PharmGKB_VA,VA,efficacy
rs10877012,deferasirox,CYP27B1,PharmGKB_VA,VA,efficacy
rs8099917,"peginterferon alfa-2b, ribavirin",IFNL3,PharmGKB_VA,VA,efficacy
rs4646437,tacrolimus,CYP3A4,PharmGKB_VA,VA,metabolism/pk
rs10210302,adalimumab,ATG16L1,PharmGKB_VA,VA,efficacy
rs982003,antipsychotics,CACNB2,PharmGKB_VA,VA,efficacy
rs8099917,"peginterferon alfa-2b, ribavirin",IFNL3,PharmGKB_VA,VA,efficacy
rs2242480,tacrolimus,CYP3A4,PharmGKB_VA,VA,metabolism/pk
rs731236,deferasirox,VDR,PharmGKB_VA,VA,efficacy
rs1544410,deferasirox,VDR,PharmGKB_VA,VA,efficacy
rs41303343,tacrolimus,CYP3A5,PharmGKB_VA,VA,metabolism/pk
rs1051266,"capecitabine, fluorouracil, irinotecan, leucovorin",SLC19A1,PharmGKB_VA,VA,efficacy
rs2306283,"capecitabine, fluorouracil, irinotecan, leucovorin",SLCO1B1,PharmGKB_VA,VA,efficacy
rs4646450,tacrolimus,CYP3A5,PharmGKB_VA,VA,metabolism/pk
rs3745274,efavirenz,CYP2B6,PharmGKB_VA,VA,metabolism/pk
rs4149056,simvastatin acid,SLCO1B1,PharmGKB_VA,VA,metabolism/pk
rs2776546,"""diuretics"", ""hydrochlorothiazide"", ""thiazides, plain""",,PharmGKB_VA,VA,efficacy
rs28371686,warfarin,CYP2C9,PharmGKB_VA,VA,dosage
rs10741058,antipsychotics,CACNB2,PharmGKB_VA,VA,efficacy
rs887829,atazanavir,UGT1A1,PharmGKB_VA,VA,toxicity
rs238,"""diuretics"", ""hydrochlorothiazide"", ""thiazides, plain""",,PharmGKB_VA,VA,efficacy
rs4505744,antipsychotics,CACNA2D3,PharmGKB_VA,VA,efficacy
rs4815273,"""diuretics"", ""hydrochlorothiazide"", ""thiazides, plain""",,PharmGKB_VA,VA,efficacy
rs1057910,ibuprofen,CYP2C9,PharmGKB_VA,VA,efficacy
rs12060765,antipsychotics,CACNA1E,PharmGKB_VA,VA,efficacy
rs7772821,corticosteroids,TAAR6,PharmGKB_VA,VA,efficacy
rs3025039,salbutamol,VEGFA,PharmGKB_VA,VA,pd
rs1061170,"bevacizumab, ranibizumab",CFH,PharmGKB_VA,VA,efficacy
rs2108622,warfarin,CYP4F2,PharmGKB_VA,VA,dosage
rs795484,morphine,TAOK3,PharmGKB_VA,VA,"dosage, efficacy"
rs6196,prednisone,NR3C1,PharmGKB_VA,VA,efficacy
rs9923231,acenocoumarol,VKORC1,PharmGKB_VA,VA,dosage
rs4148323,sn-38,UGT1A1,PharmGKB_VA,VA,metabolism/pk
rs4842198,docetaxel,,PharmGKB_VA,VA,metabolism/pk
rs6311,fluvoxamine,HTR2A,PharmGKB_VA,VA,efficacy
rs3794271,tumor necrosis factor alpha (tnf-alpha) inhibitors,SLCO1C1,PharmGKB_VA,VA,efficacy
rs9934438,acenocoumarol,VKORC1,PharmGKB_VA,VA,"dosage, efficacy"
rs258751,prednisone,NR3C1,PharmGKB_VA,VA,efficacy
rs12979860,"ledipasvir, sofosbuvir",IFNL3,PharmGKB_VA,VA,efficacy
rs3832043,sn-38,UGT1A9,PharmGKB_VA,VA,metabolism/pk
rs28371686,phenytoin,CYP2C9,PharmGKB_VA,VA,"other, metabolism/pk"
rs2231137,imatinib,ABCG2,PharmGKB_VA,VA,dosage
rs10052957,prednisone,NR3C1,PharmGKB_VA,VA,efficacy
rs762551,imatinib,CYP1A2,PharmGKB_VA,VA,dosage
rs7900194,phenytoin,CYP2C9,PharmGKB_VA,VA,"other, metabolism/pk"
rs6295,lurasidone,HTR1A,PharmGKB_VA,VA,efficacy
rs28371685,phenytoin,CYP2C9,PharmGKB_VA,VA,"other, metabolism/pk"
rs9332131,phenytoin,CYP2C9,PharmGKB_VA,VA,"other, metabolism/pk"
rs3132291,docetaxel,RXRA,PharmGKB_VA,VA,metabolism/pk
rs1061622,infliximab,TNFRSF1B,PharmGKB_VA,VA,efficacy
rs776746,tacrolimus,CYP3A5,PharmGKB_VA,VA,metabolism/pk
rs12208357,metformin,SLC22A1,PharmGKB_VA,VA,metabolism/pk
rs1799971,codeine,OPRM1,PharmGKB_VA,VA,dosage
rs12979860,"peginterferon alfa-2a, ribavirin",IFNL3,PharmGKB_VA,VA,efficacy
rs7439366,codeine,UGT2B7,PharmGKB_VA,VA,dosage
rs8099917,"peginterferon alfa-2a, peginterferon alfa-2b, ribavirin",IFNL3,PharmGKB_VA,VA,efficacy
rs8099917,peginterferon alfa-2b,IFNL3,PharmGKB_VA,VA,efficacy
rs4237348,antipsychotics,CACNB2,PharmGKB_VA,VA,efficacy
rs2740574,tacrolimus,CYP3A4,PharmGKB_VA,VA,metabolism/pk
rs8099917,"peginterferon alfa-2b, ribavirin",IFNL3,PharmGKB_VA,VA,efficacy
rs3768652,antipsychotics,CACNB4,PharmGKB_VA,VA,efficacy
rs35599367,tacrolimus,CYP3A4,PharmGKB_VA,VA,metabolism/pk
rs7427395,antipsychotics,CACNA2D3,PharmGKB_VA,VA,efficacy
rs1277733,antipsychotics,CACNB2,PharmGKB_VA,VA,efficacy
rs4513095,sofosbuvir,CES1,PharmGKB_VA,VA,efficacy
rs776746,tacrolimus,CYP3A5,PharmGKB_VA,VA,metabolism/pk
rs6746030,propofol,SCN9A,PharmGKB_VA,VA,other
rs776746,tacrolimus,CYP3A5,PharmGKB_VA,VA,dosage
rs7081864,salbutamol,PRKG1,PharmGKB_VA,VA,efficacy
rs776746,tacrolimus,CYP3A5,PharmGKB_VA,VA,dosage
rs12083537,tocilizumab,IL6R,PharmGKB_VA,VA,efficacy
rs11030104,antipsychotics,BDNF,PharmGKB_VA,VA,efficacy
rs1045642,sunitinib,ABCB1,PharmGKB_VA,VA,metabolism/pk
rs6313,propofol,HTR2A,PharmGKB_VA,VA,dosage
rs10501087,antipsychotics,BDNF-AS,PharmGKB_VA,VA,efficacy
rs2279020,propofol,GABRA1,PharmGKB_VA,VA,other
rs1045642,sunitinib,ABCB1,PharmGKB_VA,VA,efficacy
rs776746,tacrolimus,CYP3A5,PharmGKB_VA,VA,metabolism/pk
rs4680,opioids,COMT,PharmGKB_VA,VA,efficacy
rs776746,tacrolimus,CYP3A5,PharmGKB_VA,VA,dosage
rs1045642,"doxorubicin, methotrexate, prednisolone, vincristine",ABCB1,PharmGKB_VA,VA,efficacy
rs6265,antipsychotics,BDNF,PharmGKB_VA,VA,efficacy
rs4680,opioids,COMT,PharmGKB_VA,VA,dosage
rs5219,"""metformin"", ""sulfonamides, urea derivatives""",ABCC8,PharmGKB_VA,VA,efficacy
rs28379954,"paliperidone, risperidone",NFIB,PharmGKB_VA,VA,metabolism/pk
rs1128503,"remifentanil, sevoflurane",ABCB1,PharmGKB_VA,VA,efficacy
rs2229109,"doxorubicin, methotrexate, prednisolone, vincristine",ABCB1,PharmGKB_VA,VA,efficacy
rs2236599,hydroxyurea,KLF4,PharmGKB_VA,VA,efficacy
rs1799971,oxycodone,OPRM1,PharmGKB_VA,VA,dosage
rs2242480,tacrolimus,CYP3A4,PharmGKB_VA,VA,metabolism/pk
rs11045821,methotrexate,SLCO1B1,PharmGKB_VA,VA,"efficacy, toxicity, metabolism/pk"
rs28386840,methylphenidate,SLC6A2,PharmGKB_VA,VA,efficacy
rs11563250,bilirubin,UGT1A,PharmGKB_VA,VA,metabolism/pk
rs1983023,deferasirox,UGT1A3,PharmGKB_VA,VA,metabolism/pk
rs13393173,"adalimumab, certolizumab pegol, etanercept, infliximab, tumor necrosis factor alpha (tnf-alpha) inhibitors",CERS6,PharmGKB_VA,VA,efficacy
rs12208357,morphine,SLC22A1,PharmGKB_VA,VA,metabolism/pk
rs35599367,midazolam,CYP3A4,PharmGKB_VA,VA,metabolism/pk
rs55918055,morphine,SLC22A1,PharmGKB_VA,VA,metabolism/pk
rs4803381,"bupropion, drugs used in nicotine dependence",CYP2A6,PharmGKB_VA,VA,efficacy
rs391300,metformin,SRR,PharmGKB_VA,VA,efficacy
rs5569,methylphenidate,SLC6A2,PharmGKB_VA,VA,efficacy
rs35599367,erythromycin,CYP3A4,PharmGKB_VA,VA,metabolism/pk
rs4803381,nicotine,CYP2A6,PharmGKB_VA,VA,metabolism/pk
rs7787082,clozapine,ABCB1,PharmGKB_VA,VA,efficacy
rs762551,caffeine,CYP1A2,PharmGKB_VA,VA,metabolism/pk
rs12346562,atenolol,,PharmGKB_VA,VA,efficacy
rs12346562,hydrochlorothiazide,,PharmGKB_VA,VA,efficacy
rs1104514,atenolol,,PharmGKB_VA,VA,efficacy
rs34130495,morphine,SLC22A1,PharmGKB_VA,VA,metabolism/pk
rs10739150,atenolol,,PharmGKB_VA,VA,efficacy
rs10248420,clozapine,ABCB1,PharmGKB_VA,VA,efficacy
rs3806596,deferasirox,UGT1A3,PharmGKB_VA,VA,"efficacy, metabolism/pk"
rs4742610,"trandolapril, verapamil",PTPRD,PharmGKB_VA,VA,efficacy
rs13120400,deferasirox,ABCG2,PharmGKB_VA,VA,metabolism/pk
rs776746,tacrolimus,CYP3A5,PharmGKB_VA,VA,dosage
rs2289669,"""metformin"", ""sulfonamides, urea derivatives""",SLC47A1,PharmGKB_VA,VA,efficacy
rs2231142,sunitinib,ABCG2,PharmGKB_VA,VA,metabolism/pk
rs11168292,warfarin,VDR,PharmGKB_VA,VA,dosage
rs1136703,"4-hydroxytamoxifen, endoxifen",SULT1A2,PharmGKB_VA,VA,metabolism/pk
rs17343066,ara-ctp,SLC28A3,PharmGKB_VA,VA,metabolism/pk
rs4760658,warfarin,VDR,PharmGKB_VA,VA,dosage
rs11168293,warfarin,VDR,PharmGKB_VA,VA,dosage
rs885814,"adalimumab, certolizumab pegol, etanercept, infliximab, tumor necrosis factor alpha (tnf-alpha) inhibitors",ALPL,PharmGKB_VA,VA,efficacy
rs2784917,etoposide,SLIT1,PharmGKB_VA,VA,metabolism/pk
rs4149056,methotrexate,SLCO1B1,PharmGKB_VA,VA,"efficacy, toxicity, metabolism/pk"
rs2306283,methotrexate,SLCO1B1,PharmGKB_VA,VA,"efficacy, toxicity, metabolism/pk"
rs1350948,"adalimumab, certolizumab pegol, etanercept, infliximab, tumor necrosis factor alpha (tnf-alpha) inhibitors",,PharmGKB_VA,VA,efficacy
rs1059491,"4-hydroxytamoxifen, endoxifen",SULT1A2,PharmGKB_VA,VA,metabolism/pk
rs4149081,methotrexate,SLCO1B1,PharmGKB_VA,VA,"efficacy, toxicity, metabolism/pk"
rs17301249,"adalimumab, certolizumab pegol, etanercept, infliximab, tumor necrosis factor alpha (tnf-alpha) inhibitors",EYA4,PharmGKB_VA,VA,efficacy
rs2108622,warfarin,CYP4F2,PharmGKB_VA,VA,dosage
rs12081765,"adalimumab, certolizumab pegol, etanercept, infliximab, tumor necrosis factor alpha (tnf-alpha) inhibitors",,PharmGKB_VA,VA,efficacy
rs11045879,methotrexate,SLCO1B1,PharmGKB_VA,VA,"efficacy, toxicity, metabolism/pk"
rs1042713,phenylephrine,ADRB2,PharmGKB_VA,VA,dosage
rs2108622,warfarin,CYP4F2,PharmGKB_VA,VA,"dosage, efficacy"
rs6990851,anastrozole,CSMD1,PharmGKB_VA,VA,efficacy
rs2273697,"n-desmethyltramadol, o-desmethyltramadol",ABCC2,PharmGKB_VA,VA,metabolism/pk
rs6806020,"peginterferon alfa-2b, ribavirin",,PharmGKB_VA,VA,efficacy
rs28399433,nicotine,CYP2A6,PharmGKB_VA,VA,metabolism/pk
rs2032582,atorvastatin,ABCB1,PharmGKB_VA,VA,efficacy
rs7294,warfarin,VKORC1,PharmGKB_VA,VA,"dosage, efficacy"
rs1931704,"peginterferon alfa-2b, ribavirin",,PharmGKB_VA,VA,efficacy
rs6801605,acamprosate,CHDH,PharmGKB_VA,VA,efficacy
rs9923231,warfarin,VKORC1,PharmGKB_VA,VA,"dosage, efficacy"
rs8099917,"peginterferon alfa-2b, ribavirin",IFNL3,PharmGKB_VA,VA,efficacy
rs3745274,cyclophosphamide,CYP2B6,PharmGKB_VA,VA,efficacy
rs1128503,fentanyl,ABCB1,PharmGKB_VA,VA,metabolism/pk
rs776746,tacrolimus,CYP3A5,PharmGKB_VA,VA,metabolism/pk
rs9923231,warfarin,VKORC1,PharmGKB_VA,VA,dosage
rs9934438,warfarin,VKORC1,PharmGKB_VA,VA,dosage
rs28399433,coumarin,CYP2A6,PharmGKB_VA,VA,metabolism/pk
rs3093390,"peginterferon alfa-2b, ribavirin",IL21R,PharmGKB_VA,VA,efficacy
rs1570360,"bevacizumab, irinotecan",VEGFA,PharmGKB_VA,VA,efficacy
rs7512595,"peginterferon alfa-2b, ribavirin",,PharmGKB_VA,VA,efficacy
rs1792774,"peginterferon alfa-2b, ribavirin",CARD16,PharmGKB_VA,VA,efficacy
rs3814637,warfarin,CYP2C19,PharmGKB_VA,VA,dosage
rs1057910,warfarin,CYP2C9,PharmGKB_VA,VA,dosage
rs3740066,n-desmethyltramadol,ABCC2,PharmGKB_VA,VA,metabolism/pk
rs7750468,"peginterferon alfa-2b, ribavirin",,PharmGKB_VA,VA,efficacy
rs699664,warfarin,GGCX,PharmGKB_VA,VA,dosage
rs2306283,atorvastatin,SLCO1B1,PharmGKB_VA,VA,efficacy
rs11079921,fentanyl,ABCC3,PharmGKB_VA,VA,metabolism/pk
rs1503391,"peginterferon alfa-2b, ribavirin",CARD16,PharmGKB_VA,VA,efficacy
rs557905,"peginterferon alfa-2b, ribavirin",CASP1,PharmGKB_VA,VA,efficacy
rs2066911,"peginterferon alfa-2b, ribavirin",,PharmGKB_VA,VA,efficacy
rs13064411,hmg-coa reductase inhibitors,CFAP44,PharmGKB_VA,VA,efficacy
rs3808607,atorvastatin,CYP7A1,PharmGKB_VA,VA,efficacy
rs568910,"peginterferon alfa-2b, ribavirin",CASP1,PharmGKB_VA,VA,efficacy
rs2072658,nicotine,CHRNB2,PharmGKB_VA,VA,other
rs622342,metformin,SLC22A1,PharmGKB_VA,VA,efficacy
rs8330,n-desmethyltramadol,UGT1A8,PharmGKB_VA,VA,metabolism/pk
rs12979860,"peginterferon alfa-2b, ribavirin",IFNL3,PharmGKB_VA,VA,efficacy
rs12979860,"peginterferon alfa-2b, ribavirin",IFNL3,PharmGKB_VA,VA,efficacy
rs2229959,nicotine,CHRNA4,PharmGKB_VA,VA,other
rs17461620,"peginterferon alfa-2b, ribavirin",TUT7,PharmGKB_VA,VA,efficacy
rs3750920,acetylcysteine,TOLLIP,PharmGKB_VA,VA,efficacy
rs1045642,oxcarbazepine,ABCB1,PharmGKB_VA,VA,efficacy
rs12979860,"peginterferon alfa-2b, ribavirin, telaprevir",IFNL3,PharmGKB_VA,VA,efficacy
rs7439366,oxcarbazepine,UGT2B7,PharmGKB_VA,VA,efficacy
rs12404655,ara-ctp,CDA,PharmGKB_VA,VA,metabolism/pk
rs8099917,"peginterferon alfa-2b, ribavirin, telaprevir",IFNL3,PharmGKB_VA,VA,efficacy
rs11030918,ara-ctp,RRM1,PharmGKB_VA,VA,metabolism/pk
rs762551,clozapine,CYP1A2,PharmGKB_VA,VA,metabolism/pk
rs776746,clopidogrel,CYP3A5,PharmGKB_VA,VA,efficacy
rs8099917,"peginterferon alfa-2a, ribavirin",IFNL3,PharmGKB_VA,VA,efficacy
rs11577910,ara-ctp,CTPS1,PharmGKB_VA,VA,metabolism/pk
rs776746,tacrolimus,CYP3A5,PharmGKB_VA,VA,metabolism/pk
rs12067645,ara-ctp,CTPS1,PharmGKB_VA,VA,metabolism/pk
rs4364871,ara-ctp,CTPS1,PharmGKB_VA,VA,metabolism/pk
rs10929303,n-desmethyltramadol,UGT1A8,PharmGKB_VA,VA,metabolism/pk
rs9923231,acenocoumarol,VKORC1,PharmGKB_VA,VA,dosage
rs34650714,"n-desmethyltramadol, o-desmethyltramadol",UGT1A8,PharmGKB_VA,VA,metabolism/pk
rs11853372,ara-ctp,SLC28A1,PharmGKB_VA,VA,metabolism/pk
rs4742,ara-ctp,DCTD,PharmGKB_VA,VA,metabolism/pk
rs776746,tacrolimus,CYP3A5,PharmGKB_VA,VA,metabolism/pk
rs2231142,allopurinol,ABCG2,PharmGKB_VA,VA,efficacy
rs1045642,oxcarbazepine,ABCB1,PharmGKB_VA,VA,metabolism/pk
rs622342,"amantadine, anticholinergics, levodopa, selegiline",SLC22A1,PharmGKB_VA,VA,"dosage, efficacy"
rs4643786,ara-ctp,DCK,PharmGKB_VA,VA,metabolism/pk
rs12980275,"peginterferon alfa-2a, ribavirin",IFNL3,PharmGKB_VA,VA,efficacy
rs12979860,"peginterferon alfa-2a, ribavirin",IFNL3,PharmGKB_VA,VA,efficacy
rs4793665,"morphine-3-glucuronide, morphine-6-glucuronide",ABCC3,PharmGKB_VA,VA,metabolism/pk
rs1128503,tacrolimus,ABCB1,PharmGKB_VA,VA,metabolism/pk
rs4148412,morphine-3-glucuronide,ABCC3,PharmGKB_VA,VA,metabolism/pk
rs8450,glucose,CRTC2,PharmGKB_VA,VA,toxicity
rs2108622,acenocoumarol,CYP4F2,PharmGKB_VA,VA,dosage
rs3794271,tumor necrosis factor alpha (tnf-alpha) inhibitors,SLCO1C1,PharmGKB_VA,VA,efficacy
rs1128503,tacrolimus,ABCB1,PharmGKB_VA,VA,metabolism/pk
rs5441,sertraline,GNB3,PharmGKB_VA,VA,efficacy
rs9923231,warfarin,VKORC1,PharmGKB_VA,VA,dosage
rs3745274,efavirenz,CYP2B6,PharmGKB_VA,VA,metabolism/pk
rs2242480,fentanyl,CYP3A4,PharmGKB_VA,VA,efficacy
rs1799971,sufentanil,OPRM1,PharmGKB_VA,VA,dosage
rs1323040,sufentanil,OPRM1,PharmGKB_VA,VA,dosage
rs1128503,sufentanil,ABCB1,PharmGKB_VA,VA,dosage
rs1045642,cyclosporine,ABCB1,PharmGKB_VA,VA,efficacy
rs2032582,sufentanil,ABCB1,PharmGKB_VA,VA,dosage
rs1799971,morphine,OPRM1,PharmGKB_VA,VA,dosage
rs8450,hdl cholesterol,CRTC2,PharmGKB_VA,VA,toxicity
rs34130495,o-desmethyltramadol,SLC22A1,PharmGKB_VA,VA,metabolism/pk
rs717620,mycophenolic acid,ABCC2,PharmGKB_VA,VA,metabolism/pk
rs4680,methylphenidate,COMT,PharmGKB_VA,VA,efficacy
rs1867351,"n-desmethyltramadol, o-desmethyltramadol",SLC22A1,PharmGKB_VA,VA,metabolism/pk
rs12782374,phenytoin,CYP2C9,PharmGKB_VA,VA,"dosage, metabolism/pk"
rs1057910,warfarin,CYP2C9,PharmGKB_VA,VA,"dosage, metabolism/pk"
rs8077268,fentanyl,ABCC3,PharmGKB_VA,VA,metabolism/pk
rs4680,methylphenidate,COMT,PharmGKB_VA,VA,efficacy
rs1799853,warfarin,CYP2C9,PharmGKB_VA,VA,"dosage, metabolism/pk"
rs25487,platinum compounds,XRCC1,PharmGKB_VA,VA,efficacy
rs2108622,warfarin,CYP4F2,PharmGKB_VA,VA,dosage
rs1045642,cyclosporine,ABCB1,PharmGKB_VA,VA,metabolism/pk
rs35694136,nicotine,CYP1A2,PharmGKB_VA,VA,efficacy
rs776746,sirolimus,CYP3A5,PharmGKB_VA,VA,"dosage, metabolism/pk"
rs3212986,platinum compounds,ERCC1,PharmGKB_VA,VA,efficacy
rs7662029,mycophenolic acid,UGT2B7,PharmGKB_VA,VA,metabolism/pk
rs2070762,methylphenidate,TH,PharmGKB_VA,VA,efficacy
rs4149056,atorvastatin,SLCO1B1,PharmGKB_VA,VA,efficacy
rs12979860,"peginterferon alfa-2a, ribavirin",IFNL3,PharmGKB_VA,VA,efficacy
rs5744247,tacrolimus,IL18,PharmGKB_VA,VA,metabolism/pk
rs776746,tacrolimus,CYP3A5,PharmGKB_VA,VA,metabolism/pk
rs2740574,sirolimus,CYP3A4,PharmGKB_VA,VA,"dosage, metabolism/pk"
rs776746,sirolimus,CYP3A5,PharmGKB_VA,VA,"dosage, metabolism/pk"
rs1801274,cetuximab,FCGR2A,PharmGKB_VA,VA,efficacy
rs2242480,carbamazepine,CYP3A4,PharmGKB_VA,VA,metabolism/pk
rs518147,risperidone,HTR2C,PharmGKB_VA,VA,efficacy
rs776746,carbamazepine,CYP3A5,PharmGKB_VA,VA,metabolism/pk
rs6923761,"sitagliptin, vildagliptin",GLP1R,PharmGKB_VA,VA,efficacy
rs7910936,"desethylchloroquine, hydroxychloroquine",CYP2C8,PharmGKB_VA,VA,metabolism/pk
rs1045642,carbamazepine,ABCB1,PharmGKB_VA,VA,metabolism/pk
rs3738046,carbamazepine,EPHX1,PharmGKB_VA,VA,metabolism/pk
rs4149056,rosuvastatin,SLCO1B1,PharmGKB_VA,VA,metabolism/pk
rs1799853,phenytoin,CYP2C9,PharmGKB_VA,VA,metabolism/pk
rs4149056,simvastatin acid,SLCO1B1,PharmGKB_VA,VA,metabolism/pk
rs4244285,phenytoin,CYP2C19,PharmGKB_VA,VA,"other, metabolism/pk"
rs12979860,"peginterferon alfa-2a, ribavirin",IFNL3,PharmGKB_VA,VA,efficacy
rs6318,clozapine,HTR2C,PharmGKB_VA,VA,efficacy
rs2234922,carbamazepine,EPHX1,PharmGKB_VA,VA,metabolism/pk
rs776746,carbamazepine,CYP3A5,PharmGKB_VA,VA,dosage
rs12255372,"sulfonamides, urea derivatives",TCF7L2,PharmGKB_VA,VA,efficacy
rs4149056,simvastatin,SLCO1B1,PharmGKB_VA,VA,efficacy
rs25487,"carboplatin, cisplatin, fluorouracil",XRCC1,PharmGKB_VA,VA,efficacy
rs2032582,tramadol,ABCB1,PharmGKB_VA,VA,metabolism/pk
rs1045642,tramadol,ABCB1,PharmGKB_VA,VA,metabolism/pk
rs12659,"carboplatin, cisplatin, fluorouracil",SLC19A1,PharmGKB_VA,VA,efficacy
rs12083537,tocilizumab,IL6R,PharmGKB_VA,VA,efficacy
rs16851030,caffeine,ADORA1,PharmGKB_VA,VA,efficacy
rs4329505,tocilizumab,IL6R,PharmGKB_VA,VA,efficacy
rs1023574,risperidone,HTR2C,PharmGKB_VA,VA,efficacy
rs9698290,risperidone,HTR2C,PharmGKB_VA,VA,efficacy
rs16960228,"""diuretics"", ""hydrochlorothiazide"", ""thiazides, plain""",PRKCA,PharmGKB_VA,VA,efficacy
rs672170,antidepressants,RGS17,PharmGKB_VA,VA,efficacy
rs7089580,warfarin,CYP2C9,PharmGKB_VA,VA,dosage
rs7089580,warfarin,CYP2C9,PharmGKB_VA,VA,dosage
rs4149117,voriconazole,SLCO1B3,PharmGKB_VA,VA,metabolism/pk
rs1042522,oxaliplatin,TP53,PharmGKB_VA,VA,efficacy
rs9315310,antidepressants,NBEA,PharmGKB_VA,VA,efficacy
rs4737771,antidepressants,CRH,PharmGKB_VA,VA,efficacy
rs12979860,"peginterferon alfa-2b, ribavirin",IFNL3,PharmGKB_VA,VA,efficacy
rs49411,antidepressants,FHIT,PharmGKB_VA,VA,efficacy
rs2532560,antidepressants,PARP11,PharmGKB_VA,VA,efficacy
rs2831440,antidepressants,,PharmGKB_VA,VA,efficacy
rs5443,sildenafil,GNB3,PharmGKB_VA,VA,efficacy
rs766127,antidepressants,MTRF1L,PharmGKB_VA,VA,efficacy
rs1057868,atorvastatin,POR,PharmGKB_VA,VA,efficacy
rs846908,tacrolimus,HSD11B1,PharmGKB_VA,VA,metabolism/pk
rs4845625,sarilumab,IL6R,PharmGKB_VA,VA,efficacy
rs1799983,salvianolic acid b,NOS3,PharmGKB_VA,VA,efficacy
rs165599,bupropion,COMT,PharmGKB_VA,VA,efficacy
rs737865,bupropion,COMT,PharmGKB_VA,VA,efficacy
rs2267715,salbutamol,CRHR2,PharmGKB_VA,VA,efficacy
rs10882521,"desethylchloroquine, hydroxychloroquine",CYP2C8,PharmGKB_VA,VA,metabolism/pk
rs1042713,salmeterol,ADRB2,PharmGKB_VA,VA,efficacy
rs4889606,warfarin,STX1B,PharmGKB_VA,VA,dosage
rs2071303,adalimumab,HFE,PharmGKB_VA,VA,efficacy
rs10192566,rosiglitazone,LPIN1,PharmGKB_VA,VA,efficacy
rs4844880,tacrolimus,HSD11B1,PharmGKB_VA,VA,metabolism/pk
rs1065852,"desethylchloroquine, hydroxychloroquine",CYP2D6,PharmGKB_VA,VA,metabolism/pk
rs846910,tacrolimus,HSD11B1,PharmGKB_VA,VA,metabolism/pk
rs8099917,"peginterferon alfa-2b, ribavirin",IFNL3,PharmGKB_VA,VA,efficacy
rs3735814,acenocoumarol,GATA4,PharmGKB_VA,VA,dosage
rs4149601,"""beta blocking agents, selective"", ""diuretics""",NEDD4L,PharmGKB_VA,VA,efficacy
rs10997242,antidepressants,CTNNA3,PharmGKB_VA,VA,efficacy
rs4149601,"aldosterone antagonists, amiloride",NEDD4L,PharmGKB_VA,VA,efficacy
rs7997012,antidepressants,HTR2A,PharmGKB_VA,VA,efficacy
rs255100,salbutamol,CRHR2,PharmGKB_VA,VA,efficacy
rs6313,antidepressants,HTR2A,PharmGKB_VA,VA,efficacy
rs776746,tacrolimus,CYP3A5,PharmGKB_VA,VA,metabolism/pk
rs2112460,antidepressants,CACNA1A,PharmGKB_VA,VA,efficacy
rs2284220,salbutamol,CRHR2,PharmGKB_VA,VA,efficacy
rs17650,warfarin,ORM1,PharmGKB_VA,VA,dosage
rs521093,antidepressants,,PharmGKB_VA,VA,efficacy
rs7439366,morphine,UGT2B7,PharmGKB_VA,VA,dosage
rs7294,warfarin,VKORC1,PharmGKB_VA,VA,dosage
rs16873129,antidepressants,RAPGEF5,PharmGKB_VA,VA,efficacy
rs1128503,valproic acid,ABCB1,PharmGKB_VA,VA,efficacy
rs2299267,antidepressants,PON2,PharmGKB_VA,VA,efficacy
rs776746,tacrolimus,CYP3A5,PharmGKB_VA,VA,metabolism/pk
rs776746,tacrolimus,CYP3A5,PharmGKB_VA,VA,metabolism/pk
rs7937567,cisplatin,GALNT18,PharmGKB_VA,VA,efficacy
rs2279343,efavirenz,CYP2B6,PharmGKB_VA,VA,metabolism/pk
rs3759467,rituximab,,PharmGKB_VA,VA,efficacy
rs680055,"antipsychotics, aripiprazole, clozapine, haloperidol, olanzapine, quetiapine, risperidone",CYP3A43,PharmGKB_VA,VA,efficacy
rs776746,tacrolimus,CYP3A5,PharmGKB_VA,VA,"dosage, metabolism/pk"
rs776746,tacrolimus,CYP3A5,PharmGKB_VA,VA,metabolism/pk
rs776746,tacrolimus,CYP3A5,PharmGKB_VA,VA,"dosage, metabolism/pk"
rs776746,tacrolimus,CYP3A5,PharmGKB_VA,VA,metabolism/pk
rs776746,tacrolimus,CYP3A5,PharmGKB_VA,VA,metabolism/pk
rs776746,tacrolimus,CYP3A5,PharmGKB_VA,VA,metabolism/pk
rs776746,tacrolimus,CYP3A5,PharmGKB_VA,VA,metabolism/pk
rs1741981,corticosteroids,HDAC1,PharmGKB_VA,VA,efficacy
rs3745274,efavirenz,CYP2B6,PharmGKB_VA,VA,metabolism/pk
rs8192552,vincristine,MTNR1B,PharmGKB_VA,VA,metabolism/pk
rs3804100,morphine,TLR2,PharmGKB_VA,VA,"dosage, efficacy"
rs776746,tacrolimus,CYP3A5,PharmGKB_VA,VA,"other, metabolism/pk"
rs4148947,"docetaxel, thalidomide",CHST3,PharmGKB_VA,VA,efficacy
rs1143634,morphine,IL1B,PharmGKB_VA,VA,"dosage, efficacy"
rs3745274,efavirenz,CYP2B6,PharmGKB_VA,VA,metabolism/pk
rs10964552,cisplatin,MLLT3,PharmGKB_VA,VA,efficacy
rs776746,tacrolimus,CYP3A5,PharmGKB_VA,VA,"dosage, metabolism/pk"
rs776746,tacrolimus,CYP3A5,PharmGKB_VA,VA,"dosage, metabolism/pk"
rs1143634,morphine,IL1B,PharmGKB_VA,VA,"dosage, efficacy"
rs28399499,efavirenz,CYP2B6,PharmGKB_VA,VA,metabolism/pk
rs4148950,"docetaxel, thalidomide",CHST3,PharmGKB_VA,VA,efficacy
rs776746,tacrolimus,CYP3A5,PharmGKB_VA,VA,"dosage, metabolism/pk"
rs776746,tacrolimus,CYP3A5,PharmGKB_VA,VA,"dosage, metabolism/pk"
rs1800591,atorvastatin,MTTP,PharmGKB_VA,VA,efficacy
rs671,nitroglycerin,ALDH2,PharmGKB_VA,VA,efficacy
rs4910008,tocilizumab,GALNT18,PharmGKB_VA,VA,efficacy
rs3745274,efavirenz,CYP2B6,PharmGKB_VA,VA,metabolism/pk
rs244898,cisplatin,RARS1,PharmGKB_VA,VA,efficacy
rs776746,tacrolimus,CYP3A5,PharmGKB_VA,VA,"dosage, metabolism/pk"
rs3745274,efavirenz,CYP2B6,PharmGKB_VA,VA,metabolism/pk
rs776746,tacrolimus,CYP3A5,PharmGKB_VA,VA,"dosage, metabolism/pk"
rs3745274,efavirenz,CYP2B6,PharmGKB_VA,VA,metabolism/pk
rs2235048,risperidone,ABCB1,PharmGKB_VA,VA,efficacy
rs776746,tacrolimus,CYP3A5,PharmGKB_VA,VA,metabolism/pk
rs776746,tacrolimus,CYP3A5,PharmGKB_VA,VA,metabolism/pk
rs776746,tacrolimus,CYP3A5,PharmGKB_VA,VA,dosage
rs776746,tacrolimus,CYP3A5,PharmGKB_VA,VA,"dosage, metabolism/pk"
rs671,nitroglycerin,ALDH2,PharmGKB_VA,VA,metabolism/pk
rs2032582,digoxin,ABCB1,PharmGKB_VA,VA,metabolism/pk
rs776746,tacrolimus,CYP3A5,PharmGKB_VA,VA,metabolism/pk
rs776746,tacrolimus,CYP3A5,PharmGKB_VA,VA,metabolism/pk
rs776746,tacrolimus,CYP3A5,PharmGKB_VA,VA,dosage
rs11052877,tocilizumab,CD69,PharmGKB_VA,VA,efficacy
rs776746,tacrolimus,CYP3A5,PharmGKB_VA,VA,metabolism/pk
rs12248560,phenazepam,CYP2C19,PharmGKB_VA,VA,efficacy
rs776746,tacrolimus,CYP3A5,PharmGKB_VA,VA,"dosage, metabolism/pk"
rs776746,tacrolimus,CYP3A5,PharmGKB_VA,VA,metabolism/pk
rs6519270,vincristine,SNU13,PharmGKB_VA,VA,metabolism/pk
rs7184292,atenolol,,PharmGKB_VA,VA,efficacy
rs7606603,atenolol,XIRP2,PharmGKB_VA,VA,efficacy
rs10211,cyclosporine,CYP3A7,PharmGKB_VA,VA,metabolism/pk
rs2257401,cyclosporine,CYP3A7,PharmGKB_VA,VA,metabolism/pk
rs12343867,tumor necrosis factor alpha (tnf-alpha) inhibitors,JAK2,PharmGKB_VA,VA,efficacy
rs1695,nilotinib,GSTP1,PharmGKB_VA,VA,efficacy
rs16872401,hydrochlorothiazide,,PharmGKB_VA,VA,efficacy
rs3212217,tumor necrosis factor alpha (tnf-alpha) inhibitors,IL12B,PharmGKB_VA,VA,efficacy
rs4646437,cyclosporine,CYP3A4,PharmGKB_VA,VA,metabolism/pk
rs1801252,carvedilol,ADRB1,PharmGKB_VA,VA,efficacy
rs2032582,paroxetine,ABCB1,PharmGKB_VA,VA,efficacy
rs1048943,nilotinib,CYP1A1,PharmGKB_VA,VA,efficacy
rs10754558,tumor necrosis factor alpha (tnf-alpha) inhibitors,NLRP3,PharmGKB_VA,VA,efficacy
rs7184292,atenolol,,PharmGKB_VA,VA,dosage
rs2306283,atorvastatin,SLCO1B1,PharmGKB_VA,VA,efficacy
rs1946518,tumor necrosis factor alpha (tnf-alpha) inhibitors,IL18,PharmGKB_VA,VA,efficacy
rs1801253,carvedilol,ADRB1,PharmGKB_VA,VA,efficacy
rs3803300,risperidone,AKT1,PharmGKB_VA,VA,efficacy
rs2494732,risperidone,AKT1,PharmGKB_VA,VA,efficacy
rs3745274,efavirenz,CYP2B6,PharmGKB_VA,VA,metabolism/pk
rs2234711,tumor necrosis factor alpha (tnf-alpha) inhibitors,IFNGR1,PharmGKB_VA,VA,efficacy
rs3745274,imatinib,CYP2B6,PharmGKB_VA,VA,efficacy
rs4986893,warfarin,CYP2C19,PharmGKB_VA,VA,dosage
rs776746,cyclosporine,CYP3A5,PharmGKB_VA,VA,metabolism/pk
rs3814637,warfarin,CYP2C19,PharmGKB_VA,VA,dosage
rs12539,cannabidiol,AOC1,PharmGKB_VA,VA,efficacy
rs3211371,efavirenz,CYP2B6,PharmGKB_VA,VA,metabolism/pk
rs17250932,tumor necrosis factor alpha (tnf-alpha) inhibitors,TBX21,PharmGKB_VA,VA,efficacy
rs4548,vincristine,RAB7A,PharmGKB_VA,VA,metabolism/pk
rs730720,"docetaxel, thalidomide",CHST3,PharmGKB_VA,VA,efficacy
rs8126756,tumor necrosis factor alpha (tnf-alpha) inhibitors,IFNGR2,PharmGKB_VA,VA,efficacy
rs1339067,cannabidiol,SLC15A1,PharmGKB_VA,VA,efficacy
rs12772169,warfarin,,PharmGKB_VA,VA,dosage
rs4149056,rosiglitazone,SLCO1B1,PharmGKB_VA,VA,efficacy
rs3212217,tumor necrosis factor alpha (tnf-alpha) inhibitors,IL12B,PharmGKB_VA,VA,efficacy
rs1741981,corticosteroids for systemic use,HDAC1,PharmGKB_VA,VA,efficacy
rs165599,risperidone,COMT,PharmGKB_VA,VA,efficacy
rs724226,risperidone,GRM3,PharmGKB_VA,VA,efficacy
rs5744174,tumor necrosis factor alpha (tnf-alpha) inhibitors,TLR5,PharmGKB_VA,VA,efficacy
rs6517442,morphine,KCNJ6,PharmGKB_VA,VA,efficacy
rs2231142,methotrexate,ABCG2,PharmGKB_VA,VA,metabolism/pk
rs776746,tacrolimus,CYP3A5,PharmGKB_VA,VA,dosage
rs1057868,tacrolimus,POR,PharmGKB_VA,VA,metabolism/pk
rs6517442,"morphine, remifentanil",KCNJ6,PharmGKB_VA,VA,efficacy
rs776746,tacrolimus,CYP3A5,PharmGKB_VA,VA,dosage
rs776746,tacrolimus,CYP3A5,PharmGKB_VA,VA,dosage
rs699947,enalapril,VEGFA,PharmGKB_VA,VA,efficacy
rs8099917,"peginterferon alfa-2a, peginterferon alfa-2b, ribavirin, telaprevir",IFNL3,PharmGKB_VA,VA,efficacy
rs776746,tacrolimus,CYP3A5,PharmGKB_VA,VA,dosage
rs3745274,efavirenz,CYP2B6,PharmGKB_VA,VA,metabolism/pk
rs2284018,lithium,CACNG2,PharmGKB_VA,VA,efficacy
rs776746,tacrolimus,CYP3A5,PharmGKB_VA,VA,dosage
rs1045642,efavirenz,ABCB1,PharmGKB_VA,VA,metabolism/pk
rs3745274,efavirenz,CYP2B6,PharmGKB_VA,VA,metabolism/pk
rs1437153,anastrozole,,PharmGKB_VA,VA,efficacy
rs776746,tacrolimus,CYP3A5,PharmGKB_VA,VA,dosage
rs776746,tacrolimus,CYP3A5,PharmGKB_VA,VA,metabolism/pk
rs2250242,docetaxel,ORM2,PharmGKB_VA,VA,metabolism/pk
rs776746,tacrolimus,CYP3A5,PharmGKB_VA,VA,dosage
rs2043211,"etanercept, infliximab",CARD8,PharmGKB_VA,VA,efficacy
rs3745274,efavirenz,CYP2B6,PharmGKB_VA,VA,metabolism/pk
rs1045642,methotrexate,ABCB1,PharmGKB_VA,VA,efficacy
rs12979860,"peginterferon alfa-2a, peginterferon alfa-2b, ribavirin, telaprevir",IFNL3,PharmGKB_VA,VA,efficacy
rs776746,tacrolimus,CYP3A5,PharmGKB_VA,VA,"dosage, metabolism/pk"
rs2234711,tumor necrosis factor alpha (tnf-alpha) inhibitors,IFNGR1,PharmGKB_VA,VA,efficacy
rs4612666,"etanercept, infliximab",NLRP3,PharmGKB_VA,VA,efficacy
rs776746,tacrolimus,CYP3A5,PharmGKB_VA,VA,dosage
rs776746,tacrolimus,CYP3A5,PharmGKB_VA,VA,dosage
rs2449598,anastrozole,DLG2,PharmGKB_VA,VA,efficacy
rs776746,tacrolimus,CYP3A5,PharmGKB_VA,VA,dosage
rs3745274,efavirenz,CYP2B6,PharmGKB_VA,VA,metabolism/pk
rs776746,tacrolimus,CYP3A5,PharmGKB_VA,VA,metabolism/pk
rs2279343,efavirenz,CYP2B6,PharmGKB_VA,VA,metabolism/pk
rs776746,tacrolimus,CYP3A5,PharmGKB_VA,VA,dosage
rs776746,tacrolimus,CYP3A5,PharmGKB_VA,VA,metabolism/pk
rs9923231,warfarin,VKORC1,PharmGKB_VA,VA,dosage
rs776746,tacrolimus,CYP3A5,PharmGKB_VA,VA,dosage
rs2242480,tacrolimus,CYP3A4,PharmGKB_VA,VA,metabolism/pk
rs2032582,digoxin,ABCB1,PharmGKB_VA,VA,metabolism/pk
rs1801133,methotrexate,MTHFR,PharmGKB_VA,VA,metabolism/pk
rs3077,peginterferon alfa-2b,HLA-DPA1,PharmGKB_VA,VA,efficacy
rs1803274,rivastigmine,BCHE,PharmGKB_VA,VA,efficacy
rs1045642,digoxin,ABCB1,PharmGKB_VA,VA,metabolism/pk
rs3745274,efavirenz,CYP2B6,PharmGKB_VA,VA,metabolism/pk
rs2108622,warfarin,CYP4F2,PharmGKB_VA,VA,dosage
rs1045642,methotrexate,ABCB1,PharmGKB_VA,VA,metabolism/pk
rs1800629,"adalimumab, etanercept, infliximab, tumor necrosis factor alpha (tnf-alpha) inhibitors",TNF,PharmGKB_VA,VA,efficacy
rs12979860,"peginterferon alfa-2b, ribavirin",IFNL3,PharmGKB_VA,VA,efficacy
rs3749442,cannabidiol,ABCC5,PharmGKB_VA,VA,efficacy
rs4803217,"peginterferon alfa-2b, ribavirin",IFNL3,PharmGKB_VA,VA,efficacy
rs776746,tacrolimus,CYP3A5,PharmGKB_VA,VA,metabolism/pk
rs776746,tacrolimus,CYP3A5,PharmGKB_VA,VA,metabolism/pk
rs3181842,efavirenz,CYP2B6,PharmGKB_VA,VA,metabolism/pk
rs707265,efavirenz,CYP2B6,PharmGKB_VA,VA,metabolism/pk
rs7246465,efavirenz,CYP2B6,PharmGKB_VA,VA,metabolism/pk
rs696,sufentanil,NFKBIA,PharmGKB_VA,VA,dosage
rs1042389,efavirenz,CYP2B6,PharmGKB_VA,VA,metabolism/pk
rs11881222,"peginterferon alfa-2b, ribavirin",IFNL3,PharmGKB_VA,VA,efficacy
rs1000940,glucose,RABEP1,PharmGKB_VA,VA,other
rs776746,tacrolimus,CYP3A5,PharmGKB_VA,VA,"dosage, metabolism/pk"
rs6265,paroxetine,BDNF,PharmGKB_VA,VA,efficacy
rs776746,tacrolimus,CYP3A5,PharmGKB_VA,VA,"dosage, metabolism/pk"
rs4680,remifentanil,COMT,PharmGKB_VA,VA,efficacy
rs776746,tacrolimus,CYP3A5,PharmGKB_VA,VA,metabolism/pk
rs4680,morphine,COMT,PharmGKB_VA,VA,efficacy
rs4680,"morphine, remifentanil",COMT,PharmGKB_VA,VA,efficacy
rs776746,tacrolimus,CYP3A5,PharmGKB_VA,VA,"dosage, metabolism/pk"
rs2032582,antipsychotics,ABCB1,PharmGKB_VA,VA,"dosage, metabolism/pk"
rs3804099,"adalimumab, infliximab",TLR2,PharmGKB_VA,VA,efficacy
rs12979860,"interferon alfa-n1, peginterferon alfa-2b, ribavirin",IFNL3,PharmGKB_VA,VA,efficacy
rs4680,morphine,COMT,PharmGKB_VA,VA,"dosage, efficacy"
rs3745274,efavirenz,CYP2B6,PharmGKB_VA,VA,metabolism/pk
rs8099917,"interferon alfa-n1, peginterferon alfa-2b, ribavirin",IFNL3,PharmGKB_VA,VA,efficacy
rs28416813,"peginterferon alfa-2b, ribavirin",IFNL3,PharmGKB_VA,VA,efficacy
rs776746,tacrolimus,CYP3A5,PharmGKB_VA,VA,metabolism/pk
rs776746,tacrolimus,CYP3A5,PharmGKB_VA,VA,metabolism/pk
rs2231142,imatinib,ABCG2,PharmGKB_VA,VA,efficacy
rs776746,tacrolimus,CYP3A5,PharmGKB_VA,VA,metabolism/pk
rs3745274,efavirenz,CYP2B6,PharmGKB_VA,VA,metabolism/pk
rs8113007,"peginterferon alfa-2b, ribavirin",,PharmGKB_VA,VA,efficacy
rs776746,tacrolimus,CYP3A5,PharmGKB_VA,VA,"dosage, metabolism/pk"
rs12979860,"peginterferon alfa-2b, ribavirin",IFNL3,PharmGKB_VA,VA,efficacy
rs2075748,clozapine,CHRM1,PharmGKB_VA,VA,dosage
rs1056836,"cyclophosphamide, epirubicin, fluorouracil",CYP1B1,PharmGKB_VA,VA,efficacy
rs3745274,efavirenz,CYP2B6,PharmGKB_VA,VA,metabolism/pk
rs28416813,"peginterferon alfa-2a, peginterferon alfa-2b, ribavirin",IFNL3,PharmGKB_VA,VA,efficacy
rs8099917,"interferon alfa-n1, peginterferon alfa-2b, ribavirin",IFNL3,PharmGKB_VA,VA,efficacy
rs12979860,"peginterferon alfa-2a, peginterferon alfa-2b, ribavirin",IFNL3,PharmGKB_VA,VA,efficacy
rs12979860,"interferon alfa-n1, peginterferon alfa-2b, ribavirin",IFNL3,PharmGKB_VA,VA,efficacy
rs12615320,"erenumab, fremanezumab, galcanezumab",,PharmGKB_VA,VA,efficacy
rs4149056,rosuvastatin,SLCO1B1,PharmGKB_VA,VA,efficacy
rs9934438,warfarin,VKORC1,PharmGKB_VA,VA,dosage
rs10901080,hydroxyurea,ASS1,PharmGKB_VA,VA,efficacy
rs6981827,anastrozole,CSMD1,PharmGKB_VA,VA,efficacy
rs10793902,hydroxyurea,ASS1,PharmGKB_VA,VA,efficacy
rs8099917,"peginterferon alfa-2b, ribavirin",IFNL3,PharmGKB_VA,VA,efficacy
rs2032582,doxorubicin,ABCB1,PharmGKB_VA,VA,metabolism/pk
rs8099917,"peginterferon alfa-2b, ribavirin",IFNL3,PharmGKB_VA,VA,efficacy
rs8103142,"peginterferon alfa-2a, peginterferon alfa-2b, ribavirin",IFNL3,PharmGKB_VA,VA,efficacy
rs7905446,"fluoxetine, paroxetine",HTR7,PharmGKB_VA,VA,efficacy
rs776746,tacrolimus,CYP3A5,PharmGKB_VA,VA,dosage
rs776746,tacrolimus,CYP3A5,PharmGKB_VA,VA,"dosage, metabolism/pk"
rs776746,tacrolimus,CYP3A5,PharmGKB_VA,VA,dosage
rs1800566,epirubicin,NQO1,PharmGKB_VA,VA,"efficacy, toxicity"
rs1563828,"docetaxel, epirubicin",MDM4,PharmGKB_VA,VA,efficacy
rs2072671,gemcitabine,CDA,PharmGKB_VA,VA,metabolism/pk
rs75982813,hydrochlorothiazide,NEDD4L,PharmGKB_VA,VA,efficacy
rs5219,gliclazide,KCNJ11,PharmGKB_VA,VA,efficacy
rs12777823,warfarin,,PharmGKB_VA,VA,dosage
rs1045642,doxorubicin,ABCB1,PharmGKB_VA,VA,metabolism/pk
rs8099917,"peginterferon alfa-2b, ribavirin",IFNL3,PharmGKB_VA,VA,efficacy
rs6277,aripiprazole,DRD2,PharmGKB_VA,VA,efficacy
rs776746,tacrolimus,CYP3A5,PharmGKB_VA,VA,dosage
rs1045642,digoxin,ABCB1,PharmGKB_VA,VA,metabolism/pk
rs11942466,"capecitabine, radiotherapy",AREG,PharmGKB_VA,VA,efficacy
rs3745274,s-methadone,CYP2B6,PharmGKB_VA,VA,metabolism/pk
rs11615,"capecitabine, radiotherapy",ERCC1,PharmGKB_VA,VA,efficacy
rs2010963,"capecitabine, oxaliplatin",VEGFA,PharmGKB_VA,VA,efficacy
rs8099917,"peginterferon alfa-2b, ribavirin",IFNL3,PharmGKB_VA,VA,efficacy
rs1902023,acetaminophen,UGT2B15,PharmGKB_VA,VA,efficacy
rs12979860,"peginterferon alfa-2b, ribavirin",IFNL3,PharmGKB_VA,VA,efficacy
rs1800497,aripiprazole,ANKK1,PharmGKB_VA,VA,efficacy
rs4633,morphine,COMT,PharmGKB_VA,VA,"dosage, efficacy"
rs224534,acetaminophen,TRPV1,PharmGKB_VA,VA,efficacy
rs1150226,clozapine,HTR3A,PharmGKB_VA,VA,efficacy
rs2069062,risperidone,GRM7,PharmGKB_VA,VA,efficacy
rs1045642,clopidogrel,ABCB1,PharmGKB_VA,VA,efficacy
rs776746,tacrolimus,CYP3A5,PharmGKB_VA,VA,metabolism/pk
rs2276302,clozapine,HTR3A,PharmGKB_VA,VA,efficacy
rs4680,glucose,COMT,PharmGKB_VA,VA,toxicity
rs1062613,clozapine,HTR3A,PharmGKB_VA,VA,efficacy
rs1045642,clopidogrel,ABCB1,PharmGKB_VA,VA,metabolism/pk
rs776746,tacrolimus,CYP3A5,PharmGKB_VA,VA,metabolism/pk
rs10919563,"adalimumab, etanercept, infliximab",PTPRC,PharmGKB_VA,VA,efficacy
rs776746,tacrolimus,CYP3A5,PharmGKB_VA,VA,metabolism/pk
rs1875705,risperidone,GRID2,PharmGKB_VA,VA,efficacy
rs776746,tacrolimus,CYP3A5,PharmGKB_VA,VA,metabolism/pk
rs1045642,clopidogrel,ABCB1,PharmGKB_VA,VA,efficacy
rs2032582,paclitaxel,ABCB1,PharmGKB_VA,VA,efficacy
rs2276707,tacrolimus,NR1I2,PharmGKB_VA,VA,metabolism/pk
rs776746,tacrolimus,CYP3A5,PharmGKB_VA,VA,"dosage, metabolism/pk"
rs699947,"capecitabine, oxaliplatin",VEGFA,PharmGKB_VA,VA,efficacy
rs17886199,warfarin,PRSS53,PharmGKB_VA,VA,dosage
rs12422149,"4-hydroxyatorvastatin, 4-hydroxyatorvastatin lactone",SLCO2B1,PharmGKB_VA,VA,metabolism/pk
rs2032582,paclitaxel,ABCB1,PharmGKB_VA,VA,efficacy
rs776746,tacrolimus,CYP3A5,PharmGKB_VA,VA,metabolism/pk
rs11881222,"peginterferon alfa-2b, ribavirin",IFNL3,PharmGKB_VA,VA,efficacy
rs1801133,benazepril,MTHFR,PharmGKB_VA,VA,efficacy
rs776746,tacrolimus,CYP3A5,PharmGKB_VA,VA,"other, metabolism/pk"
rs887829,"2-hydroxyatorvastatin lactone, 4-hydroxyatorvastatin lactone, atorvastatin lactone",UGT1A1,PharmGKB_VA,VA,metabolism/pk
rs1056515,"bevacizumab, fluorouracil, irinotecan, leucovorin",RGS5,PharmGKB_VA,VA,efficacy
rs4148323,sn-38,UGT1A1,PharmGKB_VA,VA,dosage
rs8105790,"peginterferon alfa-2b, ribavirin",IFNL3,PharmGKB_VA,VA,efficacy
rs12980275,"peginterferon alfa-2b, ribavirin",IFNL3,PharmGKB_VA,VA,efficacy
rs10068980,valproic acid,GABRA1,PharmGKB_VA,VA,efficacy
rs12979860,"peginterferon alfa-2b, ribavirin",IFNL3,PharmGKB_VA,VA,efficacy
rs1942499,clozapine,CHRM1,PharmGKB_VA,VA,dosage
rs3745274,tramadol,CYP2B6,PharmGKB_VA,VA,metabolism/pk
rs8099917,"peginterferon alfa-2b, ribavirin",IFNL3,PharmGKB_VA,VA,efficacy
rs776746,tacrolimus,CYP3A5,PharmGKB_VA,VA,metabolism/pk
rs12487736,rosuvastatin,SCAP,PharmGKB_VA,VA,efficacy
rs776746,tacrolimus,CYP3A5,PharmGKB_VA,VA,metabolism/pk
rs4803219,"peginterferon alfa-2b, ribavirin",IFNL3,PharmGKB_VA,VA,efficacy
rs329007,"bevacizumab, fluorouracil, irinotecan, leucovorin",RALBP1,PharmGKB_VA,VA,efficacy
rs75527207,ivacaftor,CFTR,PharmGKB_VA,VA,efficacy
rs1128503,rocuronium,ABCB1,PharmGKB_VA,VA,efficacy
rs6714486,mycophenolic acid,UGT1A9,PharmGKB_VA,VA,metabolism/pk
rs9923231,acenocoumarol,VKORC1,PharmGKB_VA,VA,dosage
rs776746,tacrolimus,CYP3A5,PharmGKB_VA,VA,metabolism/pk
rs2306283,rocuronium,SLCO1B1,PharmGKB_VA,VA,efficacy
rs8099917,"peginterferon alfa-2b, ribavirin",IFNL3,PharmGKB_VA,VA,efficacy
rs776746,perampanel,CYP3A5,PharmGKB_VA,VA,metabolism/pk
rs776746,tacrolimus,CYP3A5,PharmGKB_VA,VA,metabolism/pk
rs7438135,morphine,UGT2B7,PharmGKB_VA,VA,metabolism/pk
rs776746,tacrolimus,CYP3A5,PharmGKB_VA,VA,metabolism/pk
rs8099917,"peginterferon alfa-2b, ribavirin",IFNL3,PharmGKB_VA,VA,efficacy
rs7248668,"peginterferon alfa-2b, ribavirin",IFNL3,PharmGKB_VA,VA,efficacy
rs10853728,"peginterferon alfa-2b, ribavirin",,PharmGKB_VA,VA,efficacy
rs4149056,pravastatin,SLCO1B1,PharmGKB_VA,VA,metabolism/pk
rs10853728,"peginterferon alfa-2b, ribavirin",,PharmGKB_VA,VA,efficacy
rs2108622,acenocoumarol,CYP4F2,PharmGKB_VA,VA,dosage
rs2725252,imatinib,ABCG2,PharmGKB_VA,VA,efficacy
rs2108622,phenprocoumon,CYP4F2,PharmGKB_VA,VA,dosage
rs5370,"atenolol, irbesartan",EDN1,PharmGKB_VA,VA,efficacy
rs6311,paroxetine,HTR2A,PharmGKB_VA,VA,efficacy
rs4086116,phenprocoumon,CYP2C9,PharmGKB_VA,VA,dosage
rs7412,"atorvastatin, pravastatin, simvastatin",APOE,PharmGKB_VA,VA,efficacy
rs2725252,imatinib,ABCG2,PharmGKB_VA,VA,efficacy
rs2472677,atazanavir,NR1I2,PharmGKB_VA,VA,metabolism/pk
rs4149015,pravastatin,SLCO1B1,PharmGKB_VA,VA,metabolism/pk
rs776746,apixaban,CYP3A5,PharmGKB_VA,VA,metabolism/pk
rs12505410,imatinib,ABCG2,PharmGKB_VA,VA,efficacy
rs2454727,niacin,HCAR2,PharmGKB_VA,VA,efficacy
rs12003906,"atorvastatin, pravastatin, simvastatin",ABCA1,PharmGKB_VA,VA,efficacy
rs13120400,ceftriaxone,ABCG2,PharmGKB_VA,VA,metabolism/pk
rs1127354,ribavirin,ITPA,PharmGKB_VA,VA,dosage
rs776746,tacrolimus,CYP3A5,PharmGKB_VA,VA,metabolism/pk
rs4149015,pravastatin,SLCO1B1,PharmGKB_VA,VA,metabolism/pk
rs616147,creatine,MOBP,PharmGKB_VA,VA,efficacy
rs1047840,pemetrexed,EXO1,PharmGKB_VA,VA,efficacy
rs4149056,pravastatin,SLCO1B1,PharmGKB_VA,VA,efficacy
rs10871454,phenprocoumon,STX4,PharmGKB_VA,VA,dosage
rs4149056,pravastatin,SLCO1B1,PharmGKB_VA,VA,metabolism/pk
rs3745274,propofol,CYP2B6,PharmGKB_VA,VA,dosage
rs352139,"adalimumab, etanercept, infliximab, tumor necrosis factor alpha (tnf-alpha) inhibitors",TLR9,PharmGKB_VA,VA,efficacy
rs4244285,valproic acid,CYP2C19,PharmGKB_VA,VA,"dosage, metabolism/pk"
rs2231142,apixaban,ABCG2,PharmGKB_VA,VA,metabolism/pk
rs12979860,"peginterferon alfa-2b, ribavirin",IFNL3,PharmGKB_VA,VA,efficacy
rs2242446,"3,4-methylenedioxymethamphetamine",SLC6A2,PharmGKB_VA,VA,other
rs699,atenolol,AGT,PharmGKB_VA,VA,efficacy
rs1057910,irbesartan,CYP2C9,PharmGKB_VA,VA,metabolism/pk
rs1861647,"3,4-methylenedioxymethamphetamine",SLC6A2,PharmGKB_VA,VA,other
rs36029,"3,4-methylenedioxymethamphetamine",SLC6A2,PharmGKB_VA,VA,other
rs5051,atenolol,AGT,PharmGKB_VA,VA,efficacy
rs1057910,irbesartan,CYP2C9,PharmGKB_VA,VA,metabolism/pk
rs72558187,irbesartan,CYP2C9,PharmGKB_VA,VA,metabolism/pk
rs1057910,irbesartan,CYP2C9,PharmGKB_VA,VA,metabolism/pk
rs1264457,"adalimumab, certolizumab pegol, etanercept, glucocorticoids, infliximab, methotrexate",HLA-E,PharmGKB_VA,VA,efficacy
rs13266634,repaglinide,SLC30A8,PharmGKB_VA,VA,efficacy
rs1048101,disulfiram,ADRA1A,PharmGKB_VA,VA,efficacy
rs1059150,"adalimumab, certolizumab pegol, etanercept, glucocorticoids, infliximab, methotrexate",ATP5F1E,PharmGKB_VA,VA,efficacy
rs1045642,sirolimus,ABCB1,PharmGKB_VA,VA,metabolism/pk
rs116855232,mercaptopurine,NUDT15,PharmGKB_VA,VA,dosage
rs2231142,felodipine,ABCG2,PharmGKB_VA,VA,metabolism/pk
rs28399433,dexmedetomidine,CYP2A6,PharmGKB_VA,VA,metabolism/pk
rs1799853,irbesartan,CYP2C9,PharmGKB_VA,VA,efficacy
rs145837941,fentanyl,CALCA,PharmGKB_VA,VA,dosage
rs1319501,nitric oxide,NAMPT,PharmGKB_VA,VA,efficacy
rs4910008,tocilizumab,GALNT18,PharmGKB_VA,VA,efficacy
rs529520,buprenorphine,OPRD1,PharmGKB_VA,VA,efficacy
rs12459249,nicotine,,PharmGKB_VA,VA,metabolism/pk
rs2592551,warfarin,GGCX,PharmGKB_VA,VA,dosage
rs11191439,arsenic compounds,AS3MT,PharmGKB_VA,VA,"toxicity, metabolism/pk"
rs7905446,selective serotonin reuptake inhibitors,HTR7,PharmGKB_VA,VA,efficacy
rs7905446,escitalopram,HTR7,PharmGKB_VA,VA,efficacy
rs7905446,"atomoxetine, desvenlafaxine, duloxetine, selective serotonin reuptake inhibitors, venlafaxine",HTR7,PharmGKB_VA,VA,efficacy
rs72558187,irbesartan,CYP2C9,PharmGKB_VA,VA,metabolism/pk
rs2069840,tocilizumab,IL6,PharmGKB_VA,VA,efficacy
rs7905446,antidepressants,HTR7,PharmGKB_VA,VA,efficacy
rs72558187,irbesartan,CYP2C9,PharmGKB_VA,VA,metabolism/pk
rs1801131,benazepril,MTHFR,PharmGKB_VA,VA,efficacy
rs1057910,irbesartan,CYP2C9,PharmGKB_VA,VA,metabolism/pk
rs7905446,paroxetine,HTR7,PharmGKB_VA,VA,efficacy
rs145837941,fentanyl,CALCA,PharmGKB_VA,VA,dosage
rs1653586,pemetrexed,CAMKK2,PharmGKB_VA,VA,efficacy
rs523349,abiraterone,SRD5A2,PharmGKB_VA,VA,efficacy
rs581111,buprenorphine,OPRD1,PharmGKB_VA,VA,efficacy
rs11623866,"carboplatin, lonafarnib, paclitaxel",FNTB,PharmGKB_VA,VA,efficacy
rs12505410,methotrexate,ABCG2,PharmGKB_VA,VA,metabolism/pk
rs41271330,escitalopram,BMP5,PharmGKB_VA,VA,efficacy
rs71647871,enalapril,CES1,PharmGKB_VA,VA,metabolism/pk
rs13137622,methotrexate,ABCG2,PharmGKB_VA,VA,metabolism/pk
rs13120400,methotrexate,ABCG2,PharmGKB_VA,VA,metabolism/pk
rs2740574,amlodipine,CYP3A4,PharmGKB_VA,VA,efficacy
rs1946518,tacrolimus,IL18,PharmGKB_VA,VA,metabolism/pk
rs1800896,tacrolimus,IL10,PharmGKB_VA,VA,metabolism/pk
rs1803274,rivastigmine,BCHE,PharmGKB_VA,VA,efficacy
rs3745274,efavirenz,CYP2B6,PharmGKB_VA,VA,metabolism/pk
rs35303484,efavirenz,CYP2B6,PharmGKB_VA,VA,metabolism/pk
rs1057910,valproic acid,CYP2C9,PharmGKB_VA,VA,metabolism/pk
rs1801133,methotrexate,MTHFR,PharmGKB_VA,VA,metabolism/pk
rs116855232,azathioprine,NUDT15,PharmGKB_VA,VA,toxicity
rs689466,celecoxib,PTGS2,PharmGKB_VA,VA,efficacy
rs28379954,clozapine,NFIB,PharmGKB_VA,VA,metabolism/pk
rs776746,tacrolimus,CYP3A5,PharmGKB_VA,VA,metabolism/pk
rs594709,metformin,SLC22A1,PharmGKB_VA,VA,efficacy
rs2401863,irinotecan,TDP1,PharmGKB_VA,VA,efficacy
rs1934969,losartan,CYP2C9,PharmGKB_VA,VA,metabolism/pk
rs2289669,metformin,SLC47A1,PharmGKB_VA,VA,efficacy
rs5744247,tacrolimus,IL18,PharmGKB_VA,VA,metabolism/pk
rs1051266,methotrexate,SLC19A1,PharmGKB_VA,VA,metabolism/pk
rs16947,dexmedetomidine,CYP2D6,PharmGKB_VA,VA,dosage
rs762551,carbamazepine,CYP1A2,PharmGKB_VA,VA,metabolism/pk
rs2242480,rivaroxaban,CYP3A4,PharmGKB_VA,VA,metabolism/pk
rs776746,"cyclosporine, tacrolimus",CYP3A5,PharmGKB_VA,VA,"dosage, metabolism/pk"
rs4148324,methotrexate,UGT1A1,PharmGKB_VA,VA,metabolism/pk
rs3842,efavirenz,ABCB1,PharmGKB_VA,VA,metabolism/pk
rs776746,"cyclosporine, tacrolimus",CYP3A5,PharmGKB_VA,VA,"dosage, metabolism/pk"
rs5758550,dexmedetomidine,WBP2NL,PharmGKB_VA,VA,toxicity
rs1803274,"memantine, rivastigmine",BCHE,PharmGKB_VA,VA,efficacy
rs2108622,warfarin,CYP4F2,PharmGKB_VA,VA,dosage
rs699664,warfarin,GGCX,PharmGKB_VA,VA,dosage
rs1801131,methotrexate,MTHFR,PharmGKB_VA,VA,efficacy
rs1045642,clopidogrel,ABCB1,PharmGKB_VA,VA,metabolism/pk
rs1057868,tacrolimus,POR,PharmGKB_VA,VA,metabolism/pk
rs9934438,warfarin,VKORC1,PharmGKB_VA,VA,dosage
rs1803274,rivastigmine,BCHE,PharmGKB_VA,VA,efficacy
rs145837941,fentanyl,CALCA,PharmGKB_VA,VA,dosage
rs2231142,apixaban,ABCG2,PharmGKB_VA,VA,metabolism/pk
rs1061622,tumor necrosis factor alpha (tnf-alpha) inhibitors,TNFRSF1B,PharmGKB_VA,VA,efficacy
rs1051266,methotrexate,SLC19A1,PharmGKB_VA,VA,metabolism/pk
rs3397,tumor necrosis factor alpha (tnf-alpha) inhibitors,TNFRSF1B,PharmGKB_VA,VA,efficacy
rs1045642,amlodipine,ABCB1,PharmGKB_VA,VA,metabolism/pk
rs3766355,latanoprost,PTGFR,PharmGKB_VA,VA,efficacy
rs1061631,tumor necrosis factor alpha (tnf-alpha) inhibitors,TNFRSF1B,PharmGKB_VA,VA,efficacy
rs1801133,methotrexate,MTHFR,PharmGKB_VA,VA,efficacy
rs3397,tumor necrosis factor alpha (tnf-alpha) inhibitors,TNFRSF1B,PharmGKB_VA,VA,efficacy
rs2032582,amlodipine,ABCB1,PharmGKB_VA,VA,metabolism/pk
rs11265549,methadone,NECTIN4,PharmGKB_VA,VA,metabolism/pk
rs1799971,"opioid anesthetics, other general anesthetics, volatile anesthetics",OPRM1,PharmGKB_VA,VA,efficacy
rs2231142,"opioid anesthetics, other general anesthetics, volatile anesthetics",ABCG2,PharmGKB_VA,VA,efficacy
rs11265549,methadone,NECTIN4,PharmGKB_VA,VA,dosage
rs16934182,dexmedetomidine,KCNMA1,PharmGKB_VA,VA,dosage
rs2244613,dabigatran,CES1,PharmGKB_VA,VA,metabolism/pk
rs11887534,atorvastatin,ABCG8,PharmGKB_VA,VA,efficacy
rs1800544,dexmedetomidine,ADRA2A,PharmGKB_VA,VA,dosage
rs2011425,tamoxifen-n-glucuronide,UGT1A4,PharmGKB_VA,VA,metabolism/pk
rs3745274,imatinib,CYP2B6,PharmGKB_VA,VA,efficacy
rs4673993,methotrexate,ATIC,PharmGKB_VA,VA,efficacy
rs7079,benazepril,AGT,PharmGKB_VA,VA,efficacy
rs9332098,warfarin,CYP2C9,PharmGKB_VA,VA,dosage
rs6729738,cannabidiol,,PharmGKB_VA,VA,efficacy
rs1801133,methotrexate,MTHFR,PharmGKB_VA,VA,efficacy
rs1042713,dexmedetomidine,ADRB2,PharmGKB_VA,VA,efficacy
rs9332092,warfarin,CYP2C9,PharmGKB_VA,VA,dosage
rs3784921,hydrochlorothiazide,TXNDC11,PharmGKB_VA,VA,efficacy
rs1057910,warfarin,CYP2C9,PharmGKB_VA,VA,metabolism/pk
rs762551,paroxetine,CYP1A2,PharmGKB_VA,VA,metabolism/pk
rs1799853,warfarin,CYP2C9,PharmGKB_VA,VA,metabolism/pk
rs3745274,efavirenz,CYP2B6,PharmGKB_VA,VA,metabolism/pk
rs16934182,dexmedetomidine,KCNMA1,PharmGKB_VA,VA,toxicity
rs4148157,topotecan,ABCG2,PharmGKB_VA,VA,metabolism/pk
rs28399499,efavirenz,CYP2B6,PharmGKB_VA,VA,metabolism/pk
rs2246709,rivaroxaban,CYP3A4,PharmGKB_VA,VA,metabolism/pk
rs117986340,duloxetine,KMT2E,PharmGKB_VA,VA,efficacy
rs2571598,rivastigmine,ACHE,PharmGKB_VA,VA,efficacy
rs1799971,morphine,OPRM1,PharmGKB_VA,VA,"dosage, efficacy"
rs2303377,duloxetine,NCAM1,PharmGKB_VA,VA,efficacy
rs776746,rivaroxaban,CYP3A5,PharmGKB_VA,VA,metabolism/pk
rs776746,tacrolimus,CYP3A5,PharmGKB_VA,VA,metabolism/pk
rs3745274,efavirenz,CYP2B6,PharmGKB_VA,VA,metabolism/pk
rs4261893,duloxetine,ZNF385D,PharmGKB_VA,VA,efficacy
rs2279343,efavirenz,CYP2B6,PharmGKB_VA,VA,metabolism/pk
rs3735451,rivaroxaban,CYP3A4,PharmGKB_VA,VA,metabolism/pk
rs2359612,warfarin,VKORC1,PharmGKB_VA,VA,dosage
rs7294,warfarin,VKORC1,PharmGKB_VA,VA,dosage
rs141294036,dexmedetomidine,,PharmGKB_VA,VA,toxicity
rs3784943,amphetamine,CDH13,PharmGKB_VA,VA,efficacy
rs35599367,everolimus,CYP3A4,PharmGKB_VA,VA,metabolism/pk
rs4149056,pravastatin,SLCO1B1,PharmGKB_VA,VA,efficacy
rs11739136,dexmedetomidine,KCNMB1,PharmGKB_VA,VA,efficacy
rs7668282,morphine,UGT2B7,PharmGKB_VA,VA,metabolism/pk
rs3745274,efavirenz,CYP2A7P1,PharmGKB_VA,VA,metabolism/pk
rs8192935,dabigatran,CES1,PharmGKB_VA,VA,metabolism/pk
rs1799971,ethanol,OPRM1,PharmGKB_VA,VA,dosage
rs1801133,methotrexate,CLCN6,PharmGKB_VA,VA,efficacy
rs1801131,methotrexate,C1orf167,PharmGKB_VA,VA,efficacy
rs1805087,methotrexate,MTR,PharmGKB_VA,VA,efficacy
rs4073,ranibizumab,CXCL8,PharmGKB_VA,VA,efficacy
rs10485057,ethanol,OPRM1,PharmGKB_VA,VA,dosage
rs9934438,warfarin,VKORC1,PharmGKB_VA,VA,dosage
rs4680,opioids,COMT,PharmGKB_VA,VA,dosage
rs9904341,methotrexate,BIRC5,PharmGKB_VA,VA,efficacy
rs9934438,acenocoumarol,VKORC1,PharmGKB_VA,VA,efficacy
rs17834628,salbutamol,,PharmGKB_VA,VA,efficacy
rs1051730,nicotine,CHRNA3,PharmGKB_VA,VA,dosage
rs3828743,"abiraterone, prednisolone",TSPYL1,PharmGKB_VA,VA,efficacy
rs6878291,platinum,RICTOR,PharmGKB_VA,VA,efficacy
rs3745274,efavirenz,CYP2B6,PharmGKB_VA,VA,metabolism/pk
rs2514218,clozapine,DRD2,PharmGKB_VA,VA,efficacy
rs1801394,methotrexate,FASTKD3,PharmGKB_VA,VA,efficacy
rs2071559,ranibizumab,KDR,PharmGKB_VA,VA,efficacy
rs1799971,ethanol,OPRM1,PharmGKB_VA,VA,other
rs3957356,busulfan,GSTA1,PharmGKB_VA,VA,metabolism/pk
rs12995526,methotrexate,ATIC,PharmGKB_VA,VA,efficacy
rs2108622,warfarin,CYP4F2,PharmGKB_VA,VA,dosage
rs2372536,methotrexate,ATIC,PharmGKB_VA,VA,efficacy
rs4673993,methotrexate,ATIC,PharmGKB_VA,VA,efficacy
rs1275988,candesartan,KCNK3,PharmGKB_VA,VA,efficacy
rs1523130,risperidone,NR1I2,PharmGKB_VA,VA,metabolism/pk
rs1045642,sufentanil,ABCB1,PharmGKB_VA,VA,dosage
rs763780,adalimumab,IL17F,PharmGKB_VA,VA,efficacy
rs113420705,immunoglobulins,CASP3,PharmGKB_VA,VA,efficacy
rs4680,sufentanil,COMT,PharmGKB_VA,VA,dosage
rs7294,warfarin,VKORC1,PharmGKB_VA,VA,dosage
rs28493229,immunoglobulins,COQ8B,PharmGKB_VA,VA,efficacy
rs763780,ustekinumab,IL17F,PharmGKB_VA,VA,efficacy
rs1057910,warfarin,CYP2C9,PharmGKB_VA,VA,dosage
rs763780,infliximab,IL17F,PharmGKB_VA,VA,efficacy
rs1378942,hydrochlorothiazide,CSK,PharmGKB_VA,VA,efficacy
rs35661809,salbutamol,,PharmGKB_VA,VA,efficacy
rs6280,antipsychotics,DRD3,PharmGKB_VA,VA,efficacy
rs12579720,hydrochlorothiazide,PDE3A,PharmGKB_VA,VA,efficacy
rs6722745,candesartan,SULT1C3,PharmGKB_VA,VA,efficacy
rs4387287,atenolol,STN1,PharmGKB_VA,VA,efficacy
rs10783050,metformin,,PharmGKB_VA,VA,efficacy
rs1143623,metformin,IL1B,PharmGKB_VA,VA,efficacy
rs9923231,warfarin,VKORC1,PharmGKB_VA,VA,dosage
rs9923231,warfarin,VKORC1,PharmGKB_VA,VA,metabolism/pk
rs1042522,"cisplatin, paclitaxel",TP53,PharmGKB_VA,VA,efficacy
rs1045642,rifapentine,ABCB1,PharmGKB_VA,VA,metabolism/pk
rs2010963,"bevacizumab, pegaptanib, ranibizumab",VEGFA,PharmGKB_VA,VA,efficacy
rs1800566,"epirubicin, fluorouracil, oxaliplatin",NQO1,PharmGKB_VA,VA,efficacy
rs9923231,warfarin,VKORC1,PharmGKB_VA,VA,efficacy
rs662,"epirubicin, fluorouracil, oxaliplatin",PON1,PharmGKB_VA,VA,efficacy
rs2276707,risperidone,NR1I2,PharmGKB_VA,VA,metabolism/pk
rs28399499,efavirenz,CYP2B6,PharmGKB_VA,VA,metabolism/pk
rs9923231,warfarin,VKORC1,PharmGKB_VA,VA,efficacy
rs396991,rituximab,FCGR3A,PharmGKB_VA,VA,efficacy
rs16969968,nicotine,CHRNA3,PharmGKB_VA,VA,efficacy
rs2276302,clozapine,HTR3A,PharmGKB_VA,VA,efficacy
rs2032582,imatinib,ABCB1,PharmGKB_VA,VA,efficacy
rs2231142,imatinib,ABCG2,PharmGKB_VA,VA,efficacy
rs5443,telmisartan,GNB3,PharmGKB_VA,VA,efficacy
rs8192719,efavirenz,CYP2B6,PharmGKB_VA,VA,metabolism/pk
rs2769605,"lithium, valproic acid",,PharmGKB_VA,VA,efficacy
rs7121,"cisplatin, fluorouracil",GNAS,PharmGKB_VA,VA,efficacy
rs1367094,"atenolol, metoprolol",ZMAT4,PharmGKB_VA,VA,efficacy
rs3745274,efavirenz,CYP2B6,PharmGKB_VA,VA,metabolism/pk
rs11313667,"atenolol, hydrochlorothiazide, metoprolol",LRRC15,PharmGKB_VA,VA,efficacy
rs776746,ondansetron,CYP3A5,PharmGKB_VA,VA,metabolism/pk
rs1800497,"lithium, olanzapine",DRD2,PharmGKB_VA,VA,efficacy
rs247616,hmg-coa reductase inhibitors,,PharmGKB_VA,VA,efficacy
rs12979860,"boceprevir, peginterferon alfa-2a, peginterferon alfa-2b, ribavirin, telaprevir",IFNL3,PharmGKB_VA,VA,efficacy
rs7301582,"adalimumab, certolizumab pegol, etanercept, glucocorticoids, infliximab, methotrexate",KLRC1,PharmGKB_VA,VA,efficacy
rs10224002,hydrochlorothiazide,PRKAG2,PharmGKB_VA,VA,efficacy
rs1045642,"agomelatine, melatonin receptor agonists, selective serotonin reuptake inhibitors, venlafaxine",ABCB1,PharmGKB_VA,VA,efficacy
rs2302489,"adalimumab, certolizumab pegol, etanercept, glucocorticoids, infliximab, methotrexate",KLRD1,PharmGKB_VA,VA,efficacy
rs12979860,"peginterferon alfa-2a, peginterferon alfa-2b, ribavirin",IFNL3,PharmGKB_VA,VA,efficacy
rs932764,hydrochlorothiazide,PLCE1,PharmGKB_VA,VA,efficacy
rs8099917,"peginterferon alfa-2a, peginterferon alfa-2b, ribavirin, simeprevir",IFNL3,PharmGKB_VA,VA,efficacy
rs1446468,metoprolol,,PharmGKB_VA,VA,efficacy
rs9306160,atenolol,RRP1B,PharmGKB_VA,VA,efficacy
rs8068318,atenolol,TBX2,PharmGKB_VA,VA,efficacy
rs1079597,amisulpride,DRD2,PharmGKB_VA,VA,efficacy
rs2145623,ustekinumab,NFKBIA,PharmGKB_VA,VA,efficacy
rs10995311,hydrochlorothiazide,ADO,PharmGKB_VA,VA,efficacy
rs2269577,platinum compounds,XBP1,PharmGKB_VA,VA,efficacy
rs740406,candesartan,DOT1L,PharmGKB_VA,VA,efficacy
rs2787094,ustekinumab,ADAM33,PharmGKB_VA,VA,efficacy
rs757081,hydrochlorothiazide,NUCB2,PharmGKB_VA,VA,efficacy
rs1975974,ustekinumab,,PharmGKB_VA,VA,efficacy
rs8099917,"peginterferon alfa-2a, peginterferon alfa-2b, ribavirin",IFNL3,PharmGKB_VA,VA,efficacy
rs163184,exenatide,KCNQ1,PharmGKB_VA,VA,efficacy
rs3745274,efavirenz,CYP2B6,PharmGKB_VA,VA,metabolism/pk
rs191190,ustekinumab,AGBL4,PharmGKB_VA,VA,efficacy
rs17060812,nortriptyline,SLC39A14,PharmGKB_VA,VA,efficacy
rs9923231,acenocoumarol,VKORC1,PharmGKB_VA,VA,dosage
rs11591741,ustekinumab,CHUK,PharmGKB_VA,VA,efficacy
rs6311,ustekinumab,HTR2A,PharmGKB_VA,VA,efficacy
rs9923231,warfarin,VKORC1,PharmGKB_VA,VA,dosage
rs12521868,hydrochlorothiazide,C5orf56,PharmGKB_VA,VA,efficacy
rs4149056,pitavastatin,SLCO1B1,PharmGKB_VA,VA,metabolism/pk
rs3184504,candesartan,SH2B3,PharmGKB_VA,VA,efficacy
rs12979860,"peginterferon alfa-2a, peginterferon alfa-2b, ribavirin",IFNL3,PharmGKB_VA,VA,efficacy
rs776746,carbamazepine,CYP3A5,PharmGKB_VA,VA,metabolism/pk
rs4149056,"2-hydroxyatorvastatin, 2-hydroxyatorvastatin lactone, 4-hydroxyatorvastatin, 4-hydroxyatorvastatin lactone, atorvastatin, atorvastatin lactone",SLCO1B1,PharmGKB_VA,VA,metabolism/pk
rs15524,carbamazepine,CYP3A5,PharmGKB_VA,VA,metabolism/pk
rs4680,paroxetine,COMT,PharmGKB_VA,VA,efficacy
rs1042522,"capecitabine, paclitaxel",TP53,PharmGKB_VA,VA,efficacy
rs2242480,sufentanil,CYP3A4,PharmGKB_VA,VA,dosage
rs749292,triglycerides,CYP19A1,PharmGKB_VA,VA,other
rs1062033,hdl cholesterol,CYP19A1,PharmGKB_VA,VA,other
rs28399499,efavirenz,CYP2B6,PharmGKB_VA,VA,metabolism/pk
rs1057910,warfarin,CYP2C9,PharmGKB_VA,VA,dosage
rs9934438,warfarin,VKORC1,PharmGKB_VA,VA,dosage
rs3745274,efavirenz,CYP2B6,PharmGKB_VA,VA,metabolism/pk
rs2273623,nortriptyline,PPM1A,PharmGKB_VA,VA,efficacy
rs1126742,"amiloride, spironolactone",CYP4A11,PharmGKB_VA,VA,efficacy
rs116855232,"azathioprine, mercaptopurine",NUDT15,PharmGKB_VA,VA,dosage
rs3806596,deferasirox,UGT1A3,PharmGKB_VA,VA,metabolism/pk
rs776746,lopinavir,CYP3A5,PharmGKB_VA,VA,metabolism/pk
rs2279343,propofol,CYP2B6,PharmGKB_VA,VA,metabolism/pk
rs3890011,spironolactone,CYP4A11,PharmGKB_VA,VA,efficacy
rs1799971,opioids,OPRM1,PharmGKB_VA,VA,"dosage, efficacy"
rs2472677,atazanavir,NR1I2,PharmGKB_VA,VA,metabolism/pk
rs776746,tacrolimus,CYP3A5,PharmGKB_VA,VA,metabolism/pk
rs1803155,rifampin,AADAC,PharmGKB_VA,VA,metabolism/pk
rs1934968,"apatinib, apatinib metabolite m1-1",CYP2C9,PharmGKB_VA,VA,metabolism/pk
rs11075995,pd-1,FTO,PharmGKB_VA,VA,efficacy
rs11075995,pdl-1 (programmed cell death protein 1,FTO,PharmGKB_VA,VA,efficacy
rs11075995,death ligand 1) inhibitors,FTO,PharmGKB_VA,VA,efficacy
rs4149056,amprenavir,SLCO1B1,PharmGKB_VA,VA,metabolism/pk
rs77583603,acamprosate,,PharmGKB_VA,VA,efficacy
rs776746,everolimus,CYP3A5,PharmGKB_VA,VA,metabolism/pk
rs12749274,naltrexone,,PharmGKB_VA,VA,efficacy
rs13120400,deferasirox,ABCG2,PharmGKB_VA,VA,metabolism/pk
rs4149056,fluvastatin,SLCO1B1,PharmGKB_VA,VA,efficacy
rs1128503,ritonavir,ABCB1,PharmGKB_VA,VA,metabolism/pk
rs2032582,ritonavir,ABCB1,PharmGKB_VA,VA,metabolism/pk
rs429358,fluvastatin,APOE,PharmGKB_VA,VA,efficacy
rs1045642,ritonavir,ABCB1,PharmGKB_VA,VA,metabolism/pk
rs20572,doxorubicin,CBR1,PharmGKB_VA,VA,metabolism/pk
rs762551,dehydroaripiprazole,CYP1A2,PharmGKB_VA,VA,metabolism/pk
rs762551,clozapine,CYP1A2,PharmGKB_VA,VA,metabolism/pk
rs1799971,ethanol,OPRM1,PharmGKB_VA,VA,dosage
rs3824662,prednisolone,GATA3,PharmGKB_VA,VA,efficacy
rs7483,tacrolimus,GSTM3,PharmGKB_VA,VA,metabolism/pk
rs1051792,tumor necrosis factor alpha (tnf-alpha) inhibitors,MICA,PharmGKB_VA,VA,efficacy
rs1799724,adalimumab,TNF,PharmGKB_VA,VA,efficacy
rs1051792,tumor necrosis factor alpha (tnf-alpha) inhibitors,MICA,PharmGKB_VA,VA,efficacy
rs130058,fluoxetine,HTR1B,PharmGKB_VA,VA,efficacy
rs1800629,adalimumab,TNF,PharmGKB_VA,VA,efficacy
rs762551,clozapine,CYP1A2,PharmGKB_VA,VA,efficacy
rs7412,fluvastatin,APOE,PharmGKB_VA,VA,efficacy
rs361525,adalimumab,TNF,PharmGKB_VA,VA,efficacy
rs1042173,morphine,SLC6A4,PharmGKB_VA,VA,dosage
rs4570625,fluoxetine,TPH2,PharmGKB_VA,VA,efficacy
rs17004921,methotrexate,ADORA2A-AS1,PharmGKB_VA,VA,efficacy
rs2032582,antiepileptics,ABCB1,PharmGKB_VA,VA,efficacy
rs1045642,antiepileptics,ABCB1,PharmGKB_VA,VA,efficacy
rs261316,"atenolol, hydrochlorothiazide",ALDH1A2,PharmGKB_VA,VA,efficacy
rs462779,cisplatin,REV3L,PharmGKB_VA,VA,efficacy
rs3087403,cisplatin,REV1,PharmGKB_VA,VA,efficacy
rs2298771,antiepileptics,SCN1A,PharmGKB_VA,VA,efficacy
rs2032582,azithromycin,ABCB1,PharmGKB_VA,VA,metabolism/pk
rs1045642,azithromycin,ABCB1,PharmGKB_VA,VA,metabolism/pk
rs4149056,lopinavir,SLCO1B1,PharmGKB_VA,VA,metabolism/pk
rs9384179,fentanyl,OPRM1,PharmGKB_VA,VA,"dosage, efficacy"
rs776746,tacrolimus,CYP3A5,PharmGKB_VA,VA,dosage
rs776746,tacrolimus,CYP3A5,PharmGKB_VA,VA,dosage
rs776746,tacrolimus,CYP3A5,PharmGKB_VA,VA,metabolism/pk
rs1057910,fluvastatin,CYP2C9,PharmGKB_VA,VA,metabolism/pk
rs2835859,fentanyl,KCNJ6,PharmGKB_VA,VA,"dosage, efficacy"
rs1047303,abiraterone,HSD3B1,PharmGKB_VA,VA,metabolism/pk
rs2952768,fentanyl,,PharmGKB_VA,VA,"dosage, efficacy"
rs11959113,fentanyl,,PharmGKB_VA,VA,"dosage, efficacy"
rs776746,tacrolimus,CYP3A5,PharmGKB_VA,VA,dosage
rs3957356,cyclophosphamide,GSTA1,PharmGKB_VA,VA,"efficacy, toxicity, metabolism/pk"
rs3745274,efavirenz,CYP2B6,PharmGKB_VA,VA,metabolism/pk
rs4880,bilirubin,SOD2,PharmGKB_VA,VA,toxicity
rs776746,tacrolimus,CYP3A5,PharmGKB_VA,VA,metabolism/pk
rs776746,tacrolimus,CYP3A5,PharmGKB_VA,VA,metabolism/pk
rs1799971,ethanol,OPRM1,PharmGKB_VA,VA,other
rs5569,methylphenidate,SLC6A2,PharmGKB_VA,VA,efficacy
rs1057868,tacrolimus,POR,PharmGKB_VA,VA,metabolism/pk
rs7604115,montelukast,UGT1A3,PharmGKB_VA,VA,metabolism/pk
rs704212,montelukast,ABCC9,PharmGKB_VA,VA,metabolism/pk
rs77010898,ivacaftor,CFTR,PharmGKB_VA,VA,efficacy
rs1937840,"docetaxel, doxorubicin",AKR1C3,PharmGKB_VA,VA,efficacy
rs4244285,"cyclophosphamide, doxorubicin",CYP2C19,PharmGKB_VA,VA,efficacy
rs1954787,antidepressants,GRIK4,PharmGKB_VA,VA,efficacy
rs776746,tacrolimus,CYP3A5,PharmGKB_VA,VA,metabolism/pk
rs1954787,antidepressants,GRIK4,PharmGKB_VA,VA,efficacy
rs776746,tacrolimus,CYP3A5,PharmGKB_VA,VA,metabolism/pk
rs776746,tacrolimus,CYP3A5,PharmGKB_VA,VA,dosage
rs1057910,warfarin,CYP2C9,PharmGKB_VA,VA,dosage
rs776746,tacrolimus,CYP3A5,PharmGKB_VA,VA,metabolism/pk
rs7294,warfarin,VKORC1,PharmGKB_VA,VA,dosage
rs1057910,warfarin,CYP2C9,PharmGKB_VA,VA,dosage
rs9934438,warfarin,VKORC1,PharmGKB_VA,VA,dosage
rs2075572,buprenorphine,OPRM1,PharmGKB_VA,VA,metabolism/pk
rs2651899,selective serotonin (5ht1) agonists,PRDM16,PharmGKB_VA,VA,efficacy
rs6785049,afatinib,NR1I2,PharmGKB_VA,VA,metabolism/pk
rs4917639,warfarin,CYP2C9,PharmGKB_VA,VA,dosage
rs2231142,rivaroxaban,ABCG2,PharmGKB_VA,VA,metabolism/pk
rs4149056,lopinavir,SLCO1B1,PharmGKB_VA,VA,metabolism/pk
rs1799971,naltrexone,OPRM1,PharmGKB_VA,VA,efficacy
rs1128503,atazanavir,ABCB1,PharmGKB_VA,VA,metabolism/pk
rs1128503,antidepressants,ABCB1,PharmGKB_VA,VA,efficacy
rs933271,methadone,COMT,PharmGKB_VA,VA,efficacy
rs2070959,valproic acid,UGT1A10,PharmGKB_VA,VA,"dosage, metabolism/pk"
rs2032582,atazanavir,ABCB1,PharmGKB_VA,VA,metabolism/pk
rs1045642,atazanavir,ABCB1,PharmGKB_VA,VA,metabolism/pk
rs1801131,methotrexate,MTHFR,PharmGKB_VA,VA,efficacy
rs1019385,valproic acid,GRIN2B,PharmGKB_VA,VA,"dosage, metabolism/pk"
rs1019385,valproic acid,GRIN2B,PharmGKB_VA,VA,"dosage, metabolism/pk"
rs1051266,methotrexate,SLC19A1,PharmGKB_VA,VA,efficacy
rs2298771,"carbamazepine, clobazam, ethosuximide, lamotrigine, levetiracetam, oxcarbazepine, valproic acid",SCN1A,PharmGKB_VA,VA,efficacy
rs4149056,lopinavir,SLCO1B1,PharmGKB_VA,VA,metabolism/pk
rs1105879,valproic acid,UGT1A6,PharmGKB_VA,VA,"dosage, metabolism/pk"
rs4149056,fluvastatin,SLCO1B1,PharmGKB_VA,VA,efficacy
rs776746,everolimus,CYP3A5,PharmGKB_VA,VA,metabolism/pk
rs2108622,warfarin,CYP4F2,PharmGKB_VA,VA,dosage
rs8636,amisulpride,SNAP25,PharmGKB_VA,VA,efficacy
rs2487032,clopidogrel,ABCA1,PharmGKB_VA,VA,metabolism/pk
rs2254638,clopidogrel,N6AMT1,PharmGKB_VA,VA,metabolism/pk
rs2231142,tenofovir,ABCG2,PharmGKB_VA,VA,metabolism/pk
rs2032582,sirolimus,ABCB1,PharmGKB_VA,VA,metabolism/pk
rs12467557,antipsychotics,NRXN1,PharmGKB_VA,VA,efficacy
rs10490162,antipsychotics,NRXN1,PharmGKB_VA,VA,efficacy
rs4986893,clopidogrel,CYP2C19,PharmGKB_VA,VA,efficacy
rs8192935,dabigatran,CES1,PharmGKB_VA,VA,metabolism/pk
rs2032582,atazanavir,ABCB1,PharmGKB_VA,VA,metabolism/pk
rs1800629,"adalimumab, certolizumab pegol, golimumab, infliximab",TNF,PharmGKB_VA,VA,efficacy
rs4244285,clopidogrel,CYP2C19,PharmGKB_VA,VA,efficacy
rs776746,tacrolimus,CYP3A5,PharmGKB_VA,VA,"other, metabolism/pk"
rs1045642,atazanavir,ABCB1,PharmGKB_VA,VA,metabolism/pk
rs3745274,efavirenz,CYP2B6,PharmGKB_VA,VA,metabolism/pk
rs1061170,bevacizumab,CFH,PharmGKB_VA,VA,efficacy
rs2070959,valproic acid,UGT1A10,PharmGKB_VA,VA,"dosage, metabolism/pk"
rs3918290,"cisplatin, fluorouracil",DPYD,PharmGKB_VA,VA,efficacy
rs861539,"cisplatin, docetaxel, irinotecan",XRCC3,PharmGKB_VA,VA,efficacy
rs6759892,valproic acid,UGT1A10,PharmGKB_VA,VA,"dosage, metabolism/pk"
rs6759892,valproic acid,UGT1A10,PharmGKB_VA,VA,"dosage, metabolism/pk"
rs12979860,"peginterferon alfa-2a, ribavirin",IFNL3,PharmGKB_VA,VA,efficacy
rs1105879,valproic acid,UGT1A6,PharmGKB_VA,VA,"dosage, metabolism/pk"
rs2396185,eslicarbazepine,INSR,PharmGKB_VA,VA,metabolism/pk
rs1128503,atazanavir,ABCB1,PharmGKB_VA,VA,metabolism/pk
rs6295,risperidone,HTR1A,PharmGKB_VA,VA,"dosage, efficacy"
rs3845446,fentanyl,CACNA1E,PharmGKB_VA,VA,dosage
rs2076222,fentanyl,LAMB3,PharmGKB_VA,VA,"dosage, efficacy"
rs833061,cetuximab,VEGFA,PharmGKB_VA,VA,efficacy
rs1570360,cetuximab,VEGFA,PharmGKB_VA,VA,efficacy
rs1734791,"cisplatin, fluorouracil, mitoxantrone",MECP2,PharmGKB_VA,VA,efficacy
rs1734787,"cisplatin, fluorouracil, mitoxantrone",MECP2,PharmGKB_VA,VA,efficacy
rs17435,"cisplatin, fluorouracil, mitoxantrone",MECP2,PharmGKB_VA,VA,efficacy
rs2242480,voriconazole,CYP3A4,PharmGKB_VA,VA,metabolism/pk
rs5906072,"cisplatin, fluorouracil, mitoxantrone",,PharmGKB_VA,VA,efficacy
rs1800497,prochlorperazine,ANKK1,PharmGKB_VA,VA,efficacy
rs1079597,prochlorperazine,DRD2,PharmGKB_VA,VA,efficacy
rs11212617,metformin,ATM,PharmGKB_VA,VA,efficacy
rs1051660,morphine,OPRK1,PharmGKB_VA,VA,"dosage, efficacy"
rs12613732,"cisplatin, fluorouracil, mitoxantrone",GALNT14,PharmGKB_VA,VA,efficacy
rs5009910,"cisplatin, fluorouracil, mitoxantrone",GALNT14,PharmGKB_VA,VA,efficacy
rs17671591,atorvastatin,HMGCR,PharmGKB_VA,VA,efficacy
rs1800532,escitalopram,TPH1,PharmGKB_VA,VA,efficacy
rs6752303,"cisplatin, fluorouracil, mitoxantrone",GALNT14,PharmGKB_VA,VA,efficacy
rs35599367,tenofovir alafenamide,CYP3A4,PharmGKB_VA,VA,metabolism/pk
rs10209881,"cisplatin, fluorouracil, mitoxantrone",GALNT14,PharmGKB_VA,VA,efficacy
rs2244613,dabigatran,CES1,PharmGKB_VA,VA,metabolism/pk
rs4244285,clopidogrel,CYP2C19,PharmGKB_VA,VA,metabolism/pk
rs12999804,"cisplatin, fluorouracil, mitoxantrone",GALNT14,PharmGKB_VA,VA,efficacy
rs2740574,tacrolimus,CYP3A4,PharmGKB_VA,VA,dosage
rs34532201,"apatinib, apatinib metabolite m1-1",CYP2C9,PharmGKB_VA,VA,metabolism/pk
rs5934731,"cisplatin, fluorouracil, mitoxantrone",,PharmGKB_VA,VA,efficacy
rs715171,"cisplatin, fluorouracil, mitoxantrone",,PharmGKB_VA,VA,efficacy
rs4932551,"cisplatin, fluorouracil, mitoxantrone",,PharmGKB_VA,VA,efficacy
rs7170769,"cisplatin, fluorouracil, mitoxantrone",,PharmGKB_VA,VA,efficacy
rs6458232,"cisplatin, fluorouracil, mitoxantrone",,PharmGKB_VA,VA,efficacy
rs7608731,"cisplatin, fluorouracil, mitoxantrone",GALNT14,PharmGKB_VA,VA,efficacy
rs3731722,"allopurinol, febuxostat",AOX1,PharmGKB_VA,VA,dosage
rs35599367,pazopanib,CYP3A4,PharmGKB_VA,VA,metabolism/pk
rs6822844,rituximab,IL2,PharmGKB_VA,VA,efficacy
rs6822844,rituximab,IL2,PharmGKB_VA,VA,efficacy
rs11678615,"allopurinol, febuxostat",AOX1,PharmGKB_VA,VA,dosage
rs1801131,methotrexate,MTHFR,PharmGKB_VA,VA,efficacy
rs1128503,diazepam,ABCB1,PharmGKB_VA,VA,metabolism/pk
rs34650714,"allopurinol, febuxostat",UGT1A1,PharmGKB_VA,VA,dosage
rs1884725,"allopurinol, febuxostat",XDH,PharmGKB_VA,VA,dosage
rs75995567,"allopurinol, febuxostat",AOX1,PharmGKB_VA,VA,dosage
rs622342,metformin,SLC22A1,PharmGKB_VA,VA,efficacy
rs1128503,"propofol, remifentanil",ABCB1,PharmGKB_VA,VA,efficacy
rs4148416,methotrexate,ABCC3,PharmGKB_VA,VA,metabolism/pk
rs2740574,tacrolimus,CYP3A4,PharmGKB_VA,VA,metabolism/pk
rs17004785,methotrexate,SLC19A1,PharmGKB_VA,VA,metabolism/pk
rs1803274,donepezil,BCHE,PharmGKB_VA,VA,efficacy
rs2236225,"cisplatin, doxorubicin, methotrexate",MTHFD1,PharmGKB_VA,VA,efficacy
rs9679162,"cisplatin, fluorouracil, mitoxantrone",GALNT14,PharmGKB_VA,VA,efficacy
rs2973049,paroxetine,GDNF,PharmGKB_VA,VA,efficacy
rs2216711,paroxetine,GDNF,PharmGKB_VA,VA,efficacy
rs4819554,tumor necrosis factor alpha (tnf-alpha) inhibitors,IL17RA,PharmGKB_VA,VA,efficacy
rs3785143,atomoxetine,SLC6A2,PharmGKB_VA,VA,efficacy
rs6265,paroxetine,BDNF,PharmGKB_VA,VA,efficacy
rs396991,tumor necrosis factor alpha (tnf-alpha) inhibitors,FCGR3A,PharmGKB_VA,VA,efficacy
rs5882,rosuvastatin,CETP,PharmGKB_VA,VA,efficacy
rs28371703,fluoxetine,CYP2D6,PharmGKB_VA,VA,metabolism/pk
rs1135840,fluoxetine,CYP2D6,PharmGKB_VA,VA,metabolism/pk
rs1611115,disulfiram,DBH,PharmGKB_VA,VA,efficacy
rs1065852,fluoxetine,CYP2D6,PharmGKB_VA,VA,metabolism/pk
rs776746,rivaroxaban,CYP3A5,PharmGKB_VA,VA,metabolism/pk
rs9606186,risperidone,COMT,PharmGKB_VA,VA,efficacy
rs1045642,rivaroxaban,ABCB1,PharmGKB_VA,VA,metabolism/pk
rs10052999,tacrolimus,C6,PharmGKB_VA,VA,metabolism/pk
rs9934438,warfarin,VKORC1,PharmGKB_VA,VA,dosage
rs9200,tacrolimus,C6,PharmGKB_VA,VA,metabolism/pk
rs717620,"cisplatin, doxorubicin, methotrexate",ABCC2,PharmGKB_VA,VA,efficacy
rs2661319,risperidone,RGS4,PharmGKB_VA,VA,efficacy
rs628031,lamotrigine,SLC22A1,PharmGKB_VA,VA,metabolism/pk
rs1800497,risperidone,ANKK1,PharmGKB_VA,VA,efficacy
rs2740574,tacrolimus,CYP3A4,PharmGKB_VA,VA,metabolism/pk
rs776746,tacrolimus,CYP3A5,PharmGKB_VA,VA,metabolism/pk
rs776746,tacrolimus,CYP3A5,PharmGKB_VA,VA,metabolism/pk
rs776746,tacrolimus,CYP3A5,PharmGKB_VA,VA,dosage
rs776746,tacrolimus,CYP3A5,PharmGKB_VA,VA,metabolism/pk
rs1695,"cisplatin, doxorubicin, methotrexate",GSTP1,PharmGKB_VA,VA,efficacy
rs776746,tacrolimus,CYP3A5,PharmGKB_VA,VA,metabolism/pk
rs776746,tacrolimus,CYP3A5,PharmGKB_VA,VA,metabolism/pk
rs1057910,phenytoin,CYP2C9,PharmGKB_VA,VA,"dosage, metabolism/pk"
rs3812718,carbamazepine,SCN1A,PharmGKB_VA,VA,dosage
rs3812718,phenytoin,SCN1A,PharmGKB_VA,VA,dosage
rs9923231,acenocoumarol,VKORC1,PharmGKB_VA,VA,dosage
rs2032582,tacrolimus,ABCB1,PharmGKB_VA,VA,metabolism/pk
rs28371738,alpha-hydroxymetoprolol,CYP2D6,PharmGKB_VA,VA,metabolism/pk
rs1128503,rivaroxaban,ABCB1,PharmGKB_VA,VA,metabolism/pk
rs6295,"fluvoxamine, milnacipran, paroxetine",HTR1A,PharmGKB_VA,VA,efficacy
rs1045642,lansoprazole,ABCB1,PharmGKB_VA,VA,"other, metabolism/pk"
rs10042486,"fluvoxamine, milnacipran, paroxetine",HTR1A,PharmGKB_VA,VA,efficacy
rs2231142,lamotrigine,ABCG2,PharmGKB_VA,VA,metabolism/pk
rs1045642,rivaroxaban,ABCB1,PharmGKB_VA,VA,metabolism/pk
rs4148738,rivaroxaban,ABCB1,PharmGKB_VA,VA,metabolism/pk
rs1934969,phenytoin,CYP2C9,PharmGKB_VA,VA,metabolism/pk
rs9923231,warfarin,VKORC1,PharmGKB_VA,VA,dosage
rs4420638,hmg-coa reductase inhibitors,APOC1,PharmGKB_VA,VA,efficacy
rs1057910,warfarin,CYP2C9,PharmGKB_VA,VA,dosage
rs5985,photodynamic therapy,F13A1,PharmGKB_VA,VA,efficacy
rs2108622,warfarin,CYP4F2,PharmGKB_VA,VA,dosage
rs1800532,citalopram,TPH1,PharmGKB_VA,VA,efficacy
rs2072183,hmg-coa reductase inhibitors,NPC1L1,PharmGKB_VA,VA,efficacy
rs629301,hmg-coa reductase inhibitors,SORT1,PharmGKB_VA,VA,efficacy
rs3832043,mycophenolic acid,UGT1A9,PharmGKB_VA,VA,metabolism/pk
rs2514036,bisoprolol,ACY3,PharmGKB_VA,VA,efficacy
rs2306283,mycophenolic acid,SLCO1B1,PharmGKB_VA,VA,metabolism/pk
rs724710,imatinib,BCL2L11,PharmGKB_VA,VA,efficacy
rs3918290,fluorouracil,DPYD,PharmGKB_VA,VA,metabolism/pk
rs2266782,itopride,FMO3,PharmGKB_VA,VA,metabolism/pk
rs56234624,metoprolol,SEPTIN3,PharmGKB_VA,VA,metabolism/pk
rs2266780,itopride,FMO3,PharmGKB_VA,VA,metabolism/pk
rs1801157,"alemtuzumab, chlorambucil, cyclophosphamide, fludarabine, prednisone, rituximab, vincristine",CXCL12,PharmGKB_VA,VA,efficacy
rs3740066,mycophenolic acid,ABCC2,PharmGKB_VA,VA,metabolism/pk
rs9937,gemcitabine,RRM1,PharmGKB_VA,VA,efficacy
rs1045642,tacrolimus,ABCB1,PharmGKB_VA,VA,metabolism/pk
rs4073,bevacizumab,CXCL8,PharmGKB_VA,VA,efficacy
rs183484,gemcitabine,RRM1,PharmGKB_VA,VA,"efficacy, toxicity"
rs4149601,hydrochlorothiazide,NEDD4L,PharmGKB_VA,VA,efficacy
rs4148323,sn-38,UGT1A1,PharmGKB_VA,VA,dosage
rs12471326,cotinine glucuronide,UGT1A9,PharmGKB_VA,VA,metabolism/pk
rs145014075,nicotine,CYP2A6,PharmGKB_VA,VA,metabolism/pk
rs3025000,"bevacizumab, ranibizumab",VEGFA,PharmGKB_VA,VA,efficacy
rs776746,cyclosporine,CYP3A5,PharmGKB_VA,VA,metabolism/pk
rs1045642,granisetron,ABCB1,PharmGKB_VA,VA,efficacy
rs9923231,warfarin,VKORC1,PharmGKB_VA,VA,dosage
rs3812718,carbamazepine,SCN1A,PharmGKB_VA,VA,efficacy
rs3025000,"bevacizumab, ranibizumab",VEGFA,PharmGKB_VA,VA,efficacy
rs3812718,carbamazepine,SCN1A,PharmGKB_VA,VA,dosage
rs6427528,etanercept,CD84,PharmGKB_VA,VA,efficacy
rs4149056,lopinavir,SLCO1B1,PharmGKB_VA,VA,metabolism/pk
rs2298771,carbamazepine,SCN1A,PharmGKB_VA,VA,efficacy
rs10485058,methadone,OPRM1,PharmGKB_VA,VA,efficacy
rs2290732,carbamazepine,GABRA1,PharmGKB_VA,VA,efficacy
rs9923231,warfarin,VKORC1,PharmGKB_VA,VA,dosage
rs3213094,ustekinumab,IL12B,PharmGKB_VA,VA,efficacy
rs2072671,gemcitabine,CDA,PharmGKB_VA,VA,efficacy
rs11265618,tocilizumab,IL6R,PharmGKB_VA,VA,efficacy
rs12083537,tocilizumab,IL6R,PharmGKB_VA,VA,efficacy
rs2032582,efavirenz,ABCB1,PharmGKB_VA,VA,metabolism/pk
rs1799971,alfentanil,OPRM1,PharmGKB_VA,VA,dosage
rs3745274,efavirenz,CYP2B6,PharmGKB_VA,VA,metabolism/pk
rs1045642,efavirenz,ABCB1,PharmGKB_VA,VA,metabolism/pk
rs396991,cetuximab,FCGR3A,PharmGKB_VA,VA,efficacy
rs1801274,cetuximab,FCGR2A,PharmGKB_VA,VA,efficacy
rs1884613,efavirenz,HNF4A,PharmGKB_VA,VA,metabolism/pk
rs2760118,methadone,ALDH5A1,PharmGKB_VA,VA,efficacy
rs887829,atazanavir,UGT1A1,PharmGKB_VA,VA,toxicity
rs25487,platinum compounds,XRCC1,PharmGKB_VA,VA,efficacy
rs1880676,olanzapine,CHAT,PharmGKB_VA,VA,"dosage, efficacy"
rs113646094,pravastatin,ABCC2,PharmGKB_VA,VA,metabolism/pk
rs4359,ramipril,ACE,PharmGKB_VA,VA,efficacy
rs4344,ramipril,ACE,PharmGKB_VA,VA,efficacy
rs2108622,warfarin,CYP4F2,PharmGKB_VA,VA,dosage
rs776746,tacrolimus,CYP3A5,PharmGKB_VA,VA,efficacy
rs8099917,"peginterferon alfa-2a, peginterferon alfa-2b, ribavirin, telaprevir",IFNL3,PharmGKB_VA,VA,efficacy
rs581111,oxycodone,OPRD1,PharmGKB_VA,VA,efficacy
rs1049174,"peginterferon alfa-2b, ribavirin",KLRK1,PharmGKB_VA,VA,efficacy
rs2270007,citalopram,CRHR2,PharmGKB_VA,VA,efficacy
rs12979860,"peginterferon alfa-2a, peginterferon alfa-2b, ribavirin, telaprevir",IFNL3,PharmGKB_VA,VA,efficacy
rs6848893,oxycodone,,PharmGKB_VA,VA,efficacy
rs9535826,platinum compounds,ATP7B,PharmGKB_VA,VA,efficacy
rs6198,dexamethasone,NR3C1,PharmGKB_VA,VA,efficacy
rs6313,antidepressants,HTR2A,PharmGKB_VA,VA,efficacy
rs9535828,platinum compounds,ATP7B,PharmGKB_VA,VA,efficacy
rs33388,dexamethasone,NR3C1,PharmGKB_VA,VA,efficacy
rs4795893,risperidone,CCL2,PharmGKB_VA,VA,efficacy
rs4586,risperidone,CCL2,PharmGKB_VA,VA,efficacy
rs1799971,ethanol,OPRM1,PharmGKB_VA,VA,toxicity
rs1544105,methotrexate,FPGS,PharmGKB_VA,VA,efficacy
rs9923231,acenocoumarol,VKORC1,PharmGKB_VA,VA,dosage
rs1544105,methotrexate,FPGS,PharmGKB_VA,VA,metabolism/pk
rs33389,dexamethasone,NR3C1,PharmGKB_VA,VA,efficacy
rs9923231,warfarin,VKORC1,PharmGKB_VA,VA,dosage
rs769705621,"atorvastatin, rosuvastatin, simvastatin",ABCA1,PharmGKB_VA,VA,efficacy
rs1042713,"corticosteroids, selective beta-2-adrenoreceptor agonists",ADRB2,PharmGKB_VA,VA,efficacy
rs2857657,risperidone,CCL2,PharmGKB_VA,VA,efficacy
rs2011425,lamotrigine,UGT1A4,PharmGKB_VA,VA,efficacy
rs1127354,mercaptopurine,ITPA,PharmGKB_VA,VA,metabolism/pk
rs2011425,lamotrigine,UGT1A4,PharmGKB_VA,VA,metabolism/pk
rs1057910,warfarin,CYP2C9,PharmGKB_VA,VA,dosage
rs34059508,olanzapine,SLC22A1,PharmGKB_VA,VA,metabolism/pk
rs28399499,efavirenz,CYP2B6,PharmGKB_VA,VA,metabolism/pk
rs4950,nicotine,CHRNB3,PharmGKB_VA,VA,"efficacy, other"
rs3745274,efavirenz,CYP2B6,PharmGKB_VA,VA,metabolism/pk
rs1412125,platinum compounds,HMGB1,PharmGKB_VA,VA,efficacy
rs352139,tumor necrosis factor alpha (tnf-alpha) inhibitors,TLR9,PharmGKB_VA,VA,efficacy
rs13280604,nicotine,CHRNB3,PharmGKB_VA,VA,"efficacy, other"
rs749671,warfarin,VKORC1,PharmGKB_VA,VA,dosage
rs35599367,dexamethasone,CYP3A4,PharmGKB_VA,VA,efficacy
rs3842,olanzapine,ABCB1,PharmGKB_VA,VA,metabolism/pk
rs2249825,platinum compounds,HMGB1,PharmGKB_VA,VA,efficacy
rs3745274,efavirenz,CYP2B6,PharmGKB_VA,VA,metabolism/pk
rs2279343,efavirenz,CYP2B6,PharmGKB_VA,VA,metabolism/pk
rs25487,"cisplatin, radiotherapy",XRCC1,PharmGKB_VA,VA,efficacy
rs4291,losartan,ACE,PharmGKB_VA,VA,efficacy
rs699947,vegf,VEGFA,PharmGKB_VA,VA,efficacy
rs699947,vegfr (vascular endothelial growth factor) inhibitors,VEGFA,PharmGKB_VA,VA,efficacy
rs4680,oxycodone,COMT,PharmGKB_VA,VA,efficacy
rs2546890,"adalimumab, infliximab",IL12B,PharmGKB_VA,VA,efficacy
rs2740574,tacrolimus,CYP3A4,PharmGKB_VA,VA,metabolism/pk
rs6661932,"adalimumab, infliximab",IVL,PharmGKB_VA,VA,efficacy
rs4680,opioids,COMT,PharmGKB_VA,VA,dosage
rs9923231,warfarin,VKORC1,PharmGKB_VA,VA,dosage
rs8177374,ustekinumab,TIRAP,PharmGKB_VA,VA,efficacy
rs1799971,nicotine,OPRM1,PharmGKB_VA,VA,other
rs5744174,ustekinumab,TLR5,PharmGKB_VA,VA,efficacy
rs11938228,tumor necrosis factor alpha (tnf-alpha) inhibitors,TLR2,PharmGKB_VA,VA,efficacy
rs11465996,tumor necrosis factor alpha (tnf-alpha) inhibitors,LY96,PharmGKB_VA,VA,efficacy
rs467387,rivaroxaban,BRD3,PharmGKB_VA,VA,pd
rs4696480,tumor necrosis factor alpha (tnf-alpha) inhibitors,TLR2,PharmGKB_VA,VA,efficacy
rs776746,tacrolimus,CYP3A5,PharmGKB_VA,VA,metabolism/pk
rs1143623,"tumor necrosis factor alpha (tnf-alpha) inhibitors, ustekinumab",IL1B,PharmGKB_VA,VA,efficacy
rs1045642,warfarin,ABCB1,PharmGKB_VA,VA,dosage
rs429358,warfarin,APOE,PharmGKB_VA,VA,dosage
rs12979860,"peginterferon alfa-2a, peginterferon alfa-2b, ribavirin",IFNL3,PharmGKB_VA,VA,efficacy
rs1143627,"tumor necrosis factor alpha (tnf-alpha) inhibitors, ustekinumab",IL1B,PharmGKB_VA,VA,efficacy
rs2276706,repaglinide,NR1I2,PharmGKB_VA,VA,metabolism/pk
rs510769,cotinine,OPRM1,PharmGKB_VA,VA,metabolism/pk
rs9606186,risperidone,COMT,PharmGKB_VA,VA,efficacy
rs3814058,repaglinide,NR1I2,PharmGKB_VA,VA,metabolism/pk
rs16906115,"atezolizumab, bevacizumab",IL7,PharmGKB_VA,VA,efficacy
rs12209447,cotinine,OPRM1,PharmGKB_VA,VA,metabolism/pk
rs2020917,risperidone,COMT,PharmGKB_VA,VA,efficacy
rs3798676,cotinine,OPRM1,PharmGKB_VA,VA,metabolism/pk
rs2359612,warfarin,VKORC1,PharmGKB_VA,VA,dosage
rs1045642,fentanyl,ABCB1,PharmGKB_VA,VA,dosage
rs933271,risperidone,COMT,PharmGKB_VA,VA,efficacy
rs553202,cotinine,OPRM1,PharmGKB_VA,VA,metabolism/pk
rs1074287,cotinine,OPRM1,PharmGKB_VA,VA,metabolism/pk
rs529520,methadone,OPRD1,PharmGKB_VA,VA,dosage
rs12979860,"peginterferon alfa-2a, peginterferon alfa-2b, ribavirin",IFNL3,PharmGKB_VA,VA,efficacy
rs1799971,cotinine,OPRM1,PharmGKB_VA,VA,metabolism/pk
rs6912029,cotinine,OPRM1,PharmGKB_VA,VA,metabolism/pk
rs5333,prednisone,EDNRA,PharmGKB_VA,VA,efficacy
rs3814058,repaglinide,NR1I2,PharmGKB_VA,VA,metabolism/pk
rs776746,tacrolimus,CYP3A5,PharmGKB_VA,VA,metabolism/pk
rs776746,tacrolimus,CYP3A5,PharmGKB_VA,VA,metabolism/pk
rs1927907,tacrolimus,TLR4,PharmGKB_VA,VA,metabolism/pk
rs3814055,pazopanib,NR1I2,PharmGKB_VA,VA,efficacy
rs2108622,acenocoumarol,CYP4F2,PharmGKB_VA,VA,dosage
rs9304742,"adalimumab, infliximab",ZNF816,PharmGKB_VA,VA,efficacy
rs1043550,acenocoumarol,CALU,PharmGKB_VA,VA,dosage
rs3745274,efavirenz,CYP2B6,PharmGKB_VA,VA,metabolism/pk
rs1946518,tacrolimus,IL18,PharmGKB_VA,VA,metabolism/pk
rs2145623,"adalimumab, infliximab",NFKBIA,PharmGKB_VA,VA,efficacy
rs1061624,"adalimumab, infliximab",TNFRSF1B,PharmGKB_VA,VA,efficacy
rs2276706,repaglinide,NR1I2,PharmGKB_VA,VA,metabolism/pk
rs645544,"adalimumab, infliximab",SLC9A8,PharmGKB_VA,VA,efficacy
rs10040363,"fluorouracil, platinum compounds, radiotherapy",XRCC4,PharmGKB_VA,VA,efficacy
rs2075685,"fluorouracil, platinum compounds, radiotherapy",XRCC4,PharmGKB_VA,VA,efficacy
rs4149056,mycophenolic acid,SLCO1B1,PharmGKB_VA,VA,metabolism/pk
rs4149056,hmg-coa reductase inhibitors,SLCO1B1,PharmGKB_VA,VA,efficacy
rs2298881,"fluorouracil, platinum compounds, radiotherapy",ERCC1,PharmGKB_VA,VA,efficacy
rs563649,cotinine,OPRM1,PharmGKB_VA,VA,metabolism/pk
rs2075572,cotinine,OPRM1,PharmGKB_VA,VA,metabolism/pk
rs4149056,simvastatin,SLCO1B1,PharmGKB_VA,VA,efficacy
rs7748401,cotinine,OPRM1,PharmGKB_VA,VA,metabolism/pk
rs495491,cotinine,OPRM1,PharmGKB_VA,VA,metabolism/pk
rs10457090,cotinine,OPRM1,PharmGKB_VA,VA,metabolism/pk
rs3778152,cotinine,OPRM1,PharmGKB_VA,VA,metabolism/pk
rs4149056,pravastatin,SLCO1B1,PharmGKB_VA,VA,efficacy
rs589046,cotinine,OPRM1,PharmGKB_VA,VA,metabolism/pk
rs3814055,methotrexate,NR1I2,PharmGKB_VA,VA,metabolism/pk
rs2306283,methotrexate,SLCO1B1,PharmGKB_VA,VA,metabolism/pk
rs4793665,methotrexate,ABCC3,PharmGKB_VA,VA,metabolism/pk
rs7643038,methotrexate,NR1I2,PharmGKB_VA,VA,metabolism/pk
rs9282564,methotrexate,ABCB1,PharmGKB_VA,VA,metabolism/pk
rs2231142,methotrexate,ABCG2,PharmGKB_VA,VA,metabolism/pk
rs17446593,glucocorticoids,,PharmGKB_VA,VA,efficacy
rs1902023,dabigatran glucuronide,UGT2B15,PharmGKB_VA,VA,metabolism/pk
rs776746,sunitinib,CYP3A5,PharmGKB_VA,VA,metabolism/pk
rs10465180,clozapine,NTRK2,PharmGKB_VA,VA,efficacy
rs9332238,warfarin,CYP2C9,PharmGKB_VA,VA,dosage
rs6809699,clopidogrel,P2RY12,PharmGKB_VA,VA,efficacy
rs3745274,efavirenz,CYP2B6,PharmGKB_VA,VA,metabolism/pk
rs20572,doxorubicin,CBR1,PharmGKB_VA,VA,metabolism/pk
rs1800544,selective serotonin reuptake inhibitors,ADRA2A,PharmGKB_VA,VA,efficacy
rs1045642,erlotinib,ABCB1,PharmGKB_VA,VA,"toxicity, metabolism/pk"
rs1128503,erlotinib,ABCB1,PharmGKB_VA,VA,"toxicity, metabolism/pk"
rs28364006,methotrexate,ABCC1,PharmGKB_VA,VA,efficacy
rs2472677,dolutegravir,NR1I2,PharmGKB_VA,VA,metabolism/pk
rs2032582,erlotinib,ABCB1,PharmGKB_VA,VA,"toxicity, metabolism/pk"
rs9923231,warfarin,VKORC1,PharmGKB_VA,VA,dosage
rs5186,losartan,AGTR1,PharmGKB_VA,VA,efficacy
rs2305948,clopidogrel,KDR,PharmGKB_VA,VA,efficacy
rs7668258,lamotrigine,UGT2B7,PharmGKB_VA,VA,dosage
rs73189762,mercaptopurine,NUDT15,PharmGKB_VA,VA,dosage
rs143276236,metformin,ARFGEF3,PharmGKB_VA,VA,efficacy
rs1136201,trastuzumab,ERBB2,PharmGKB_VA,VA,toxicity
rs9024,doxorubicin,CBR1,PharmGKB_VA,VA,metabolism/pk
rs1047303,"abiraterone, dutasteride",HSD3B1,PharmGKB_VA,VA,efficacy
rs7541245,metformin,PRKAB2,PharmGKB_VA,VA,efficacy
rs116855232,azathioprine,NUDT15,PharmGKB_VA,VA,dosage
rs776746,tacrolimus,CYP3A5,PharmGKB_VA,VA,metabolism/pk
rs776746,tacrolimus,CYP3A5,PharmGKB_VA,VA,"dosage, metabolism/pk"
rs1057868,tacrolimus,POR,PharmGKB_VA,VA,"dosage, metabolism/pk"
rs9024,doxorubicin,CBR1,PharmGKB_VA,VA,metabolism/pk
rs9024,doxorubicin,CBR1,PharmGKB_VA,VA,metabolism/pk
rs6280,pramipexole,DRD3,PharmGKB_VA,VA,efficacy
rs2108622,warfarin,CYP4F2,PharmGKB_VA,VA,dosage
rs7196161,warfarin,VKORC1,PharmGKB_VA,VA,dosage
rs948854,"antidepressants, benzodiazepine derivatives, mirtazapine, selective serotonin reuptake inhibitors",GAL,PharmGKB_VA,VA,efficacy
rs776746,tacrolimus,CYP3A5,PharmGKB_VA,VA,metabolism/pk
rs9934438,warfarin,VKORC1,PharmGKB_VA,VA,dosage
rs1799971,sufentanil,OPRM1,PharmGKB_VA,VA,dosage
rs9923231,warfarin,VKORC1,PharmGKB_VA,VA,dosage
rs41303343,tacrolimus,CYP3A5,PharmGKB_VA,VA,"dosage, metabolism/pk"
rs628031,metformin,SLC22A1,PharmGKB_VA,VA,efficacy
rs10264272,tacrolimus,CYP3A5,PharmGKB_VA,VA,"dosage, metabolism/pk"
rs2884737,warfarin,VKORC1,PharmGKB_VA,VA,dosage
rs61742245,warfarin,VKORC1,PharmGKB_VA,VA,dosage
rs776746,tacrolimus,CYP3A5,PharmGKB_VA,VA,"dosage, metabolism/pk"
rs717620,mycophenolic acid,ABCC2,PharmGKB_VA,VA,metabolism/pk
rs2359612,warfarin,PRSS53,PharmGKB_VA,VA,dosage
rs762551,caffeine,CYP1A2,PharmGKB_VA,VA,"other, metabolism/pk"
rs20572,doxorubicin,CBR1,PharmGKB_VA,VA,metabolism/pk
rs11676382,warfarin,GGCX,PharmGKB_VA,VA,dosage
rs762551,caffeine,CYP1A2,PharmGKB_VA,VA,"other, metabolism/pk"
rs4661012,ticagrelor,PEAR1,PharmGKB_VA,VA,efficacy
rs2372536,methotrexate,ATIC,PharmGKB_VA,VA,efficacy
rs35599367,tacrolimus,CYP3A4,PharmGKB_VA,VA,metabolism/pk
rs12566888,ticagrelor,PEAR1,PharmGKB_VA,VA,efficacy
rs2740574,tacrolimus,CYP3A4,PharmGKB_VA,VA,metabolism/pk
rs35599367,tacrolimus,CYP3A4,PharmGKB_VA,VA,metabolism/pk
rs12041331,ticagrelor,PEAR1,PharmGKB_VA,VA,efficacy
rs776746,tacrolimus,CYP3A5,PharmGKB_VA,VA,"dosage, metabolism/pk"
rs12041331,ticagrelor,PEAR1,PharmGKB_VA,VA,efficacy
rs9923231,warfarin,VKORC1,PharmGKB_VA,VA,dosage
rs776746,tacrolimus,CYP3A5,PharmGKB_VA,VA,metabolism/pk
rs7294,warfarin,PRSS53,PharmGKB_VA,VA,dosage
rs2069885,tumor necrosis factor alpha (tnf-alpha) inhibitors,IL9,PharmGKB_VA,VA,efficacy
rs396991,rituximab,FCGR3A,PharmGKB_VA,VA,efficacy
rs1883832,prednisolone,CD40,PharmGKB_VA,VA,efficacy
rs776746,tacrolimus,CYP3A5,PharmGKB_VA,VA,"dosage, metabolism/pk"
rs2289669,metformin,SLC47A1,PharmGKB_VA,VA,efficacy
rs6710852,erenumab,CALCRL,PharmGKB_VA,VA,efficacy
rs2032582,tacrolimus,ABCB1,PharmGKB_VA,VA,"dosage, metabolism/pk"
rs7294,warfarin,VKORC1,PharmGKB_VA,VA,dosage
rs118192161,halothane,RYR1,PharmGKB_VA,VA,other
rs8050894,warfarin,VKORC1,PharmGKB_VA,VA,dosage
rs2359612,warfarin,VKORC1,PharmGKB_VA,VA,dosage
rs35599367,2-hydroxyatorvastatin,CYP3A4,PharmGKB_VA,VA,metabolism/pk
rs2069812,tumor necrosis factor alpha (tnf-alpha) inhibitors,IL5,PharmGKB_VA,VA,efficacy
rs28404156,"beta blocking agents, selective",BST1,PharmGKB_VA,VA,efficacy
rs4646,tamoxifen,CYP19A1,PharmGKB_VA,VA,efficacy
rs2297480,bisphosphonates,FDPS,PharmGKB_VA,VA,efficacy
rs5882,simvastatin,CETP,PharmGKB_VA,VA,efficacy
rs405509,selective serotonin reuptake inhibitors,APOE,PharmGKB_VA,VA,efficacy
rs17731538,methotrexate,ABCG2,PharmGKB_VA,VA,efficacy
rs1799724,tumor necrosis factor alpha (tnf-alpha) inhibitors,TNF,PharmGKB_VA,VA,efficacy
rs12917707,cyclosporine,UMOD,PharmGKB_VA,VA,efficacy
rs2032582,modafinil,ABCB1,PharmGKB_VA,VA,efficacy
rs1045642,modafinil,ABCB1,PharmGKB_VA,VA,efficacy
rs4645962,warfarin,MYC,PharmGKB_VA,VA,dosage
rs4645943,warfarin,MYC,PharmGKB_VA,VA,dosage
rs2234922,carbamazepine,EPHX1,PharmGKB_VA,VA,"dosage, metabolism/pk"
rs1128503,modafinil,ABCB1,PharmGKB_VA,VA,efficacy
rs361525,tumor necrosis factor alpha (tnf-alpha) inhibitors,TNF,PharmGKB_VA,VA,efficacy
rs11264359,bisphosphonates,FDPS,PharmGKB_VA,VA,efficacy
rs4645974,warfarin,MYC,PharmGKB_VA,VA,dosage
rs1800629,tumor necrosis factor alpha (tnf-alpha) inhibitors,TNF,PharmGKB_VA,VA,efficacy
rs717620,"atorvastatin, simvastatin",ABCC2,PharmGKB_VA,VA,efficacy
rs3213422,leflunomide,DHODH,PharmGKB_VA,VA,efficacy
rs1799732,antipsychotics,DRD2,PharmGKB_VA,VA,efficacy
rs1050152,imatinib,SLC22A4,PharmGKB_VA,VA,efficacy
rs6313,risperidone,HTR2A,PharmGKB_VA,VA,efficacy
rs7997012,antipsychotics,HTR2A,PharmGKB_VA,VA,efficacy
rs3745274,methadone,CYP2B6,PharmGKB_VA,VA,"dosage, metabolism/pk"
rs1045642,methadone,ABCB1,PharmGKB_VA,VA,metabolism/pk
rs6313,olanzapine,HTR2A,PharmGKB_VA,VA,efficacy
rs6313,olanzapine,HTR2A,PharmGKB_VA,VA,efficacy
rs1051740,carbamazepine,EPHX1,PharmGKB_VA,VA,metabolism/pk
rs3745274,efavirenz,CYP2B6,PharmGKB_VA,VA,metabolism/pk
rs2234922,carbamazepine,EPHX1,PharmGKB_VA,VA,metabolism/pk
rs7270101,"azathioprine, mercaptopurine",ITPA,PharmGKB_VA,VA,"toxicity, metabolism/pk"
rs1045642,imatinib,ABCB1,PharmGKB_VA,VA,efficacy
rs1050152,imatinib,SLC22A4,PharmGKB_VA,VA,efficacy
rs776746,tacrolimus,CYP3A5,PharmGKB_VA,VA,"dosage, metabolism/pk"
rs3778150,ethanol,OPRM1,PharmGKB_VA,VA,nan
rs1045642,carbamazepine,ABCB1,PharmGKB_VA,VA,metabolism/pk
rs1045642,antiepileptics,ABCB1,PharmGKB_VA,VA,efficacy
rs737865,raloxifene,COMT,PharmGKB_VA,VA,efficacy
rs717620,paclitaxel,ABCC2,PharmGKB_VA,VA,toxicity
rs737865,raloxifene,COMT,PharmGKB_VA,VA,efficacy
rs678849,buprenorphine,OPRD1,PharmGKB_VA,VA,efficacy
rs2032582,methadone,ABCB1,PharmGKB_VA,VA,metabolism/pk
rs1799971,ethanol,OPRM1,PharmGKB_VA,VA,other
rs1045642,antiepileptics,ABCB1,PharmGKB_VA,VA,efficacy
rs7627954,risperidone,TNIK,PharmGKB_VA,VA,efficacy
rs4818,raloxifene,COMT,PharmGKB_VA,VA,efficacy
rs35599367,methadone,CYP3A4,PharmGKB_VA,VA,metabolism/pk
rs2032582,sunitinib,ABCB1,PharmGKB_VA,VA,"dosage, toxicity"
rs776746,tacrolimus,CYP3A5,PharmGKB_VA,VA,dosage
rs1800629,"adalimumab, etanercept, infliximab",TNF,PharmGKB_VA,VA,efficacy
rs1128503,sunitinib,ABCB1,PharmGKB_VA,VA,"dosage, toxicity"
rs1045642,methadone,ABCB1,PharmGKB_VA,VA,metabolism/pk
rs1128503,methadone,ABCB1,PharmGKB_VA,VA,metabolism/pk
rs1057868,methadone,POR,PharmGKB_VA,VA,metabolism/pk
rs2279343,methadone,CYP2B6,PharmGKB_VA,VA,dosage
rs2231142,dolutegravir,ABCG2,PharmGKB_VA,VA,metabolism/pk
rs3745274,methadone,CYP2B6,PharmGKB_VA,VA,dosage
rs4986791,prednisolone,TLR4,PharmGKB_VA,VA,efficacy
rs4986908,perampanel,CYP3A4,PharmGKB_VA,VA,efficacy
rs3826160,telbivudine,TK2,PharmGKB_VA,VA,metabolism/pk
rs1877724,warfarin,EPHX1,PharmGKB_VA,VA,dosage
rs3745274,nevirapine,CYP2B6,PharmGKB_VA,VA,"toxicity, metabolism/pk"
rs3778150,ethanol,OPRM1,PharmGKB_VA,VA,dosage
rs1695,olanzapine,GSTP1,PharmGKB_VA,VA,metabolism/pk
rs11568482,cefotaxime,SLC22A8,PharmGKB_VA,VA,metabolism/pk
rs75527207,ivacaftor,CFTR,PharmGKB_VA,VA,efficacy
rs9923231,warfarin,VKORC1,PharmGKB_VA,VA,dosage
rs11188059,escitalopram,CYP2C18,PharmGKB_VA,VA,metabolism/pk
rs6720975,"donepezil, galantamine, rivastigmine",PRKCE,PharmGKB_VA,VA,efficacy
rs2860840,escitalopram,CYP2C18,PharmGKB_VA,VA,metabolism/pk
rs2279345,efavirenz,CYP2B6,PharmGKB_VA,VA,metabolism/pk
rs2242480,perampanel,CYP3A4,PharmGKB_VA,VA,efficacy
rs17798800,"donepezil, galantamine, rivastigmine",,PharmGKB_VA,VA,efficacy
rs9923231,warfarin,VKORC1,PharmGKB_VA,VA,dosage
rs4986790,prednisolone,TLR4,PharmGKB_VA,VA,efficacy
rs2032582,methadone,ABCB1,PharmGKB_VA,VA,dosage
rs1045642,methadone,ABCB1,PharmGKB_VA,VA,"dosage, metabolism/pk"
rs12720066,sn-38,ABCB1,PharmGKB_VA,VA,metabolism/pk
rs4627835,antipsychotics,GABRB1,PharmGKB_VA,VA,dosage
rs16860087,antipsychotics,GABRB1,PharmGKB_VA,VA,dosage
rs9923231,warfarin,VKORC1,PharmGKB_VA,VA,dosage
rs35621,sn-38,ABCC1,PharmGKB_VA,VA,metabolism/pk
rs1045642,carbamazepine,ABCB1,PharmGKB_VA,VA,dosage
rs11869731,lithium,ASIC2,PharmGKB_VA,VA,efficacy
rs6498588,sn-38,ABCC1,PharmGKB_VA,VA,metabolism/pk
rs9380142,"capecitabine, fluorouracil",HLA-G,PharmGKB_VA,VA,efficacy
rs8136867,antidepressants,MAPK1,PharmGKB_VA,VA,efficacy
rs8050894,warfarin,VKORC1,PharmGKB_VA,VA,dosage
rs17179108,"capecitabine, fluorouracil",HLA-G,PharmGKB_VA,VA,efficacy
rs9923231,warfarin,VKORC1,PharmGKB_VA,VA,"dosage, efficacy"
rs3793790,"donepezil, galantamine, rivastigmine",CHAT,PharmGKB_VA,VA,efficacy
rs4680,fluvoxamine,COMT,PharmGKB_VA,VA,efficacy
rs4253728,2-hydroxyatorvastatin,PPARA,PharmGKB_VA,VA,metabolism/pk
rs16909440,lithium,OR52E2,PharmGKB_VA,VA,efficacy
rs2499984,lithium,OR52J3,PharmGKB_VA,VA,efficacy
rs889895,antidepressants,CREB1,PharmGKB_VA,VA,efficacy
rs16973410,lithium,,PharmGKB_VA,VA,efficacy
rs1142345,mercaptopurine,TPMT,PharmGKB_VA,VA,efficacy
rs75527207,ivacaftor,CFTR,PharmGKB_VA,VA,efficacy
rs2177370,"donepezil, galantamine, rivastigmine",CHAT,PharmGKB_VA,VA,efficacy
rs2372536,methotrexate,ATIC,PharmGKB_VA,VA,efficacy
rs28365062,zidovudine,UGT2B7,PharmGKB_VA,VA,metabolism/pk
rs2231142,rosuvastatin,ABCG2,PharmGKB_VA,VA,efficacy
rs429358,cholesterol,APOE,PharmGKB_VA,VA,toxicity
rs6275,methadone,DRD2,PharmGKB_VA,VA,"dosage, metabolism/pk"
rs12943590,metformin,SLC47A2,PharmGKB_VA,VA,efficacy
rs1801253,"atenolol, carvedilol, diltiazem, metoprolol, verapamil",ADRB1,PharmGKB_VA,VA,efficacy
rs1799978,methadone,DRD2,PharmGKB_VA,VA,"dosage, metabolism/pk"
rs316019,metformin,SLC22A2,PharmGKB_VA,VA,efficacy
rs1128503,carbamazepine,ABCB1,PharmGKB_VA,VA,efficacy
rs2032582,carbamazepine,ABCB1,PharmGKB_VA,VA,efficacy
rs717620,erythromycin,ABCC2,PharmGKB_VA,VA,"other, metabolism/pk"
rs11676382,warfarin,GGCX,PharmGKB_VA,VA,dosage
rs1045642,carbamazepine,ABCB1,PharmGKB_VA,VA,efficacy
rs2413739,azathioprine,PACSIN2,PharmGKB_VA,VA,efficacy
rs12422149,rosuvastatin,SLCO2B1,PharmGKB_VA,VA,efficacy
rs776746,gefitinib,CYP3A5,PharmGKB_VA,VA,metabolism/pk
rs2070744,sildenafil,NOS3,PharmGKB_VA,VA,efficacy
rs3745274,nevirapine,CYP2B6,PharmGKB_VA,VA,"toxicity, metabolism/pk"
rs523349,abiraterone,SRD5A2,PharmGKB_VA,VA,metabolism/pk
rs1057910,gefitinib,CYP2C9,PharmGKB_VA,VA,metabolism/pk
rs10046,triglycerides,CYP19A1,PharmGKB_VA,VA,other
rs3759811,triglycerides,CYP19A1,PharmGKB_VA,VA,other
rs1008805,hdl cholesterol,CYP19A1,PharmGKB_VA,VA,other
rs1799971,opioids,OPRM1,PharmGKB_VA,VA,dosage
rs2289105,triglycerides,CYP19A1,PharmGKB_VA,VA,other
rs1051296,methotrexate,SLC19A1,PharmGKB_VA,VA,metabolism/pk
rs10046,hdl cholesterol,CYP19A1,PharmGKB_VA,VA,other
rs2242480,fentanyl,CYP3A4,PharmGKB_VA,VA,dosage
rs2289105,hdl cholesterol,CYP19A1,PharmGKB_VA,VA,other
rs2234693,leflunomide,ESR1,PharmGKB_VA,VA,efficacy
rs3745274,nevirapine,CYP2B6,PharmGKB_VA,VA,"toxicity, metabolism/pk"
rs9340799,leflunomide,ESR1,PharmGKB_VA,VA,efficacy
rs1975991,"2-hydroxyatorvastatin, 4-hydroxyatorvastatin, atorvastatin, atorvastatin lactone",LPP,PharmGKB_VA,VA,metabolism/pk
rs774359,ustekinumab,C9orf72,PharmGKB_VA,VA,efficacy
rs3758149,methotrexate,GGH,PharmGKB_VA,VA,metabolism/pk
rs4646,hdl cholesterol,CYP19A1,PharmGKB_VA,VA,other
rs848,ustekinumab,IL13,PharmGKB_VA,VA,efficacy
rs700518,triglycerides,CYP19A1,PharmGKB_VA,VA,other
rs9304742,ustekinumab,ZNF816,PharmGKB_VA,VA,efficacy
rs4775936,triglycerides,CYP19A1,PharmGKB_VA,VA,other
rs11676382,warfarin,GGCX,PharmGKB_VA,VA,dosage
rs7574865,ustekinumab,STAT4,PharmGKB_VA,VA,efficacy
rs1050152,ustekinumab,SLC22A4,PharmGKB_VA,VA,efficacy
rs16969968,nicotine,CHRNA5,PharmGKB_VA,VA,efficacy
rs72800847,warfarin,STX1B,PharmGKB_VA,VA,dosage
rs3826041,warfarin,CYP1A1,PharmGKB_VA,VA,dosage
rs16969968,varenicline,CHRNA5,PharmGKB_VA,VA,efficacy
rs2304429,warfarin,DNMT3A,PharmGKB_VA,VA,dosage
rs10517,warfarin,NQO1,PharmGKB_VA,VA,dosage
rs2234693,raloxifene,ESR1,PharmGKB_VA,VA,efficacy
rs9934438,"acenocoumarol, phenprocoumon",VKORC1,PharmGKB_VA,VA,dosage
rs966775,fentanyl,DRD1,PharmGKB_VA,VA,efficacy
rs8191992,fluticasone,CHRM2,PharmGKB_VA,VA,efficacy
rs8191992,salmeterol,CHRM2,PharmGKB_VA,VA,efficacy
rs1801133,methotrexate,MTHFR,PharmGKB_VA,VA,metabolism/pk
rs9923231,phenprocoumon,VKORC1,PharmGKB_VA,VA,dosage
rs1057910,warfarin,CYP2C9,PharmGKB_VA,VA,dosage
rs9934438,warfarin,VKORC1,PharmGKB_VA,VA,dosage
rs2514218,"aripiprazole, risperidone",DRD2,PharmGKB_VA,VA,efficacy
rs2231142,voriconazole,ABCG2,PharmGKB_VA,VA,metabolism/pk
rs4889606,warfarin,STX1B,PharmGKB_VA,VA,dosage
rs887829,warfarin,UGT1A1,PharmGKB_VA,VA,dosage
rs2108622,warfarin,CYP4F2,PharmGKB_VA,VA,dosage
rs1127354,"azathioprine, mercaptopurine",ITPA,PharmGKB_VA,VA,metabolism/pk
rs9923231,warfarin,VKORC1,PharmGKB_VA,VA,dosage
rs1979277,"bevacizumab, fluorouracil, irinotecan, leucovorin",SHMT1,PharmGKB_VA,VA,efficacy
rs1800795,tumor necrosis factor alpha (tnf-alpha) inhibitors,IL6,PharmGKB_VA,VA,efficacy
rs1057910,warfarin,CYP2C9,PharmGKB_VA,VA,dosage
rs2108622,warfarin,CYP4F2,PharmGKB_VA,VA,dosage
rs6983267,platinum compounds,,PharmGKB_VA,VA,efficacy
rs77760615,fluvastatin,CYP2C9,PharmGKB_VA,VA,metabolism/pk
rs316009,metformin,SLC22A2,PharmGKB_VA,VA,efficacy
rs1799971,opioids,OPRM1,PharmGKB_VA,VA,"dosage, efficacy"
rs58310495,fluvastatin,SLCO1B1,PharmGKB_VA,VA,metabolism/pk
rs4149056,atorvastatin,SLCO1B1,PharmGKB_VA,VA,metabolism/pk
rs35599367,cyclosporine,CYP3A4,PharmGKB_VA,VA,"toxicity, metabolism/pk"
rs4149056,fluvastatin,SLCO1B1,PharmGKB_VA,VA,metabolism/pk
rs619586,platinum compounds,MALAT1,PharmGKB_VA,VA,efficacy
rs7958904,platinum compounds,HOTAIR,PharmGKB_VA,VA,efficacy
rs2839698,platinum compounds,H19,PharmGKB_VA,VA,efficacy
rs35599367,tacrolimus,CYP3A4,PharmGKB_VA,VA,dosage
rs1051740,carbamazepine,EPHX1,PharmGKB_VA,VA,"dosage, metabolism/pk"
rs9934438,warfarin,VKORC1,PharmGKB_VA,VA,dosage
rs6962027,fluticasone,CHRM2,PharmGKB_VA,VA,efficacy
rs6962027,salmeterol,CHRM2,PharmGKB_VA,VA,efficacy
rs1799971,nicotine,OPRM1,PharmGKB_VA,VA,other
rs1801253,beta blocking agents,ADRB1,PharmGKB_VA,VA,efficacy
rs4149056,simvastatin acid,SLCO1B1,PharmGKB_VA,VA,metabolism/pk
rs1042713,beta blocking agents,ADRB2,PharmGKB_VA,VA,efficacy
rs6962027,fluticasone,CHRM2,PharmGKB_VA,VA,efficacy
rs6962027,salmeterol,CHRM2,PharmGKB_VA,VA,efficacy
rs2234922,carbamazepine,EPHX1,PharmGKB_VA,VA,"dosage, metabolism/pk"
rs1876831,fluticasone propionate,CRHR1,PharmGKB_VA,VA,efficacy
rs2088885,risperidone,TNIK,PharmGKB_VA,VA,efficacy
rs1876828,fluticasone propionate,CRHR1,PharmGKB_VA,VA,efficacy
rs2617102,metformin,CSMD1,PharmGKB_VA,VA,efficacy
rs1876829,fluticasone propionate,CRHR1,PharmGKB_VA,VA,efficacy
rs739645,fluticasone propionate,CRHR1,PharmGKB_VA,VA,efficacy
rs9923231,warfarin,VKORC1,PharmGKB_VA,VA,dosage
rs3812718,carbamazepine,SCN1A,PharmGKB_VA,VA,metabolism/pk
rs2108622,warfarin,CYP4F2,PharmGKB_VA,VA,dosage
rs2860840,voriconazole,CYP2C18,PharmGKB_VA,VA,metabolism/pk
rs11188059,voriconazole,CYP2C18,PharmGKB_VA,VA,metabolism/pk
rs1045642,remifentanil,ABCB1,PharmGKB_VA,VA,dosage
rs12714145,warfarin,GGCX,PharmGKB_VA,VA,dosage
rs9934438,warfarin,VKORC1,PharmGKB_VA,VA,dosage
rs1045642,remifentanil,ABCB1,PharmGKB_VA,VA,efficacy
rs1801159,fluorouracil,DPYD,PharmGKB_VA,VA,metabolism/pk
rs9934438,warfarin,VKORC1,PharmGKB_VA,VA,dosage
rs8099917,"peginterferon alfa-2b, ribavirin",IFNL3,PharmGKB_VA,VA,efficacy
rs71647871,clopidogrel,CES1,PharmGKB_VA,VA,metabolism/pk
rs71647871,clopidogrel,CES1,PharmGKB_VA,VA,efficacy
rs3812718,carbamazepine,SCN1A,PharmGKB_VA,VA,metabolism/pk
rs1799971,naltrexone,OPRM1,PharmGKB_VA,VA,efficacy
rs1371097,aspirin,P2RY1,PharmGKB_VA,VA,efficacy
rs1044457,gemcitabine,CMPK1,PharmGKB_VA,VA,efficacy
rs55713253,mercaptopurine,NUDT15,PharmGKB_VA,VA,dosage
rs145008610,"cyclophosphamide, doxorubicin, paclitaxel",ABCC2,PharmGKB_VA,VA,efficacy
rs1142345,"deoxy-thioguanosine triphosphate, thioguanosine triphosphate",TPMT,PharmGKB_VA,VA,metabolism/pk
rs2413739,azathioprine,PACSIN2,PharmGKB_VA,VA,efficacy
rs1045642,clopidogrel carboxylic acid,ABCB1,PharmGKB_VA,VA,metabolism/pk
rs776746,cyclosporine,CYP3A5,PharmGKB_VA,VA,metabolism/pk
rs762551,clozapine,CYP1A2,PharmGKB_VA,VA,metabolism/pk
rs2032582,n-desmethylclozapine,ABCB1,PharmGKB_VA,VA,metabolism/pk
rs6923761,"dulaglutide, liraglutide, semaglutide",GLP1R,PharmGKB_VA,VA,efficacy
rs4149056,n-desmethylclozapine,SLCO1B1,PharmGKB_VA,VA,metabolism/pk
rs3745274,"artemether, lumefantrine",CYP2B6,PharmGKB_VA,VA,efficacy
rs2228502,4-ene valproic acid,CPT1A,PharmGKB_VA,VA,metabolism/pk
rs4673991,methotrexate,ATIC,PharmGKB_VA,VA,efficacy
rs2242480,sufentanil,CYP3A4,PharmGKB_VA,VA,dosage
rs2241766,"hydralazine, methyldopa, nifedipine",ADIPOQ,PharmGKB_VA,VA,efficacy
rs4673993,methotrexate,ATIC,PharmGKB_VA,VA,efficacy
rs2057638,methotrexate,ADA,PharmGKB_VA,VA,efficacy
rs2372536,methotrexate,ATIC,PharmGKB_VA,VA,efficacy
rs6017375,methotrexate,ADA,PharmGKB_VA,VA,efficacy
rs371927,methotrexate,ADA,PharmGKB_VA,VA,efficacy
rs2244613,dabigatran,CES1,PharmGKB_VA,VA,metabolism/pk
rs6923761,sitagliptin,GLP1R,PharmGKB_VA,VA,efficacy
rs1042717,salbutamol,ADRB2,PharmGKB_VA,VA,efficacy
rs1042714,salbutamol,ADRB2,PharmGKB_VA,VA,efficacy
rs7754840,dipeptidyl peptidase 4 (dpp-4) inhibitors,CDKAL1,PharmGKB_VA,VA,efficacy
rs7756992,dipeptidyl peptidase 4 (dpp-4) inhibitors,CDKAL1,PharmGKB_VA,VA,efficacy
rs6923761,"sitagliptin, vildagliptin",GLP1R,PharmGKB_VA,VA,efficacy
rs7943316,hydroxyurea,CAT,PharmGKB_VA,VA,efficacy
rs35599367,tacrolimus,CYP3A4,PharmGKB_VA,VA,dosage
rs2472297,clozapine,CYP1A1,PharmGKB_VA,VA,metabolism/pk
rs3785143,apixaban,SLC6A2,PharmGKB_VA,VA,metabolism/pk
rs2740574,tacrolimus,CYP3A4,PharmGKB_VA,VA,dosage
rs2292334,antidepressants,SLC22A3,PharmGKB_VA,VA,dosage
rs2298720,hydroxyurea,SLC14A1,PharmGKB_VA,VA,efficacy
rs11549465,"cisplatin, gemcitabine, pemetrexed",HIF1A,PharmGKB_VA,VA,efficacy
rs4410790,"""1,7-dimethylxanthine"", ""caffeine""",AHR,PharmGKB_VA,VA,metabolism/pk
rs35599367,silodosin,CYP3A4,PharmGKB_VA,VA,metabolism/pk
rs7439366,silodosin,UGT2B7,PharmGKB_VA,VA,metabolism/pk
rs60561071,mercaptopurine,GNAQ,PharmGKB_VA,VA,dosage
rs6827692,"clozapine, n-desmethylclozapine",UGT2B7,PharmGKB_VA,VA,metabolism/pk
rs3892097,hydroxyurea,CYP2D6,PharmGKB_VA,VA,efficacy
rs1001179,hydroxyurea,CAT,PharmGKB_VA,VA,efficacy
rs3732218,n-desmethylclozapine,UGT1A10,PharmGKB_VA,VA,metabolism/pk
rs2472297,"""1,7-dimethylxanthine"", ""caffeine""",CYP1A1,PharmGKB_VA,VA,metabolism/pk
rs56113850,"""1,7-dimethylxanthine"", ""caffeine""",CYP2A6,PharmGKB_VA,VA,metabolism/pk
rs1860561,empagliflozin,ATP2A2,PharmGKB_VA,VA,efficacy
rs2032582,levomethadone,ABCB1,PharmGKB_VA,VA,metabolism/pk
rs3745274,levomethadone,CYP2B6,PharmGKB_VA,VA,metabolism/pk
rs2472297,"clozapine, n-desmethylclozapine",CYP1A1,PharmGKB_VA,VA,metabolism/pk
rs1042713,mepolizumab,ADRB2,PharmGKB_VA,VA,efficacy
rs11572080,"corticosteroids, montelukast",CYP2C8,PharmGKB_VA,VA,efficacy
rs6265,empagliflozin,BDNF,PharmGKB_VA,VA,efficacy
rs2307424,levomethadone,NR1I3,PharmGKB_VA,VA,metabolism/pk
rs3003596,levomethadone,NR1I3,PharmGKB_VA,VA,metabolism/pk
rs2472297,clozapine,CYP1A1,PharmGKB_VA,VA,metabolism/pk
rs28379954,clozapine,NFIB,PharmGKB_VA,VA,metabolism/pk
rs15524,tacrolimus,CYP3A5,PharmGKB_VA,VA,metabolism/pk
rs776744,tacrolimus,CYP3A7,PharmGKB_VA,VA,metabolism/pk
rs1799971,sufentanil,OPRM1,PharmGKB_VA,VA,dosage
rs1045642,dimolegin,ABCB1,PharmGKB_VA,VA,metabolism/pk
rs4148738,dabigatran,ABCB1,PharmGKB_VA,VA,metabolism/pk
rs10000284,n-desmethylclozapine,,PharmGKB_VA,VA,metabolism/pk
rs191385826,clozapine,,PharmGKB_VA,VA,metabolism/pk
rs61750900,"clozapine, n-desmethylclozapine",UGT2B10,PharmGKB_VA,VA,metabolism/pk
rs835309,"clozapine, n-desmethylclozapine",UGT2B10,PharmGKB_VA,VA,metabolism/pk
rs793391,"budesonide, corticosteroids",SUMF1,PharmGKB_VA,VA,efficacy
rs2273697,apixaban,ABCC2,PharmGKB_VA,VA,metabolism/pk
rs2740574,apixaban,CYP3A4,PharmGKB_VA,VA,metabolism/pk
rs72552763,apixaban,SLC22A1,PharmGKB_VA,VA,metabolism/pk
rs3093200,apixaban,CYP4F2,PharmGKB_VA,VA,metabolism/pk
rs1800497,"bupropion, naltrexone",ANKK1,PharmGKB_VA,VA,efficacy
rs16969968,nicotine,CHRNA5,PharmGKB_VA,VA,dosage
rs2032582,dimolegin,ABCB1,PharmGKB_VA,VA,metabolism/pk
rs1799724,sunitinib,TNF,PharmGKB_VA,VA,metabolism/pk
rs6710015,methylmercaptopurine,XDH,PharmGKB_VA,VA,metabolism/pk
rs2231142,ibrutinib,ABCG2,PharmGKB_VA,VA,metabolism/pk
rs1065852,ibrutinib,CYP2D6,PharmGKB_VA,VA,metabolism/pk
rs1059491,n-desethyl sunitinib,SULT1A2,PharmGKB_VA,VA,metabolism/pk
rs4244285,"cyclophosphamide, docetaxel, doxorubicin",CYP2C19,PharmGKB_VA,VA,efficacy
rs1801246,sunitinib,ATP7B,PharmGKB_VA,VA,metabolism/pk
rs4148254,sunitinib,UGT8,PharmGKB_VA,VA,metabolism/pk
rs4294451,fluorouracil,DPYD,PharmGKB_VA,VA,metabolism/pk
rs3780130,methotrexate,GGH,PharmGKB_VA,VA,metabolism/pk
rs495794,"citalopram, fluoxetine, paroxetine, sertraline",SRP19,PharmGKB_VA,VA,efficacy
rs2231142,allopurinol,ABCG2,PharmGKB_VA,VA,efficacy
rs3814055,asciminib,NR1I2,PharmGKB_VA,VA,metabolism/pk
rs3758149,methotrexate,GGH,PharmGKB_VA,VA,efficacy
rs12248560,thalidomide,CYP2C19,PharmGKB_VA,VA,efficacy
rs3745274,bupropion,CYP2B6,PharmGKB_VA,VA,metabolism/pk
rs762551,pentoxifylline,CYP1A2,PharmGKB_VA,VA,metabolism/pk
rs2069514,pentoxifylline m5,CYP1A2,PharmGKB_VA,VA,metabolism/pk
rs7668258,lamotrigine,UGT2B7,PharmGKB_VA,VA,dosage
rs71647871,6-oxo-methylphenidate,CES1,PharmGKB_VA,VA,metabolism/pk
rs4149032,lamotrigine,SLCO1B1,PharmGKB_VA,VA,metabolism/pk
rs4646437,tacrolimus,CYP3A4,PharmGKB_VA,VA,metabolism/pk
rs5050,"hydrochlorothiazide, valsartan",AGT,PharmGKB_VA,VA,efficacy
rs1799752,"hydrochlorothiazide, valsartan",ACE,PharmGKB_VA,VA,efficacy
rs2032582,tacrolimus,ABCB1,PharmGKB_VA,VA,metabolism/pk
rs776746,tacrolimus,CYP3A5,PharmGKB_VA,VA,metabolism/pk
rs3740066,tacrolimus,ABCC2,PharmGKB_VA,VA,metabolism/pk
rs7412,atorvastatin,APOE,PharmGKB_VA,VA,efficacy
rs2273697,tacrolimus,ABCC2,PharmGKB_VA,VA,metabolism/pk
rs932376,endoxifen,TCF20,PharmGKB_VA,VA,metabolism/pk
rs1544105,methotrexate,FPGS,PharmGKB_VA,VA,efficacy
rs1800497,lithium,ANKK1,PharmGKB_VA,VA,efficacy
rs2244613,dabigatran,CES1,PharmGKB_VA,VA,metabolism/pk
rs8192935,dabigatran,CES1,PharmGKB_VA,VA,metabolism/pk
rs6432860,"carbamazepine, lamotrigine, topiramate",SCN1A,PharmGKB_VA,VA,efficacy
rs80034486,elexacaftor,CFTR,PharmGKB_VA,VA,efficacy
rs80034486,tezacaftor,CFTR,PharmGKB_VA,VA,efficacy
rs80034486,ivacaftor,CFTR,PharmGKB_VA,VA,efficacy
rs10106,methotrexate,FPGS,PharmGKB_VA,VA,efficacy
rs4244285,cyclophosphamide,CYP2C19,PharmGKB_VA,VA,efficacy
rs1695,cyclophosphamide,GSTP1,PharmGKB_VA,VA,efficacy
rs1531379,"carbamazepine, lamotrigine, topiramate",SCN1A,PharmGKB_VA,VA,efficacy
rs10138227,lithium,AKT1,PharmGKB_VA,VA,efficacy
rs962369,lithium,BDNF,PharmGKB_VA,VA,efficacy
rs78408340,glp-1 receptor agonists,PAM,PharmGKB_VA,VA,efficacy
rs3758149,methotrexate polyglutamate,GGH,PharmGKB_VA,VA,metabolism/pk
rs776746,tacrolimus,CYP3A5,PharmGKB_VA,VA,metabolism/pk
rs1045642,tacrolimus,ABCB1,PharmGKB_VA,VA,metabolism/pk
rs776746,tacrolimus,CYP3A5,PharmGKB_VA,VA,metabolism/pk
rs5186,"candesartan, irbesartan, losartan, valsartan",AGTR1,PharmGKB_VA,VA,efficacy
rs1801253,"apraclonidine, atenolol, propranolol",ADRB1,PharmGKB_VA,VA,efficacy
rs5063,"amiloride, hydrochlorothiazide",NPPA,PharmGKB_VA,VA,efficacy
rs1803274,succinylcholine,BCHE,PharmGKB_VA,VA,toxicity
rs2306283,rifampin,SLCO1B1,PharmGKB_VA,VA,metabolism/pk
rs7242593,ustekinumab,TWSG1,PharmGKB_VA,VA,efficacy
rs1065852,"paliperidone, risperidone",CYP2D6,PharmGKB_VA,VA,metabolism/pk
rs1045642,rivaroxaban,ABCB1,PharmGKB_VA,VA,metabolism/pk
rs7195994,"adalimumab, certolizumab pegol, etanercept, golimumab",FTO,PharmGKB_VA,VA,efficacy
rs28399433,"7-hydroxyefavirenz, 7-hydroxyefavirenz glucuronide, 7-hydroxyefavirenz",CYP2A6,PharmGKB_VA,VA,metabolism/pk
rs1045642,atorvastatin,ABCB1,PharmGKB_VA,VA,efficacy
rs1128503,atorvastatin,ABCB1,PharmGKB_VA,VA,efficacy
rs10198801,"gabapentin, levetiracetam, valproic acid",SCN1A,PharmGKB_VA,VA,efficacy
rs3093200,pitavastatin,CYP4F2,PharmGKB_VA,VA,metabolism/pk
rs316019,pitavastatin,SLC22A2,PharmGKB_VA,VA,metabolism/pk
rs9895420,pitavastatin,ABCC3,PharmGKB_VA,VA,metabolism/pk
rs2306168,pitavastatin,SLCO2B1,PharmGKB_VA,VA,metabolism/pk
rs1531378,"carbamazepine, lamotrigine, topiramate",SCN1A,PharmGKB_VA,VA,efficacy
rs1531380,"carbamazepine, lamotrigine, topiramate",SCN1A,PharmGKB_VA,VA,efficacy
rs7975232,cholecalciferol,VDR,PharmGKB_VA,VA,efficacy
rs2243250,salbutamol,IL4,PharmGKB_VA,VA,dosage
rs212090,methotrexate,ABCC1,PharmGKB_VA,VA,efficacy
rs2277624,methotrexate,ABCC3,PharmGKB_VA,VA,efficacy
rs1045642,clopidogrel,ABCB1,PharmGKB_VA,VA,efficacy
rs3745274,efavirenz,CYP2A7P1,PharmGKB_VA,VA,metabolism/pk
rs3888190,low density lipoprotein,SH2B1,PharmGKB_VA,VA,other
rs1799971,opioids,OPRM1,PharmGKB_VA,VA,dosage
rs2032582,perampanel,ABCB1,PharmGKB_VA,VA,efficacy
rs2032582,perampanel,ABCB1,PharmGKB_VA,VA,efficacy
rs1045642,perampanel,ABCB1,PharmGKB_VA,VA,efficacy
rs1800629,"adalimumab, etanercept, infliximab",TNF,PharmGKB_VA,VA,efficacy
rs1042713,corticosteroids,ADRB2,PharmGKB_VA,VA,efficacy
rs4857855,omalizumab,GATA2,PharmGKB_VA,VA,efficacy
rs4980524,"corticosteroids, salbutamol",STIP1,PharmGKB_VA,VA,efficacy
rs573790,omalizumab,MS4A2,PharmGKB_VA,VA,efficacy
rs730012,"budesonide, formoterol",LTC4S,PharmGKB_VA,VA,efficacy
rs1799752,"hydrochlorothiazide, valsartan",ACE,PharmGKB_VA,VA,efficacy
rs2540487,"budesonide, formoterol",LTA4H,PharmGKB_VA,VA,efficacy
rs2305089,"budesonide, formoterol",TBXT,PharmGKB_VA,VA,efficacy
rs2821557,perampanel,KCNA3,PharmGKB_VA,VA,efficacy
rs1555716175,vedolizumab,MADCAM1,PharmGKB_VA,VA,efficacy
rs2821557,perampanel,KCNA3,PharmGKB_VA,VA,metabolism/pk
rs758941486,vedolizumab,MADCAM1,PharmGKB_VA,VA,efficacy
rs1128503,venetoclax,ABCB1,PharmGKB_VA,VA,metabolism/pk
